call_id,caller,callee,timestamp,duration_sec,call_type,tower_location,imei
C002393,9793681218,9553207492,2026-01-01 00:06:55,626,VOICE,Bhiwandi,355582551110274
C001790,9905406416,6057175033,2026-01-01 09:51:11,642,VOICE,Worli,357042430169924
C000140,9374128579,6324779857,2026-01-01 10:51:57,296,VOICE,Kalbadevi,352116700760695
C002107,7113261119,6896001550,2026-01-01 12:01:05,91,VOICE,Bhiwandi,357365743286792
C000438,8809385077,7145980393,2026-01-01 12:17:07,313,VOICE,Ghatkopar,359753445712105
C001631,8049689229,8803876077,2026-01-01 12:28:03,729,VOICE,Panvel,353040453877407
C001761,6422210580,7255549094,2026-01-01 13:28:03,764,VOICE,Sewri,353511414705530
C000297,8803876077,8633254907,2026-01-01 13:39:49,258,VOICE,Worli,359748262942044
C001202,9462726847,7361747245,2026-01-01 15:10:20,339,VOICE,Kondhwa,352940475894775
C000034,8410062361,6874756217,2026-01-01 15:53:21,607,VOICE,Bandra West,356361318822301
C001055,7041867290,7684964862,2026-01-01 16:02:29,181,VOICE,Vasco da Gama,356593787039174
C002054,6070587565,7684964862,2026-01-01 16:06:53,798,VOICE,Mumbra,350235731179539
C001962,9782002283,9462726847,2026-01-01 18:11:53,226,VOICE,Mira Road,355553971859411
C000345,6269714996,9765846476,2026-01-01 20:51:24,400,VOICE,Alibaug,351922038881659
C002667,8040571307,6749574551,2026-01-01 21:39:00,237,SMS,Andheri East,353032436554175
C001067,8621681069,6057175033,2026-01-01 21:51:32,311,VOICE,Uran,358095674604257
C000462,7807849269,9462726847,2026-01-01 22:48:30,878,VOICE,Surat,353312188116800
C002404,9793681218,9553207492,2026-01-01 23:48:37,213,VOICE,Bhiwandi,355582551110274
C002620,7164355506,6269714996,2026-01-02 01:07:42,727,VOICE,Dharavi,357504221689632
C001576,7960611844,6324779857,2026-01-02 07:14:13,344,SMS,Nagpada,354323882051646
C001143,7728161355,8563171143,2026-01-02 07:18:01,234,VOICE,Mumbra,352515011016845
C001583,8413064207,6783091866,2026-01-02 07:21:26,808,VOICE,Sewri,356363981391785
C000794,7840178422,8309143244,2026-01-02 07:27:55,828,SMS,Bandra West,353415828385983
C000881,9374128579,9265641111,2026-01-02 07:34:48,147,VOICE,Kalbadevi,352116700760695
C002017,9439133425,8049689229,2026-01-02 08:15:33,854,SMS,Kondhwa,352863979633543
C002664,7990380175,8263114372,2026-01-02 09:46:50,195,VOICE,Kalbadevi,354406340434749
C000776,9448375856,6451864322,2026-01-02 10:40:05,465,SMS,Byculla,352890665759879
C000826,6874756217,9439133425,2026-01-02 11:20:35,896,SMS,Chembur,357062463948703
C002413,9248246355,6295445353,2026-01-02 11:31:22,408,VOICE,Mira Road,351184852310268
C002277,9793681218,8531529175,2026-01-02 12:38:24,621,VOICE,Bhiwandi,355582551110274
C001682,6422210580,9117554523,2026-01-02 15:58:02,45,SMS,Sewri,353511414705530
C002175,7255549094,8014428249,2026-01-02 17:12:26,732,VOICE,Sewri,358330544066060
C000955,6057175033,8908958826,2026-01-02 17:52:51,878,VOICE,Thane,350186802972477
C000420,8435190744,7728161355,2026-01-02 17:54:19,537,VOICE,Vashi,356420812912845
C002125,9446293690,6070587565,2026-01-02 17:54:56,432,VOICE,Andheri East,352888863909022
C001107,6749574551,7255549094,2026-01-02 19:05:30,50,VOICE,Surat,356131417119493
C001725,9156069125,7580593773,2026-01-02 20:08:57,474,VOICE,Vasco da Gama,350357643555674
C000894,7113261119,6749574551,2026-01-02 20:19:47,862,VOICE,Bhiwandi,357365743286792
C000465,9614393430,9156069125,2026-01-02 20:43:56,316,VOICE,Kalbadevi,354510361761252
C000699,7819703036,9738535633,2026-01-02 21:52:35,893,SMS,Surat,353341443234274
C001112,7684964862,9374128579,2026-01-02 21:55:42,197,VOICE,Vasco da Gama,351823874776760
C002636,7556029118,7145980393,2026-01-02 22:23:38,546,SMS,Ghatkopar,350889959689984
C002449,7990380175,8040571307,2026-01-03 07:15:03,70,SMS,Kalbadevi,354406340434749
C002259,8531529175,9793681218,2026-01-03 07:36:21,324,VOICE,Nagpada,357270262249966
C000867,8263114372,7422391172,2026-01-03 08:55:50,267,SMS,Vasco da Gama,354795786400177
C002088,8621681069,6324779857,2026-01-03 09:34:06,821,VOICE,Uran,358095674604257
C001707,7728161355,8435190744,2026-01-03 10:19:33,887,SMS,Mumbra,352515011016845
C001780,8803876077,8049689229,2026-01-03 12:13:34,388,VOICE,Worli,359748262942044
C001198,8309143244,9446293690,2026-01-03 12:56:33,96,VOICE,Malad,355488929514758
C001286,6919342369,8410062361,2026-01-03 13:07:38,451,VOICE,Chembur,357754601261712
C001976,8263114372,7422391172,2026-01-03 14:02:51,399,VOICE,Vasco da Gama,354795786400177
C000678,7145980393,6451864322,2026-01-03 14:12:39,742,VOICE,Chembur,357450258359959
C001886,8908958826,7017959495,2026-01-03 14:19:20,674,VOICE,Sewri,350605618347113
C001113,9614393430,6783091866,2026-01-03 15:04:10,862,VOICE,Kalbadevi,354510361761252
C001414,8698373788,8563171143,2026-01-03 15:10:22,346,VOICE,Thane,358294388684197
C001724,6057175033,8621681069,2026-01-03 15:28:52,707,SMS,Thane,350186802972477
C001085,8014428249,8413064207,2026-01-03 16:44:08,176,VOICE,Surat,352953415687512
C002493,9085160582,8211132866,2026-01-03 17:05:00,606,SMS,Surat,359586431221944
C002287,9793681218,8531529175,2026-01-03 19:09:57,418,SMS,Bhiwandi,355582551110274
C001445,6896001550,7113261119,2026-01-03 19:19:04,46,SMS,Ulhasnagar,357119059016670
C000457,7113261119,9765846476,2026-01-03 19:35:21,216,SMS,Bhiwandi,357365743286792
C002517,6509398630,8211132866,2026-01-03 19:43:24,821,VOICE,Borivali,354315529296969
C001404,8908958826,9376306192,2026-01-03 20:11:20,541,VOICE,Sewri,350605618347113
C000363,7422391172,7160292010,2026-01-03 20:19:03,551,VOICE,Mira Road,359951072909438
C000693,7255549094,6749574551,2026-01-03 20:20:12,240,VOICE,Sewri,358330544066060
C001336,7840178422,8309143244,2026-01-03 20:40:45,861,SMS,Bandra West,353415828385983
C001270,9932435933,7274556629,2026-01-03 21:33:16,263,VOICE,Nagpada,357122308246850
C002309,8531529175,6295445353,2026-01-04 01:30:34,864,VOICE,Nagpada,357270262249966
C001905,7274556629,8918353735,2026-01-04 07:05:28,169,VOICE,Kalbadevi,358384682630303
C001305,6698231223,6000839065,2026-01-04 08:21:21,866,VOICE,Vasco da Gama,355415111975042
C000069,6874756217,7580593773,2026-01-04 08:31:21,501,VOICE,Chembur,357062463948703
C000150,6698231223,6000839065,2026-01-04 08:55:18,523,VOICE,Vasco da Gama,355415111975042
C000792,9765846476,8504779734,2026-01-04 10:22:00,838,VOICE,Panvel,355501841990582
C001688,7902659660,6783091866,2026-01-04 10:23:58,335,VOICE,Bhiwandi,354160585304890
C000829,6000839065,6698231223,2026-01-04 16:26:57,205,VOICE,Mumbra,350043224205387
C002165,9614393430,6783091866,2026-01-04 18:08:15,278,VOICE,Kalbadevi,354510361761252
C000827,9738535633,6057175033,2026-01-04 18:21:05,681,SMS,Thane,355421879820322
C001762,7145980393,9782002283,2026-01-04 19:10:37,49,VOICE,Chembur,357450258359959
C001396,7580593773,7274556629,2026-01-04 21:24:01,560,VOICE,Dongri,350967321947834
C002371,9248246355,8531529175,2026-01-05 07:06:03,521,VOICE,Mira Road,351184852310268
C002463,8211132866,7990380175,2026-01-05 08:37:54,105,SMS,Bandra West,354656450114498
C000403,9905406416,6324779857,2026-01-05 09:54:10,756,SMS,Worli,357042430169924
C002416,9248246355,6295445353,2026-01-05 10:39:21,213,VOICE,Mira Road,351184852310268
C001337,8309143244,7840178422,2026-01-05 11:53:20,671,VOICE,Malad,355488929514758
C000524,7684964862,7807849269,2026-01-05 11:56:04,92,VOICE,Vasco da Gama,351823874776760
C002157,7819703036,9738535633,2026-01-05 12:49:29,46,VOICE,Surat,353341443234274
C001837,8509938173,9932435933,2026-01-05 13:52:22,849,SMS,Sewri,357194939847413
C000455,6919342369,6896001550,2026-01-05 13:53:07,763,SMS,Chembur,357754601261712
C000480,6896001550,8614005020,2026-01-05 16:28:40,537,VOICE,Ulhasnagar,357119059016670
C000548,6000839065,9601811727,2026-01-05 16:53:58,184,VOICE,Mumbra,350043224205387
C000556,8484451242,9376306192,2026-01-05 16:55:09,67,VOICE,Andheri East,356557570698072
C001392,7145980393,6422210580,2026-01-05 17:30:54,807,SMS,Chembur,357450258359959
C000638,7274556629,8918353735,2026-01-05 18:37:43,64,VOICE,Kalbadevi,358384682630303
C000446,7684964862,6070587565,2026-01-05 18:47:12,229,VOICE,Vasco da Gama,351823874776760
C002283,9793681218,8531529175,2026-01-05 20:15:43,591,VOICE,Bhiwandi,355582551110274
C001377,7422391172,9117554523,2026-01-05 21:06:25,814,VOICE,Mira Road,359951072909438
C002185,6896001550,6070587565,2026-01-05 21:26:41,430,VOICE,Ulhasnagar,357119059016670
C000932,7840178422,8309143244,2026-01-05 22:57:00,719,VOICE,Bandra West,353415828385983
C002347,8531529175,7164355506,2026-01-06 02:19:04,335,SMS,Nagpada,357270262249966
C002227,7497869350,8573287057,2026-01-06 03:16:41,169,VOICE,Nagpada,350148239341998
C002406,9793681218,9553207492,2026-01-06 08:32:56,82,VOICE,Bhiwandi,355582551110274
C000538,8712530467,7422391172,2026-01-06 08:56:49,765,VOICE,Nagpada,358921907258563
C000442,7422391172,7160292010,2026-01-06 09:48:42,368,SMS,Mira Road,359951072909438
C000985,8309143244,7840178422,2026-01-06 10:51:19,272,VOICE,Malad,355488929514758
C001182,7819703036,9446293690,2026-01-06 11:46:39,584,VOICE,Surat,353341443234274
C001086,8563171143,7017959495,2026-01-06 13:28:40,714,SMS,Borivali,357354464962239
C000519,6783091866,9614393430,2026-01-06 13:51:40,604,VOICE,Nhava Sheva,356236001168684
C001280,7487467081,7361747245,2026-01-06 14:56:41,173,VOICE,Surat,350120612148912
C000982,6269714996,9765846476,2026-01-06 15:18:17,291,VOICE,Alibaug,351922038881659
C000294,8410062361,7255549094,2026-01-06 15:58:40,142,SMS,Bandra West,356361318822301
C000611,6749574551,9374128579,2026-01-06 16:27:34,635,SMS,Surat,356131417119493
C002366,8531529175,9248246355,2026-01-06 18:51:05,216,VOICE,Nagpada,357270262249966
C000622,9374128579,6324779857,2026-01-06 21:00:28,431,VOICE,Kalbadevi,352116700760695
C001998,9439133425,6749574551,2026-01-06 21:39:26,899,VOICE,Kondhwa,352863979633543
C000997,8435190744,8413064207,2026-01-06 21:50:14,115,VOICE,Vashi,356420812912845
C002262,8531529175,9793681218,2026-01-06 22:38:55,343,VOICE,Nagpada,357270262249966
C002234,7497869350,8573287057,2026-01-07 00:03:03,28,VOICE,Nagpada,350148239341998
C000273,6896001550,9439133425,2026-01-07 07:01:31,734,VOICE,Ulhasnagar,357119059016670
C001865,6000839065,8563171143,2026-01-07 07:29:27,889,VOICE,Mumbra,350043224205387
C001985,7819703036,6422210580,2026-01-07 08:06:34,600,VOICE,Surat,353341443234274
C001049,7960611844,6749574551,2026-01-07 09:50:12,868,VOICE,Nagpada,354323882051646
C000623,6698231223,7840178422,2026-01-07 10:13:50,775,VOICE,Vasco da Gama,355415111975042
C002586,8068707468,8040571307,2026-01-07 11:34:44,326,SMS,Kalyan,353094612785394
C000225,8563171143,6422210580,2026-01-07 11:59:10,594,SMS,Borivali,357354464962239
C000633,8698373788,8918353735,2026-01-07 12:34:45,851,VOICE,Thane,358294388684197
C000994,7422391172,7684964862,2026-01-07 12:40:13,467,SMS,Mira Road,359951072909438
C001695,9738535633,7542743490,2026-01-07 13:39:56,898,VOICE,Thane,355421879820322
C001283,9932435933,9439133425,2026-01-07 14:56:03,48,VOICE,Nagpada,357122308246850
C000527,6000839065,8563171143,2026-01-07 16:24:32,270,VOICE,Mumbra,350043224205387
C000042,9765846476,6896001550,2026-01-07 17:16:20,197,VOICE,Panvel,355501841990582
C000272,9374128579,6324779857,2026-01-07 18:23:38,465,VOICE,Kalbadevi,352116700760695
C002027,6000839065,9601811727,2026-01-07 18:26:13,708,VOICE,Mumbra,350043224205387
C001619,7819703036,6422210580,2026-01-07 19:32:20,871,SMS,Surat,353341443234274
C001723,8918353735,7274556629,2026-01-07 22:46:33,186,SMS,Bhiwandi,350632959036432
C002691,971501234567,8573287057,2026-01-08 03:34:53,62,VOICE,Dongri,354849163193286
C002102,8614005020,8698373788,2026-01-08 09:24:44,260,VOICE,Panvel,358070645457146
C001706,9738535633,9376306192,2026-01-08 09:51:31,60,VOICE,Thane,355421879820322
C001452,9448375856,8614005020,2026-01-08 10:55:23,763,SMS,Byculla,352890665759879
C001606,9446293690,9156069125,2026-01-08 11:02:17,818,VOICE,Andheri East,352888863909022
C002230,8573287057,7497869350,2026-01-08 11:38:56,466,VOICE,Dongri,357382007306842
C000159,9601811727,6000839065,2026-01-08 13:53:20,742,VOICE,Bhiwandi,354480322336962
C000183,7041867290,8809385077,2026-01-08 14:27:53,226,SMS,Vasco da Gama,356593787039174
C000399,6783091866,8712530467,2026-01-08 15:01:34,185,SMS,Nhava Sheva,356236001168684
C000861,8504779734,7728161355,2026-01-08 16:31:03,191,VOICE,Alibaug,357190448800224
C002215,8573287057,7497869350,2026-01-08 16:54:23,790,VOICE,Dongri,357382007306842
C000614,9905406416,6057175033,2026-01-08 17:13:16,885,VOICE,Worli,357042430169924
C000940,9439133425,8014428249,2026-01-08 17:41:53,165,VOICE,Kondhwa,352863979633543
C000022,9265641111,6783091866,2026-01-08 19:04:58,583,VOICE,Kurla,351237329393046
C002580,8531529175,8068707468,2026-01-08 19:59:14,302,VOICE,Nagpada,357270262249966
C001227,6070587565,8809385077,2026-01-08 20:51:48,714,VOICE,Mumbra,350235731179539
C001152,8413064207,8621681069,2026-01-08 22:00:23,199,VOICE,Sewri,356363981391785
C001046,7017959495,7160292010,2026-01-08 22:21:35,276,SMS,Malad,356516601986066
C000482,9117554523,6422210580,2026-01-08 22:40:41,788,VOICE,Vashi,350248622680032
C002232,8573287057,7497869350,2026-01-09 01:22:44,333,VOICE,Dongri,357382007306842
C002718,6287719839,7497869350,2026-01-09 04:00:00,58,VOICE,Nagpada,350148239341998
C002171,8698373788,8504779734,2026-01-09 07:12:09,473,SMS,Thane,358294388684197
C000149,7145980393,6422210580,2026-01-09 08:07:46,607,VOICE,Chembur,357450258359959
C002038,9156069125,9614393430,2026-01-09 08:09:05,608,SMS,Vasco da Gama,350357643555674
C001552,8410062361,6874756217,2026-01-09 08:19:45,834,VOICE,Bandra West,356361318822301
C001323,9932435933,9439133425,2026-01-09 08:33:48,735,SMS,Nagpada,357122308246850
C002182,7145980393,9376306192,2026-01-09 08:55:53,124,VOICE,Chembur,357450258359959
C001546,9905406416,8809385077,2026-01-09 10:45:08,278,VOICE,Worli,357042430169924
C001147,9290363962,7160292010,2026-01-09 11:04:41,346,VOICE,Powai,351315345743989
C000773,8712530467,8504779734,2026-01-09 11:53:56,478,VOICE,Nagpada,358921907258563
C000532,8712530467,6783091866,2026-01-09 12:41:31,832,VOICE,Nagpada,358921907258563
C000965,7728161355,8410062361,2026-01-09 14:04:32,182,VOICE,Mumbra,352515011016845
C000386,9601811727,6451864322,2026-01-09 14:06:48,261,VOICE,Bhiwandi,354480322336962
C002093,8712530467,8614005020,2026-01-09 14:45:15,789,VOICE,Nagpada,358921907258563
C001547,9462726847,9117554523,2026-01-09 15:00:55,653,SMS,Kondhwa,352940475894775
C002282,8531529175,9793681218,2026-01-09 15:04:18,274,VOICE,Nagpada,357270262249966
C001796,9782002283,9765846476,2026-01-09 15:25:28,705,VOICE,Mira Road,355553971859411
C000646,8563171143,8263114372,2026-01-09 15:43:09,325,VOICE,Borivali,357354464962239
C001330,7041867290,8809385077,2026-01-09 16:38:16,759,VOICE,Vasco da Gama,356593787039174
C000733,9601811727,6451864322,2026-01-09 17:56:04,430,VOICE,Bhiwandi,354480322336962
C002717,6287719839,7497869350,2026-01-09 19:00:00,52,VOICE,Nagpada,350148239341998
C001458,8621681069,8413064207,2026-01-09 19:27:51,558,VOICE,Uran,358095674604257
C000001,8563171143,7960611844,2026-01-09 20:55:07,749,SMS,Borivali,357354464962239
C000487,9439133425,8413064207,2026-01-09 21:05:12,40,VOICE,Kondhwa,352863979633543
C001795,9614393430,9601811727,2026-01-09 21:37:58,268,VOICE,Kalbadevi,354510361761252
C001095,8484451242,8504779734,2026-01-09 22:06:28,413,VOICE,Andheri East,356557570698072
C001766,9448375856,7807849269,2026-01-09 22:31:13,301,VOICE,Byculla,352890665759879
C001722,7041867290,6000839065,2026-01-09 22:36:53,451,VOICE,Vasco da Gama,356593787039174
C001729,8809385077,8413064207,2026-01-09 22:56:15,125,VOICE,Ghatkopar,359753445712105
C002243,8573287057,6673937340,2026-01-10 03:47:05,61,SMS,Dongri,357382007306842
C002715,6287719839,7497869350,2026-01-10 04:00:00,58,SMS,Nagpada,350148239341998
C002346,8531529175,7164355506,2026-01-10 07:00:30,579,VOICE,Nagpada,357270262249966
C001983,7840178422,6698231223,2026-01-10 07:10:51,869,VOICE,Bandra West,353415828385983
C002127,7580593773,9156069125,2026-01-10 07:19:09,634,VOICE,Dongri,350967321947834
C000232,7113261119,8563171143,2026-01-10 08:19:05,179,SMS,Bhiwandi,357365743286792
C002117,9601811727,8014428249,2026-01-10 08:53:14,688,VOICE,Bhiwandi,354480322336962
C001451,7017959495,7160292010,2026-01-10 09:00:05,721,VOICE,Malad,356516601986066
C000663,7902659660,7422391172,2026-01-10 09:13:59,270,VOICE,Bhiwandi,354160585304890
C001171,9265641111,8918353735,2026-01-10 10:10:27,28,VOICE,Kurla,351237329393046
C000546,8014428249,7255549094,2026-01-10 11:29:47,350,VOICE,Surat,352953415687512
C002487,8211132866,8040571307,2026-01-10 11:43:55,764,VOICE,Bandra West,354656450114498
C001859,9290363962,6749574551,2026-01-10 11:46:30,623,VOICE,Powai,351315345743989
C002716,6287719839,7497869350,2026-01-10 15:00:00,25,SMS,Nagpada,350148239341998
C002174,9448375856,8504779734,2026-01-10 16:14:21,413,VOICE,Byculla,352890665759879
C002587,8068707468,8040571307,2026-01-10 17:20:14,900,SMS,Kalyan,353094612785394
C000939,9374128579,7684964862,2026-01-10 18:56:28,317,VOICE,Kalbadevi,352116700760695
C001050,7807849269,7684964862,2026-01-10 19:27:42,792,VOICE,Surat,353312188116800
C000707,7160292010,7422391172,2026-01-10 21:17:05,417,VOICE,Mira Road,357500646645688
C000641,8633254907,7361747245,2026-01-11 07:06:57,257,VOICE,Kurla,358124845036397
C000927,7255549094,6057175033,2026-01-11 07:58:44,800,VOICE,Sewri,358330544066060
C001301,6422210580,8413064207,2026-01-11 08:09:40,416,VOICE,Sewri,353511414705530
C001960,6269714996,8263114372,2026-01-11 09:19:14,640,SMS,Alibaug,351922038881659
C001518,8908958826,9376306192,2026-01-11 09:32:56,86,VOICE,Sewri,350605618347113
C000215,9446293690,8309143244,2026-01-11 10:27:05,273,VOICE,Andheri East,352888863909022
C000148,9905406416,8614005020,2026-01-11 10:32:02,200,VOICE,Worli,357042430169924
C002472,8211132866,7990380175,2026-01-11 12:42:37,23,VOICE,Bandra West,354656450114498
C000549,9448375856,6451864322,2026-01-11 14:09:54,864,SMS,Byculla,352890665759879
C001614,8014428249,7255549094,2026-01-11 15:18:21,59,VOICE,Surat,352953415687512
C002595,8531529175,9374128579,2026-01-11 15:44:38,833,VOICE,Nagpada,357270262249966
C000721,8263114372,6269714996,2026-01-11 15:45:43,81,SMS,Vasco da Gama,354795786400177
C002018,9601811727,9265641111,2026-01-11 15:50:43,366,VOICE,Bhiwandi,354480322336962
C001312,9448375856,6451864322,2026-01-11 16:10:25,280,SMS,Byculla,352890665759879
C001756,9376306192,9290363962,2026-01-11 17:08:02,286,VOICE,Dongri,352118531115946
C001053,8614005020,9290363962,2026-01-11 17:26:14,516,SMS,Panvel,358070645457146
C001418,8563171143,6422210580,2026-01-11 17:49:54,821,VOICE,Borivali,357354464962239
C000889,8621681069,6698231223,2026-01-11 18:55:03,448,VOICE,Uran,358095674604257
C000822,6269714996,9932435933,2026-01-11 19:30:34,651,VOICE,Alibaug,351922038881659
C002712,9793681218,9553207492,2026-01-11 20:00:00,118,VOICE,Panvel,355582551110274
C002706,9793681218,9553207492,2026-01-11 20:44:00,72,VOICE,Panvel,355582551110274
C000805,8435190744,8413064207,2026-01-11 20:50:00,65,VOICE,Vashi,356420812912845
C002711,6287719839,9793681218,2026-01-11 21:02:00,187,VOICE,Panvel,350148239341998
C002696,9793681218,9553207492,2026-01-11 21:13:00,118,VOICE,Uran,355582551110274
C000683,9446293690,8014428249,2026-01-11 21:20:28,247,VOICE,Andheri East,352888863909022
C002705,6287719839,9793681218,2026-01-11 21:28:00,200,VOICE,Panvel,350148239341998
C002701,9793681218,9553207492,2026-01-11 21:49:00,186,VOICE,Uran,355582551110274
C001530,8621681069,7819703036,2026-01-11 22:20:11,112,VOICE,Uran,358095674604257
C002697,6287719839,9553207492,2026-01-11 22:28:00,71,VOICE,Panvel,350148239341998
C002713,6287719839,9793681218,2026-01-11 23:20:00,71,VOICE,Uran,350148239341998
C002276,8531529175,9793681218,2026-01-12 00:01:34,760,VOICE,Nagpada,357270262249966
C002699,6287719839,9553207492,2026-01-12 00:09:00,62,VOICE,Uran,350148239341998
C002704,6287719839,9553207492,2026-01-12 00:35:00,172,VOICE,Uran,350148239341998
C002702,6287719839,9793681218,2026-01-12 01:04:00,69,VOICE,Uran,350148239341998
C002700,6287719839,9553207492,2026-01-12 01:06:00,189,VOICE,Nhava Sheva,350148239341998
C002694,6287719839,9553207492,2026-01-12 01:24:00,140,VOICE,Panvel,350148239341998
C002693,9793681218,9553207492,2026-01-12 02:48:00,88,VOICE,Panvel,355582551110274
C002707,6287719839,9793681218,2026-01-12 03:13:00,133,SMS,Nhava Sheva,350148239341998
C002710,6287719839,9793681218,2026-01-12 03:19:00,179,VOICE,Panvel,350148239341998
C002709,9793681218,9553207492,2026-01-12 03:23:00,135,SMS,Uran,355582551110274
C002703,9793681218,9553207492,2026-01-12 03:35:00,185,VOICE,Panvel,355582551110274
C002695,9793681218,9553207492,2026-01-12 04:13:00,176,VOICE,Panvel,355582551110274
C002708,6287719839,9553207492,2026-01-12 04:27:00,18,VOICE,Uran,350148239341998
C002714,6287719839,9793681218,2026-01-12 04:44:00,143,VOICE,Panvel,350148239341998
C002698,9793681218,9553207492,2026-01-12 04:55:00,236,SMS,Nhava Sheva,355582551110274
C000950,7017959495,9376306192,2026-01-12 07:21:40,188,VOICE,Malad,356516601986066
C000775,8504779734,9265641111,2026-01-12 07:33:02,650,VOICE,Alibaug,357190448800224
C002567,8040571307,7396427122,2026-01-12 07:45:53,359,VOICE,Andheri East,353032436554175
C000055,7684964862,6749574551,2026-01-12 09:40:13,242,VOICE,Vasco da Gama,351823874776760
C001148,6057175033,8309143244,2026-01-12 11:49:22,464,VOICE,Thane,350186802972477
C001393,9765846476,9448375856,2026-01-12 12:50:13,171,VOICE,Panvel,355501841990582
C001333,9374128579,9765846476,2026-01-12 12:54:57,556,VOICE,Kalbadevi,352116700760695
C000421,6896001550,9439133425,2026-01-12 14:53:39,321,SMS,Ulhasnagar,357119059016670
C000188,7017959495,8563171143,2026-01-12 15:38:56,639,VOICE,Malad,356516601986066
C001852,7807849269,9462726847,2026-01-12 15:42:51,264,VOICE,Surat,353312188116800
C000735,8309143244,9782002283,2026-01-12 15:52:14,228,SMS,Malad,355488929514758
C000199,8698373788,7684964862,2026-01-12 16:54:35,352,SMS,Thane,358294388684197
C001289,8563171143,8263114372,2026-01-12 20:03:21,258,VOICE,Borivali,357354464962239
C002656,8068707468,9448375856,2026-01-12 20:36:17,69,VOICE,Kalyan,353094612785394
C002006,6749574551,7113261119,2026-01-12 21:13:17,645,SMS,Surat,356131417119493
C001217,7902659660,6749574551,2026-01-12 21:27:17,317,VOICE,Bhiwandi,354160585304890
C000024,9765846476,8049689229,2026-01-12 21:42:20,718,VOICE,Panvel,355501841990582
C001462,7960611844,8263114372,2026-01-12 21:52:45,379,VOICE,Nagpada,354323882051646
C000598,7684964862,6749574551,2026-01-12 22:14:05,693,SMS,Vasco da Gama,351823874776760
C002212,8573287057,7497869350,2026-01-12 22:29:32,417,VOICE,Dongri,357382007306842
C002661,7990380175,7487467081,2026-01-12 22:36:52,673,SMS,Kalbadevi,354406340434749
C000884,8509938173,7542743490,2026-01-13 09:24:43,631,SMS,Sewri,357194939847413
C001701,6896001550,6919342369,2026-01-13 09:40:38,683,VOICE,Ulhasnagar,357119059016670
C001117,8049689229,7017959495,2026-01-13 09:52:41,411,VOICE,Panvel,353040453877407
C001535,9765846476,7819703036,2026-01-13 10:03:40,341,VOICE,Panvel,355501841990582
C001678,7728161355,8263114372,2026-01-13 11:05:50,873,VOICE,Mumbra,352515011016845
C000145,8435190744,6896001550,2026-01-13 12:32:37,259,SMS,Vashi,356420812912845
C000967,9374128579,7684964862,2026-01-13 12:32:46,647,VOICE,Kalbadevi,352116700760695
C001875,7017959495,8014428249,2026-01-13 12:44:45,52,VOICE,Malad,356516601986066
C001188,8410062361,6919342369,2026-01-13 13:01:22,312,VOICE,Bandra West,356361318822301
C002369,8531529175,9248246355,2026-01-13 13:02:45,262,SMS,Nagpada,357270262249966
C002111,9905406416,8614005020,2026-01-13 13:06:24,220,SMS,Worli,357042430169924
C001136,8614005020,8803876077,2026-01-13 13:11:18,100,VOICE,Panvel,358070645457146
C002651,8068707468,8917172888,2026-01-13 13:48:43,734,VOICE,Kalyan,353094612785394
C000786,6874756217,9905406416,2026-01-13 14:30:42,46,VOICE,Chembur,357062463948703
C001191,7113261119,6896001550,2026-01-13 14:48:03,235,VOICE,Bhiwandi,357365743286792
C002546,8531529175,7556029118,2026-01-13 14:51:23,317,VOICE,Nagpada,357270262249966
C001883,7160292010,9765846476,2026-01-13 16:07:13,806,VOICE,Mira Road,357500646645688
C000395,9446293690,8410062361,2026-01-13 16:40:22,867,VOICE,Andheri East,352888863909022
C000868,6783091866,8504779734,2026-01-13 18:08:33,460,VOICE,Nhava Sheva,356236001168684
C000803,8049689229,8803876077,2026-01-13 18:31:16,414,SMS,Panvel,353040453877407
C002514,8211132866,6509398630,2026-01-13 18:44:05,756,SMS,Bandra West,354656450114498
C000760,7361747245,8698373788,2026-01-13 19:38:42,701,VOICE,Powai,359207454903376
C000697,6451864322,7145980393,2026-01-13 21:14:50,780,VOICE,Worli,353593241553751
C001923,9782002283,8504779734,2026-01-13 21:59:56,706,VOICE,Mira Road,355553971859411
C000217,7684964862,9117554523,2026-01-13 22:34:07,217,VOICE,Vasco da Gama,351823874776760
C000734,9439133425,8049689229,2026-01-13 22:42:53,364,VOICE,Kondhwa,352863979633543
C001746,6000839065,6749574551,2026-01-14 07:12:30,473,VOICE,Mumbra,350043224205387
C000380,6451864322,9738535633,2026-01-14 08:57:05,72,VOICE,Worli,353593241553751
C002428,6295445353,9248246355,2026-01-14 09:15:48,596,VOICE,Kurla,352000943616276
C000056,9462726847,7422391172,2026-01-14 09:28:27,885,SMS,Kondhwa,352940475894775
C000844,8049689229,7960611844,2026-01-14 10:39:06,311,SMS,Panvel,353040453877407
C001326,8698373788,7274556629,2026-01-14 11:59:36,328,VOICE,Thane,358294388684197
C000624,9376306192,8509938173,2026-01-14 12:33:07,691,VOICE,Dongri,352118531115946
C001492,7902659660,9738535633,2026-01-14 14:10:38,331,SMS,Bhiwandi,354160585304890
C002012,9765846476,8563171143,2026-01-14 14:50:43,357,VOICE,Panvel,355501841990582
C002014,8809385077,6749574551,2026-01-14 15:17:40,587,VOICE,Ghatkopar,359753445712105
C000906,8049689229,9439133425,2026-01-14 16:23:25,157,SMS,Panvel,353040453877407
C002210,7497869350,8573287057,2026-01-14 16:50:02,177,SMS,Nagpada,350148239341998
C002603,9793681218,6919342369,2026-01-14 16:55:22,73,VOICE,Bhiwandi,355582551110274
C001594,7145980393,8014428249,2026-01-14 17:27:55,362,VOICE,Chembur,357450258359959
C000942,9932435933,7422391172,2026-01-14 18:07:24,355,VOICE,Nagpada,357122308246850
C001441,9446293690,7902659660,2026-01-14 18:54:48,805,VOICE,Andheri East,352888863909022
C002479,7990380175,8211132866,2026-01-14 19:03:21,882,SMS,Kalbadevi,354406340434749
C000933,8698373788,8614005020,2026-01-14 19:36:20,435,VOICE,Thane,358294388684197
C001527,9738535633,8918353735,2026-01-14 19:38:39,271,VOICE,Thane,355421879820322
C000288,6057175033,9905406416,2026-01-14 20:39:19,325,SMS,Thane,350186802972477
C000686,9765846476,7113261119,2026-01-14 21:29:22,707,VOICE,Panvel,355501841990582
C001178,6874756217,6783091866,2026-01-14 21:44:34,889,VOICE,Chembur,357062463948703
C000061,9782002283,8504779734,2026-01-15 08:01:45,369,VOICE,Mira Road,355553971859411
C000726,8633254907,9601811727,2026-01-15 08:30:04,399,SMS,Kurla,358124845036397
C001988,9765846476,6269714996,2026-01-15 10:10:30,779,VOICE,Panvel,355501841990582
C001293,9601811727,8633254907,2026-01-15 11:01:53,531,VOICE,Bhiwandi,354480322336962
C000062,6698231223,7041867290,2026-01-15 11:13:37,721,VOICE,Vasco da Gama,355415111975042
C000613,8413064207,8621681069,2026-01-15 11:23:34,133,VOICE,Sewri,356363981391785
C001196,7422391172,9117554523,2026-01-15 11:35:37,721,VOICE,Mira Road,359951072909438
C001841,7580593773,8614005020,2026-01-15 11:41:42,731,VOICE,Dongri,350967321947834
C000449,7274556629,8918353735,2026-01-15 11:46:33,279,VOICE,Kalbadevi,358384682630303
C001440,6874756217,7807849269,2026-01-15 12:12:37,143,SMS,Chembur,357062463948703
C002450,8040571307,7990380175,2026-01-15 14:31:09,763,VOICE,Andheri East,353032436554175
C002216,8573287057,7497869350,2026-01-15 15:38:15,674,SMS,Dongri,357382007306842
C000736,8504779734,6070587565,2026-01-15 17:29:11,577,SMS,Alibaug,357190448800224
C000161,7361747245,8712530467,2026-01-15 18:05:01,668,VOICE,Powai,359207454903376
C002100,6783091866,6698231223,2026-01-15 18:58:10,879,SMS,Nhava Sheva,356236001168684
C002139,9374128579,9265641111,2026-01-15 21:22:52,867,VOICE,Kalbadevi,352116700760695
C002600,8531529175,8435190744,2026-01-15 22:16:27,779,VOICE,Nagpada,357270262249966
C000364,7728161355,6698231223,2026-01-15 22:26:06,481,VOICE,Mumbra,352515011016845
C002147,6451864322,8049689229,2026-01-15 22:34:10,428,VOICE,Worli,353593241553751
C000495,8410062361,6783091866,2026-01-16 07:24:50,429,VOICE,Bandra West,356361318822301
C000783,8504779734,8633254907,2026-01-16 08:00:18,740,VOICE,Alibaug,357190448800224
C000550,6783091866,8410062361,2026-01-16 09:35:17,868,VOICE,Nhava Sheva,356236001168684
C002632,7556029118,8509938173,2026-01-16 09:42:16,643,VOICE,Ghatkopar,350889959689984
C001162,7960611844,8049689229,2026-01-16 11:51:00,655,SMS,Nagpada,354323882051646
C000448,8809385077,9905406416,2026-01-16 11:58:42,629,VOICE,Ghatkopar,359753445712105
C000458,8413064207,6422210580,2026-01-16 12:15:54,418,SMS,Sewri,356363981391785
C001969,9614393430,6919342369,2026-01-16 12:31:54,21,VOICE,Kalbadevi,354510361761252
C001261,7113261119,8435190744,2026-01-16 13:07:23,315,VOICE,Bhiwandi,357365743286792
C000685,7422391172,9614393430,2026-01-16 17:25:42,83,VOICE,Mira Road,359951072909438
C001890,8410062361,6919342369,2026-01-16 18:32:49,249,VOICE,Bandra West,356361318822301
C001781,8698373788,8803876077,2026-01-16 19:02:21,499,VOICE,Thane,358294388684197
C002114,8614005020,8712530467,2026-01-16 19:17:36,70,VOICE,Panvel,358070645457146
C001536,8263114372,8917172888,2026-01-16 19:51:23,609,VOICE,Vasco da Gama,354795786400177
C002208,8573287057,7497869350,2026-01-16 20:31:43,859,VOICE,Dongri,357382007306842
C000333,7580593773,7542743490,2026-01-16 20:34:42,617,VOICE,Dongri,350967321947834
C001851,9439133425,6749574551,2026-01-16 20:49:29,332,VOICE,Kondhwa,352863979633543
C002079,8614005020,7580593773,2026-01-16 21:22:34,103,SMS,Panvel,358070645457146
C000012,7684964862,6919342369,2026-01-16 21:32:38,682,SMS,Vasco da Gama,351823874776760
C002311,6295445353,8531529175,2026-01-16 21:45:04,481,VOICE,Kurla,352000943616276
C001586,7580593773,7274556629,2026-01-16 22:11:30,479,VOICE,Dongri,350967321947834
C002167,9374128579,7684964862,2026-01-16 22:31:33,384,VOICE,Kalbadevi,352116700760695
C002365,8531529175,9248246355,2026-01-16 23:24:33,262,SMS,Nagpada,357270262249966
C002298,8531529175,6295445353,2026-01-17 01:52:24,506,VOICE,Nagpada,357270262249966
C002291,8531529175,9793681218,2026-01-17 02:49:48,264,VOICE,Nagpada,357270262249966
C000960,7274556629,6749574551,2026-01-17 07:49:47,549,VOICE,Kalbadevi,358384682630303
C000739,6896001550,8435190744,2026-01-17 08:18:35,141,VOICE,Ulhasnagar,357119059016670
C001601,8563171143,8263114372,2026-01-17 09:06:32,493,SMS,Borivali,357354464962239
C000893,6874756217,7361747245,2026-01-17 10:10:29,203,VOICE,Chembur,357062463948703
C002334,7164355506,8531529175,2026-01-17 11:33:59,639,VOICE,Dharavi,357504221689632
C000082,7807849269,6874756217,2026-01-17 13:18:44,24,VOICE,Surat,353312188116800
C001528,6874756217,7580593773,2026-01-17 13:31:13,740,VOICE,Chembur,357062463948703
C001490,7422391172,7487467081,2026-01-17 13:46:55,144,VOICE,Mira Road,359951072909438
C002073,9932435933,9439133425,2026-01-17 14:09:13,817,VOICE,Nagpada,357122308246850
C000326,8263114372,8809385077,2026-01-17 14:09:33,507,VOICE,Vasco da Gama,354795786400177
C001674,6422210580,7145980393,2026-01-17 14:30:41,634,VOICE,Sewri,353511414705530
C000714,8917172888,6783091866,2026-01-17 14:35:19,176,VOICE,Thane,350632016092819
C001045,8614005020,6896001550,2026-01-17 15:14:11,50,VOICE,Panvel,358070645457146
C001687,7819703036,8621681069,2026-01-17 15:40:11,164,VOICE,Surat,353341443234274
C001984,8633254907,8918353735,2026-01-17 16:47:02,197,VOICE,Kurla,358124845036397
C000708,6324779857,9905406416,2026-01-17 19:37:36,891,VOICE,Worli,352660447633248
C000054,8263114372,7728161355,2026-01-17 19:59:18,280,VOICE,Vasco da Gama,354795786400177
C002504,9085160582,8211132866,2026-01-17 20:13:43,439,VOICE,Surat,359586431221944
C002302,8531529175,6295445353,2026-01-18 00:26:12,326,VOICE,Nagpada,357270262249966
C001507,8049689229,7960611844,2026-01-18 10:01:03,412,VOICE,Panvel,353040453877407
C002353,7164355506,8531529175,2026-01-18 10:19:29,48,VOICE,Dharavi,357504221689632
C002173,7840178422,8504779734,2026-01-18 11:31:09,347,VOICE,Bandra West,353415828385983
C002408,9553207492,9793681218,2026-01-18 11:36:16,246,VOICE,Uran,353766596855086
C001740,7960611844,6057175033,2026-01-18 12:13:21,402,VOICE,Nagpada,354323882051646
C000058,9614393430,6783091866,2026-01-18 13:06:31,761,VOICE,Kalbadevi,354510361761252
C002675,9085160582,7840178422,2026-01-18 13:35:27,99,VOICE,Surat,359586431221944
C002617,6295445353,9117554523,2026-01-18 13:59:56,33,VOICE,Kurla,352000943616276
C000833,9374128579,7684964862,2026-01-18 14:57:01,816,SMS,Kalbadevi,352116700760695
C002615,6295445353,6057175033,2026-01-18 17:05:14,613,VOICE,Kurla,352000943616276
C001884,9376306192,6874756217,2026-01-18 18:44:16,132,SMS,Dongri,352118531115946
C001478,6749574551,8484451242,2026-01-18 19:10:02,519,VOICE,Surat,356131417119493
C002497,8211132866,9085160582,2026-01-18 19:17:14,567,VOICE,Bandra West,354656450114498
C001816,9265641111,8484451242,2026-01-18 19:58:01,581,VOICE,Kurla,351237329393046
C001398,8435190744,8803876077,2026-01-18 21:27:44,288,VOICE,Vashi,356420812912845
C000230,9439133425,6874756217,2026-01-18 22:13:00,704,VOICE,Kondhwa,352863979633543
C000308,7487467081,7422391172,2026-01-18 22:43:14,133,VOICE,Surat,350120612148912
C002676,9085160582,9376306192,2026-01-19 01:29:44,761,VOICE,Surat,359586431221944
C001106,7684964862,7041867290,2026-01-19 08:11:57,287,VOICE,Vasco da Gama,351823874776760
C000777,7840178422,6070587565,2026-01-19 08:21:33,824,VOICE,Bandra West,353415828385983
C001199,6422210580,7255549094,2026-01-19 08:43:55,337,VOICE,Sewri,353511414705530
C002425,9248246355,6295445353,2026-01-19 08:52:16,256,SMS,Mira Road,351184852310268
C001915,9439133425,9932435933,2026-01-19 09:10:28,57,VOICE,Kondhwa,352863979633543
C001187,8484451242,9376306192,2026-01-19 10:03:38,427,VOICE,Andheri East,356557570698072
C002135,8698373788,8918353735,2026-01-19 13:51:31,430,VOICE,Thane,358294388684197
C002666,8040571307,7041867290,2026-01-19 14:40:27,29,VOICE,Andheri East,353032436554175
C000905,8435190744,8413064207,2026-01-19 15:56:55,221,VOICE,Vashi,356420812912845
C000525,9738535633,9376306192,2026-01-19 16:02:11,204,SMS,Thane,355421879820322
C000097,8049689229,9439133425,2026-01-19 16:32:27,413,VOICE,Panvel,353040453877407
C002140,7255549094,6422210580,2026-01-19 16:32:39,297,SMS,Sewri,358330544066060
C000644,8809385077,7041867290,2026-01-19 17:10:45,70,SMS,Ghatkopar,359753445712105
C000570,7017959495,7960611844,2026-01-19 19:23:36,216,SMS,Malad,356516601986066
C000511,8621681069,6057175033,2026-01-19 20:12:41,851,VOICE,Uran,358095674604257
C001230,9462726847,7807849269,2026-01-19 20:29:40,711,VOICE,Kondhwa,352940475894775
C001168,7274556629,8918353735,2026-01-19 22:53:34,333,VOICE,Kalbadevi,358384682630303
C002381,9553207492,9793681218,2026-01-20 01:17:57,301,SMS,Uran,353766596855086
C000753,9117554523,6451864322,2026-01-20 07:14:49,273,VOICE,Vashi,350248622680032
C001351,7960611844,9374128579,2026-01-20 07:26:36,674,VOICE,Nagpada,354323882051646
C000676,7255549094,9782002283,2026-01-20 07:29:27,159,VOICE,Sewri,358330544066060
C002420,9248246355,6295445353,2026-01-20 07:34:13,500,SMS,Mira Road,351184852310268
C002063,7960611844,9462726847,2026-01-20 07:51:32,275,SMS,Nagpada,354323882051646
C002126,8309143244,6057175033,2026-01-20 08:21:55,874,SMS,Malad,355488929514758
C000635,7840178422,8504779734,2026-01-20 08:26:39,139,SMS,Bandra West,353415828385983
C000923,7422391172,9614393430,2026-01-20 09:52:45,156,VOICE,Mira Road,359951072909438
C002295,9793681218,8531529175,2026-01-20 10:30:43,740,VOICE,Bhiwandi,355582551110274
C001638,8712530467,9156069125,2026-01-20 11:00:27,483,SMS,Nagpada,358921907258563
C001747,8809385077,7041867290,2026-01-20 12:05:02,746,VOICE,Ghatkopar,359753445712105
C001824,6324779857,8621681069,2026-01-20 12:11:44,366,SMS,Worli,352660447633248
C000703,9446293690,8309143244,2026-01-20 12:23:11,797,VOICE,Andheri East,352888863909022
C000916,7160292010,6451864322,2026-01-20 12:56:17,145,SMS,Mira Road,357500646645688
C000369,6000839065,6451864322,2026-01-20 13:07:02,477,VOICE,Mumbra,350043224205387
C000615,7361747245,8712530467,2026-01-20 15:56:17,91,SMS,Powai,359207454903376
C000176,8614005020,9905406416,2026-01-20 16:56:47,736,SMS,Panvel,358070645457146
C000170,8263114372,7728161355,2026-01-20 17:56:37,160,SMS,Vasco da Gama,354795786400177
C001647,7684964862,9374128579,2026-01-20 18:07:03,714,SMS,Vasco da Gama,351823874776760
C000830,9782002283,9765846476,2026-01-20 18:17:21,42,VOICE,Mira Road,355553971859411
C000372,7542743490,7960611844,2026-01-20 20:57:00,426,VOICE,Worli,350859099136625
C000904,7542743490,6324779857,2026-01-20 22:11:05,659,SMS,Worli,350859099136625
C000508,7819703036,6422210580,2026-01-20 22:17:20,671,VOICE,Surat,353341443234274
C000239,9265641111,7017959495,2026-01-20 22:36:06,727,SMS,Kurla,351237329393046
C000016,6422210580,7819703036,2026-01-20 22:54:58,81,VOICE,Sewri,353511414705530
C001764,7017959495,6000839065,2026-01-20 22:57:23,463,VOICE,Malad,356516601986066
C001911,7113261119,8809385077,2026-01-20 22:58:07,292,VOICE,Bhiwandi,357365743286792
C002261,9793681218,8531529175,2026-01-20 23:03:27,562,VOICE,Bhiwandi,355582551110274
C001012,7819703036,9782002283,2026-01-21 07:39:53,131,SMS,Surat,353341443234274
C000682,9932435933,9439133425,2026-01-21 09:39:48,277,VOICE,Nagpada,357122308246850
C001059,7728161355,8410062361,2026-01-21 10:21:45,778,SMS,Mumbra,352515011016845
C001860,9265641111,9932435933,2026-01-21 11:13:22,70,VOICE,Kurla,351237329393046
C001033,8413064207,6422210580,2026-01-21 11:55:59,221,SMS,Sewri,356363981391785
C001777,7807849269,7017959495,2026-01-21 14:22:58,107,SMS,Surat,353312188116800
C001347,8435190744,7728161355,2026-01-21 14:30:11,289,VOICE,Vashi,356420812912845
C001542,7160292010,8504779734,2026-01-21 14:48:42,698,VOICE,Mira Road,357500646645688
C001520,6324779857,9905406416,2026-01-21 16:28:43,600,VOICE,Worli,352660447633248
C002096,8504779734,8614005020,2026-01-21 16:34:52,89,VOICE,Alibaug,357190448800224
C002129,8309143244,9446293690,2026-01-21 18:10:24,427,VOICE,Malad,355488929514758
C002456,8040571307,7990380175,2026-01-21 18:15:16,723,VOICE,Andheri East,353032436554175
C002503,8211132866,9085160582,2026-01-21 18:57:01,227,VOICE,Bandra West,354656450114498
C001565,7422391172,7487467081,2026-01-21 19:05:39,362,VOICE,Mira Road,359951072909438
C000038,9462726847,8563171143,2026-01-21 21:57:13,719,VOICE,Kondhwa,352940475894775
C002240,8573287057,6673937340,2026-01-22 02:25:17,152,SMS,Dongri,357382007306842
C002639,7396427122,7361747245,2026-01-22 07:44:09,113,VOICE,Chembur,359294342528593
C001810,8633254907,9265641111,2026-01-22 07:58:07,893,VOICE,Kurla,358124845036397
C002598,8531529175,8918353735,2026-01-22 08:10:51,722,SMS,Nagpada,357270262249966
C001369,6422210580,9117554523,2026-01-22 08:42:51,522,VOICE,Sewri,353511414705530
C000031,9905406416,9117554523,2026-01-22 09:45:41,893,VOICE,Worli,357042430169924
C000696,8621681069,7017959495,2026-01-22 11:11:49,401,VOICE,Uran,358095674604257
C000742,6919342369,7684964862,2026-01-22 13:56:46,850,VOICE,Chembur,357754601261712
C000938,8504779734,6422210580,2026-01-22 14:14:17,642,VOICE,Alibaug,357190448800224
C001212,7160292010,7017959495,2026-01-22 14:24:33,733,VOICE,Mira Road,357500646645688
C001869,9376306192,6070587565,2026-01-22 15:48:23,343,VOICE,Dongri,352118531115946
C000804,9782002283,9765846476,2026-01-22 17:26:14,606,VOICE,Mira Road,355553971859411
C002640,7396427122,9374128579,2026-01-22 17:29:20,54,VOICE,Chembur,359294342528593
C000472,6422210580,8504779734,2026-01-22 17:43:40,366,VOICE,Sewri,353511414705530
C001715,8263114372,8803876077,2026-01-22 18:18:30,665,VOICE,Vasco da Gama,354795786400177
C000447,8014428249,7017959495,2026-01-22 18:26:31,320,VOICE,Surat,352953415687512
C000335,6451864322,7274556629,2026-01-22 19:01:27,165,VOICE,Worli,353593241553751
C001118,7819703036,8621681069,2026-01-22 19:15:19,480,VOICE,Surat,353341443234274
C001519,6874756217,8712530467,2026-01-22 19:39:36,456,VOICE,Chembur,357062463948703
C000937,6451864322,9448375856,2026-01-22 20:08:35,246,SMS,Worli,353593241553751
C001994,7807849269,6874756217,2026-01-22 22:07:28,766,VOICE,Surat,353312188116800
C001000,9614393430,7960611844,2026-01-22 22:18:14,234,SMS,Kalbadevi,354510361761252
C001937,9265641111,8484451242,2026-01-22 22:43:50,770,SMS,Kurla,351237329393046
C002299,8531529175,6295445353,2026-01-23 01:10:56,620,VOICE,Nagpada,357270262249966
C002645,8335834126,8435190744,2026-01-23 02:17:15,867,VOICE,Mumbra,355568116851673
C001651,6783091866,9265641111,2026-01-23 07:43:04,422,VOICE,Nhava Sheva,356236001168684
C001300,7542743490,6324779857,2026-01-23 09:54:35,711,VOICE,Worli,350859099136625
C001295,7728161355,7902659660,2026-01-23 11:10:11,836,VOICE,Mumbra,352515011016845
C000144,9462726847,9117554523,2026-01-23 11:17:19,759,SMS,Kondhwa,352940475894775
C001200,7960611844,6057175033,2026-01-23 11:34:34,388,VOICE,Nagpada,354323882051646
C000439,6749574551,8809385077,2026-01-23 12:29:41,555,VOICE,Surat,356131417119493
C001307,7255549094,6422210580,2026-01-23 12:57:47,815,VOICE,Sewri,358330544066060
C001080,9265641111,9374128579,2026-01-23 13:04:03,580,VOICE,Kurla,351237329393046
C000491,8917172888,8309143244,2026-01-23 13:06:24,20,VOICE,Thane,350632016092819
C001711,8484451242,9265641111,2026-01-23 14:43:01,876,SMS,Andheri East,356557570698072
C001277,9290363962,6070587565,2026-01-23 15:04:52,126,VOICE,Powai,351315345743989
C002532,8211132866,6509398630,2026-01-23 15:59:53,224,VOICE,Bandra West,354656450114498
C002432,6295445353,7164355506,2026-01-23 16:09:02,808,VOICE,Kurla,352000943616276
C001879,9738535633,6070587565,2026-01-23 16:43:05,899,VOICE,Thane,355421879820322
C002233,8573287057,7497869350,2026-01-23 17:50:10,401,VOICE,Dongri,357382007306842
C002225,7497869350,8573287057,2026-01-23 18:34:35,633,VOICE,Nagpada,350148239341998
C002439,6295445353,7164355506,2026-01-23 19:00:06,481,VOICE,Kurla,352000943616276
C001823,6070587565,7840178422,2026-01-23 19:21:50,184,VOICE,Mumbra,350235731179539
C002375,9248246355,8531529175,2026-01-23 19:33:38,711,SMS,Mira Road,351184852310268
C001087,9614393430,9156069125,2026-01-23 20:36:38,829,VOICE,Kalbadevi,354510361761252
C000190,6783091866,8504779734,2026-01-23 21:31:45,753,VOICE,Nhava Sheva,356236001168684
C000832,6422210580,7255549094,2026-01-23 21:57:17,421,SMS,Sewri,353511414705530
C001882,8803876077,8435190744,2026-01-23 22:02:34,444,VOICE,Worli,359748262942044
C002405,9793681218,9553207492,2026-01-24 00:53:46,506,VOICE,Bhiwandi,355582551110274
C001541,8563171143,6000839065,2026-01-24 09:05:29,828,VOICE,Borivali,357354464962239
C000367,7807849269,7684964862,2026-01-24 09:38:57,748,VOICE,Surat,353312188116800
C000120,9765846476,8049689229,2026-01-24 10:01:17,467,VOICE,Panvel,355501841990582
C000853,7684964862,9374128579,2026-01-24 10:32:53,837,VOICE,Vasco da Gama,351823874776760
C001793,7361747245,9462726847,2026-01-24 11:27:25,798,VOICE,Powai,359207454903376
C001290,9448375856,7807849269,2026-01-24 11:38:27,196,VOICE,Byculla,352890665759879
C000698,7017959495,8712530467,2026-01-24 11:42:16,144,VOICE,Malad,356516601986066
C001081,9905406416,6874756217,2026-01-24 12:12:44,279,VOICE,Worli,357042430169924
C000890,8413064207,7542743490,2026-01-24 12:34:40,167,VOICE,Sewri,356363981391785
C000596,9448375856,9765846476,2026-01-24 13:29:46,816,SMS,Byculla,352890665759879
C001047,8410062361,6919342369,2026-01-24 14:01:51,469,VOICE,Bandra West,356361318822301
C001278,8410062361,6783091866,2026-01-24 14:22:28,352,VOICE,Bandra West,356361318822301
C002681,6509398630,7960611844,2026-01-24 14:51:35,578,VOICE,Borivali,354315529296969
C000245,7542743490,8413064207,2026-01-24 14:58:11,794,VOICE,Worli,350859099136625
C000129,7422391172,9117554523,2026-01-24 15:07:59,52,VOICE,Mira Road,359951072909438
C000936,6269714996,9905406416,2026-01-24 16:18:43,753,SMS,Alibaug,351922038881659
C002137,8484451242,8504779734,2026-01-24 16:55:05,805,VOICE,Andheri East,356557570698072
C000907,9376306192,6874756217,2026-01-24 17:53:05,168,VOICE,Dongri,352118531115946
C000563,7361747245,9290363962,2026-01-24 20:24:18,788,VOICE,Powai,359207454903376
C001345,8917172888,6783091866,2026-01-24 20:36:25,464,VOICE,Thane,350632016092819
C001332,6324779857,9374128579,2026-01-24 21:27:42,420,VOICE,Worli,352660447633248
C002671,8211132866,8621681069,2026-01-24 22:34:22,408,SMS,Bandra West,354656450114498
C002484,8211132866,8040571307,2026-01-24 22:34:38,367,VOICE,Bandra West,354656450114498
C002226,8573287057,7497869350,2026-01-24 23:52:15,780,VOICE,Dongri,357382007306842
C002350,7164355506,8531529175,2026-01-25 03:09:10,110,VOICE,Dharavi,357504221689632
C002341,8531529175,7164355506,2026-01-25 07:46:23,154,SMS,Nagpada,357270262249966
C002229,7497869350,8573287057,2026-01-25 08:51:49,661,VOICE,Nagpada,350148239341998
C000552,9462726847,7960611844,2026-01-25 10:22:53,59,SMS,Kondhwa,352940475894775
C001091,7145980393,6422210580,2026-01-25 10:26:24,572,VOICE,Chembur,357450258359959
C000588,8413064207,6422210580,2026-01-25 12:19:29,252,VOICE,Sewri,356363981391785
C000196,9905406416,9117554523,2026-01-25 12:58:21,784,VOICE,Worli,357042430169924
C002040,8621681069,9376306192,2026-01-25 13:14:37,864,SMS,Uran,358095674604257
C002478,8211132866,7990380175,2026-01-25 17:05:39,342,SMS,Bandra West,354656450114498
C000873,7580593773,6269714996,2026-01-25 17:40:59,548,VOICE,Dongri,350967321947834
C002048,8614005020,7902659660,2026-01-25 17:57:25,430,VOICE,Panvel,358070645457146
C001435,7255549094,8563171143,2026-01-25 18:42:08,148,VOICE,Sewri,358330544066060
C001273,9265641111,8633254907,2026-01-25 18:49:05,394,VOICE,Kurla,351237329393046
C002053,6451864322,9738535633,2026-01-25 18:50:48,685,VOICE,Worli,353593241553751
C001079,7807849269,7017959495,2026-01-25 19:46:28,192,VOICE,Surat,353312188116800
C002458,7990380175,8040571307,2026-01-25 20:28:06,820,SMS,Kalbadevi,354406340434749
C000799,9614393430,8803876077,2026-01-25 22:39:02,226,SMS,Kalbadevi,354510361761252
C000677,8918353735,9932435933,2026-01-25 22:57:17,592,VOICE,Bhiwandi,350632959036432
C002331,7164355506,8531529175,2026-01-26 01:06:03,570,SMS,Dharavi,357504221689632
C002690,971501234567,8573287057,2026-01-26 03:56:52,41,VOICE,Dongri,354849163193286
C001287,7113261119,6451864322,2026-01-26 07:45:44,489,VOICE,Bhiwandi,357365743286792
C001739,7487467081,6070587565,2026-01-26 07:51:54,503,VOICE,Surat,350120612148912
C001076,7274556629,7580593773,2026-01-26 07:54:26,561,VOICE,Kalbadevi,358384682630303
C000362,6919342369,8484451242,2026-01-26 08:10:50,350,SMS,Chembur,357754601261712
C001945,6269714996,9932435933,2026-01-26 09:29:22,469,VOICE,Alibaug,351922038881659
C002055,8809385077,9462726847,2026-01-26 11:39:06,372,VOICE,Ghatkopar,359753445712105
C000103,8484451242,7542743490,2026-01-26 12:45:26,505,SMS,Andheri East,356557570698072
C001026,8309143244,7840178422,2026-01-26 14:59:06,81,SMS,Malad,355488929514758
C000645,9448375856,9765846476,2026-01-26 15:13:48,487,SMS,Byculla,352890665759879
C001692,9448375856,9765846476,2026-01-26 15:35:56,364,VOICE,Byculla,352890665759879
C001864,9156069125,9614393430,2026-01-26 15:48:36,739,VOICE,Vasco da Gama,350357643555674
C000941,8803876077,9601811727,2026-01-26 16:30:48,44,VOICE,Worli,359748262942044
C000043,6783091866,6698231223,2026-01-26 16:46:17,660,SMS,Nhava Sheva,356236001168684
C002258,9793681218,8531529175,2026-01-26 16:53:58,452,VOICE,Bhiwandi,355582551110274
C000153,7728161355,7017959495,2026-01-26 16:58:35,444,SMS,Mumbra,352515011016845
C000171,8309143244,7840178422,2026-01-26 17:58:05,866,VOICE,Malad,355488929514758
C000999,6324779857,7960611844,2026-01-26 17:59:50,292,VOICE,Worli,352660447633248
C001335,7580593773,8712530467,2026-01-26 21:28:41,679,VOICE,Dongri,350967321947834
C000091,8698373788,7361747245,2026-01-26 22:49:13,265,VOICE,Thane,358294388684197
C000033,6919342369,8908958826,2026-01-27 07:18:42,506,VOICE,Chembur,357754601261712
C001001,9905406416,9117554523,2026-01-27 07:24:24,775,SMS,Worli,357042430169924
C000459,6749574551,9439133425,2026-01-27 07:26:39,25,VOICE,Surat,356131417119493
C001028,7487467081,8504779734,2026-01-27 07:42:17,556,VOICE,Surat,350120612148912
C002589,8040571307,8068707468,2026-01-27 09:06:55,432,VOICE,Andheri East,353032436554175
C000187,6057175033,9905406416,2026-01-27 09:20:48,484,VOICE,Thane,350186802972477
C000835,6324779857,9374128579,2026-01-27 09:21:17,75,SMS,Worli,352660447633248
C001603,6422210580,9117554523,2026-01-27 10:00:55,450,SMS,Sewri,353511414705530
C001887,7487467081,7422391172,2026-01-27 10:07:09,224,VOICE,Surat,350120612148912
C002662,7990380175,9290363962,2026-01-27 10:56:56,792,VOICE,Kalbadevi,354406340434749
C001523,8309143244,7840178422,2026-01-27 11:08:13,706,VOICE,Malad,355488929514758
C000117,8504779734,7819703036,2026-01-27 11:25:03,745,VOICE,Alibaug,357190448800224
C002561,7396427122,8531529175,2026-01-27 13:05:11,744,VOICE,Chembur,359294342528593
C002464,7990380175,8211132866,2026-01-27 13:17:07,342,VOICE,Kalbadevi,354406340434749
C001755,6896001550,7960611844,2026-01-27 13:50:58,724,SMS,Ulhasnagar,357119059016670
C000912,7041867290,8917172888,2026-01-27 14:38:24,71,VOICE,Vasco da Gama,356593787039174
C001225,7255549094,8803876077,2026-01-27 14:51:01,62,VOICE,Sewri,358330544066060
C001999,7361747245,9290363962,2026-01-27 16:51:23,263,VOICE,Powai,359207454903376
C001190,8633254907,8803876077,2026-01-27 17:20:33,73,VOICE,Kurla,358124845036397
C000518,6070587565,9290363962,2026-01-27 17:36:51,685,SMS,Mumbra,350235731179539
C002438,7164355506,6295445353,2026-01-27 18:21:03,190,VOICE,Dharavi,357504221689632
C001612,6422210580,8504779734,2026-01-27 18:24:00,668,VOICE,Sewri,353511414705530
C001468,7902659660,8309143244,2026-01-27 18:26:05,546,VOICE,Bhiwandi,354160585304890
C000976,6057175033,7255549094,2026-01-27 19:34:46,310,VOICE,Thane,350186802972477
C001246,9738535633,7902659660,2026-01-27 19:58:23,779,VOICE,Thane,355421879820322
C001179,8413064207,6783091866,2026-01-27 20:00:36,491,VOICE,Sewri,356363981391785
C000765,8413064207,7361747245,2026-01-27 20:23:25,870,SMS,Sewri,356363981391785
C000409,6070587565,9117554523,2026-01-27 20:33:10,701,VOICE,Mumbra,350235731179539
C000049,9462726847,9446293690,2026-01-27 21:26:42,735,SMS,Kondhwa,352940475894775
C000413,8918353735,9738535633,2026-01-27 21:43:57,510,VOICE,Bhiwandi,350632959036432
C000392,8712530467,7542743490,2026-01-27 22:14:27,385,SMS,Nagpada,358921907258563
C000179,8908958826,7160292010,2026-01-27 22:40:15,581,VOICE,Sewri,350605618347113
C001569,8908958826,6919342369,2026-01-27 22:44:44,349,SMS,Sewri,350605618347113
C001977,8563171143,7113261119,2026-01-28 08:31:49,848,VOICE,Borivali,357354464962239
C002482,8040571307,8211132866,2026-01-28 08:50:41,93,VOICE,Andheri East,353032436554175
C001680,7160292010,7819703036,2026-01-28 08:53:22,876,VOICE,Mira Road,357500646645688
C000576,7807849269,7017959495,2026-01-28 09:12:01,464,VOICE,Surat,353312188116800
C000242,8809385077,6070587565,2026-01-28 09:27:24,301,VOICE,Ghatkopar,359753445712105
C001267,9446293690,8014428249,2026-01-28 09:47:47,662,VOICE,Andheri East,352888863909022
C000124,7807849269,8410062361,2026-01-28 10:03:24,537,SMS,Surat,353312188116800
C001302,7255549094,8563171143,2026-01-28 10:38:39,473,VOICE,Sewri,358330544066060
C000954,9614393430,9156069125,2026-01-28 10:44:05,326,VOICE,Kalbadevi,354510361761252
C000007,8484451242,7487467081,2026-01-28 10:50:36,707,VOICE,Andheri East,356557570698072
C002575,8040571307,8335834126,2026-01-28 11:55:47,37,VOICE,Andheri East,353032436554175
C000796,8435190744,6896001550,2026-01-28 12:09:01,145,VOICE,Vashi,356420812912845
C002021,9738535633,6057175033,2026-01-28 12:35:20,900,VOICE,Thane,355421879820322
C002642,7396427122,9905406416,2026-01-28 13:38:52,524,VOICE,Chembur,359294342528593
C002663,7990380175,7960611844,2026-01-28 14:15:57,745,VOICE,Kalbadevi,354406340434749
C000934,7487467081,8504779734,2026-01-28 14:52:11,233,SMS,Surat,350120612148912
C002222,7497869350,8573287057,2026-01-28 15:13:31,47,VOICE,Nagpada,350148239341998
C001228,7840178422,6698231223,2026-01-28 16:28:17,52,VOICE,Bandra West,353415828385983
C002434,7164355506,6295445353,2026-01-28 16:29:50,480,VOICE,Dharavi,357504221689632
C000535,6422210580,8413064207,2026-01-28 18:47:22,224,VOICE,Sewri,353511414705530
C001654,6269714996,8698373788,2026-01-28 20:03:26,472,VOICE,Alibaug,351922038881659
C001698,8621681069,7017959495,2026-01-28 20:12:53,109,VOICE,Uran,358095674604257
C000507,8698373788,6919342369,2026-01-28 20:54:06,848,VOICE,Thane,358294388684197
C002043,7160292010,8049689229,2026-01-28 21:28:00,491,VOICE,Mira Road,357500646645688
C002373,8531529175,9248246355,2026-01-29 00:11:31,215,VOICE,Nagpada,357270262249966
C002394,9793681218,9553207492,2026-01-29 01:55:01,857,VOICE,Bhiwandi,355582551110274
C002343,7164355506,8531529175,2026-01-29 03:45:19,128,VOICE,Dharavi,357504221689632
C001170,9265641111,7361747245,2026-01-29 07:02:12,647,VOICE,Kurla,351237329393046
C001417,6422210580,7145980393,2026-01-29 07:37:02,57,VOICE,Sewri,353511414705530
C001912,8917172888,8614005020,2026-01-29 09:44:57,880,VOICE,Thane,350632016092819
C000501,7160292010,8049689229,2026-01-29 09:47:17,212,VOICE,Mira Road,357500646645688
C001532,8563171143,6000839065,2026-01-29 09:51:17,845,SMS,Borivali,357354464962239
C000059,7902659660,8633254907,2026-01-29 09:58:26,816,VOICE,Bhiwandi,354160585304890
C000259,8410062361,6783091866,2026-01-29 10:11:35,645,VOICE,Bandra West,356361318822301
C001403,7145980393,6422210580,2026-01-29 10:16:56,526,VOICE,Chembur,357450258359959
C001391,6057175033,8014428249,2026-01-29 10:34:30,412,VOICE,Thane,350186802972477
C001357,9376306192,7145980393,2026-01-29 10:36:03,394,VOICE,Dongri,352118531115946
C000806,6749574551,7160292010,2026-01-29 11:59:51,545,VOICE,Surat,356131417119493
C001438,7017959495,9601811727,2026-01-29 12:06:16,70,VOICE,Malad,356516601986066
C001845,7728161355,8410062361,2026-01-29 13:11:34,481,VOICE,Mumbra,352515011016845
C000391,7819703036,9738535633,2026-01-29 13:46:08,864,VOICE,Surat,353341443234274
C000813,6451864322,7145980393,2026-01-29 14:10:18,543,VOICE,Worli,353593241553751
C001316,8413064207,8621681069,2026-01-29 14:49:56,678,SMS,Sewri,356363981391785
C000376,7819703036,9738535633,2026-01-29 15:48:13,567,VOICE,Surat,353341443234274
C001763,7840178422,8435190744,2026-01-29 17:06:40,778,SMS,Bandra West,353415828385983
C001061,8410062361,7255549094,2026-01-29 17:38:06,312,VOICE,Bandra West,356361318822301
C000296,9738535633,6919342369,2026-01-29 18:47:31,126,VOICE,Thane,355421879820322
C001034,7160292010,8908958826,2026-01-29 19:41:28,672,VOICE,Mira Road,357500646645688
C002529,8211132866,6509398630,2026-01-29 20:58:48,766,SMS,Bandra West,354656450114498
C002378,9793681218,9553207492,2026-01-29 22:03:13,429,SMS,Bhiwandi,355582551110274
C000727,8633254907,7255549094,2026-01-29 22:11:00,343,VOICE,Kurla,358124845036397
C001285,7041867290,8633254907,2026-01-30 09:11:07,726,VOICE,Vasco da Gama,356593787039174
C000785,8049689229,7160292010,2026-01-30 09:18:23,507,VOICE,Panvel,353040453877407
C002495,9085160582,8211132866,2026-01-30 09:45:20,859,VOICE,Surat,359586431221944
C001640,9156069125,7580593773,2026-01-30 10:02:26,722,VOICE,Vasco da Gama,350357643555674
C002527,8211132866,6509398630,2026-01-30 12:09:25,113,SMS,Bandra West,354656450114498
C001636,8918353735,9265641111,2026-01-30 12:27:38,494,VOICE,Bhiwandi,350632959036432
C000073,8803876077,8698373788,2026-01-30 13:19:59,711,VOICE,Worli,359748262942044
C001727,9439133425,9932435933,2026-01-30 13:33:21,893,VOICE,Kondhwa,352863979633543
C000374,8698373788,8803876077,2026-01-30 17:51:29,785,VOICE,Thane,358294388684197
C000015,9448375856,8614005020,2026-01-30 19:14:20,93,VOICE,Byculla,352890665759879
C001257,7017959495,7422391172,2026-01-30 19:25:35,870,SMS,Malad,356516601986066
C000632,7041867290,8809385077,2026-01-30 19:30:10,214,SMS,Vasco da Gama,356593787039174
C000018,7274556629,6451864322,2026-01-30 19:44:15,200,SMS,Kalbadevi,358384682630303
C000357,6057175033,6451864322,2026-01-30 21:38:01,558,VOICE,Thane,350186802972477
C000512,6422210580,8413064207,2026-01-30 21:39:19,865,SMS,Sewri,353511414705530
C002034,6896001550,9439133425,2026-01-30 21:50:29,709,VOICE,Ulhasnagar,357119059016670
C000540,8263114372,6269714996,2026-01-30 22:28:37,472,VOICE,Vasco da Gama,354795786400177
C000710,8908958826,8309143244,2026-01-30 22:56:01,433,SMS,Sewri,350605618347113
C002417,9248246355,6295445353,2026-01-31 02:04:03,447,VOICE,Mira Road,351184852310268
C002398,9553207492,9793681218,2026-01-31 07:18:35,240,VOICE,Uran,353766596855086
C001214,9290363962,6070587565,2026-01-31 07:49:19,387,SMS,Powai,351315345743989
C001913,6698231223,8621681069,2026-01-31 08:21:56,790,VOICE,Vasco da Gama,355415111975042
C000948,6896001550,9765846476,2026-01-31 10:08:37,745,VOICE,Ulhasnagar,357119059016670
C000408,7960611844,7902659660,2026-01-31 10:35:01,558,VOICE,Nagpada,354323882051646
C000957,7902659660,6783091866,2026-01-31 11:08:50,378,VOICE,Bhiwandi,354160585304890
C001472,8633254907,9265641111,2026-01-31 11:19:30,789,VOICE,Kurla,358124845036397
C001734,8263114372,6269714996,2026-01-31 12:13:25,541,SMS,Vasco da Gama,354795786400177
C001467,8712530467,7422391172,2026-01-31 13:16:27,704,VOICE,Nagpada,358921907258563
C000595,7960611844,8918353735,2026-01-31 13:17:52,39,SMS,Nagpada,354323882051646
C000453,9156069125,9614393430,2026-01-31 13:26:25,606,VOICE,Vasco da Gama,350357643555674
C002105,9290363962,6324779857,2026-01-31 14:42:29,455,VOICE,Powai,351315345743989
C001629,7145980393,9782002283,2026-01-31 17:51:05,412,VOICE,Chembur,357450258359959
C002166,7840178422,8504779734,2026-01-31 18:03:37,330,VOICE,Bandra West,353415828385983
C001130,7113261119,6896001550,2026-01-31 18:40:05,897,VOICE,Bhiwandi,357365743286792
C001840,7274556629,6749574551,2026-01-31 19:26:53,193,SMS,Kalbadevi,358384682630303
C000958,8309143244,9782002283,2026-01-31 19:41:07,346,VOICE,Malad,355488929514758
C000990,6698231223,9376306192,2026-01-31 20:35:58,322,VOICE,Vasco da Gama,355415111975042
C000542,7580593773,6874756217,2026-01-31 20:38:21,385,VOICE,Dongri,350967321947834
C001133,8413064207,7542743490,2026-01-31 20:45:13,363,VOICE,Sewri,356363981391785
C000509,8614005020,8712530467,2026-01-31 20:45:20,301,SMS,Panvel,358070645457146
C000267,7728161355,8435190744,2026-01-31 21:11:02,258,VOICE,Mumbra,352515011016845
C000112,7255549094,8633254907,2026-01-31 21:48:55,482,VOICE,Sewri,358330544066060
C001090,8484451242,7542743490,2026-01-31 22:24:32,672,SMS,Andheri East,356557570698072
C001023,6451864322,7113261119,2026-01-31 22:35:03,308,VOICE,Worli,353593241553751
C002279,9793681218,8531529175,2026-01-31 23:29:54,547,SMS,Bhiwandi,355582551110274
C002548,7556029118,8531529175,2026-01-31 23:49:15,434,VOICE,Ghatkopar,350889959689984
C001150,6896001550,7113261119,2026-02-01 07:28:28,379,SMS,Ulhasnagar,357119059016670
C000560,6000839065,6698231223,2026-02-01 07:55:01,392,VOICE,Mumbra,350043224205387
C001314,8504779734,7487467081,2026-02-01 11:12:30,623,VOICE,Alibaug,357190448800224
C001521,8621681069,8413064207,2026-02-01 12:22:46,296,VOICE,Uran,358095674604257
C001558,8309143244,9156069125,2026-02-01 12:31:03,150,VOICE,Malad,355488929514758
C000195,9765846476,7819703036,2026-02-01 12:49:26,482,SMS,Panvel,355501841990582
C002533,6509398630,8211132866,2026-02-01 12:51:53,567,SMS,Borivali,354315529296969
C001014,8712530467,8504779734,2026-02-01 14:31:24,633,VOICE,Nagpada,358921907258563
C001144,6698231223,8621681069,2026-02-01 15:01:53,628,VOICE,Vasco da Gama,355415111975042
C001802,6070587565,9446293690,2026-02-01 15:08:19,172,VOICE,Mumbra,350235731179539
C001689,8413064207,9782002283,2026-02-01 15:38:05,811,SMS,Sewri,356363981391785
C001774,7041867290,7684964862,2026-02-01 16:35:30,817,VOICE,Vasco da Gama,356593787039174
C001827,9614393430,9601811727,2026-02-01 16:48:35,522,SMS,Kalbadevi,354510361761252
C001714,6324779857,7542743490,2026-02-01 17:27:49,745,VOICE,Worli,352660447633248
C001263,7819703036,6919342369,2026-02-01 17:44:14,331,SMS,Surat,353341443234274
C000048,8698373788,6919342369,2026-02-01 17:56:30,779,VOICE,Thane,358294388684197
C002231,8573287057,7497869350,2026-02-01 18:32:14,213,VOICE,Dongri,357382007306842
C000687,9462726847,8563171143,2026-02-01 18:43:27,460,SMS,Kondhwa,352940475894775
C000262,9446293690,7819703036,2026-02-01 18:58:48,855,VOICE,Andheri East,352888863909022
C001694,8049689229,7807849269,2026-02-01 19:12:47,869,VOICE,Panvel,353040453877407
C000477,6896001550,7113261119,2026-02-01 19:37:31,222,VOICE,Ulhasnagar,357119059016670
C001319,8049689229,8803876077,2026-02-01 20:31:54,612,SMS,Panvel,353040453877407
C000479,7684964862,6070587565,2026-02-01 20:37:51,136,SMS,Vasco da Gama,351823874776760
C001024,9765846476,8504779734,2026-02-01 21:24:27,419,VOICE,Panvel,355501841990582
C001058,7728161355,7017959495,2026-02-01 21:54:57,747,VOICE,Mumbra,352515011016845
C002543,6509398630,9085160582,2026-02-01 22:47:41,483,SMS,Borivali,354315529296969
C002385,9553207492,9793681218,2026-02-01 22:58:20,193,VOICE,Uran,353766596855086
C001993,8809385077,7041867290,2026-02-02 07:00:28,766,VOICE,Ghatkopar,359753445712105
C002009,9290363962,6919342369,2026-02-02 08:12:49,329,VOICE,Powai,351315345743989
C002170,8309143244,9782002283,2026-02-02 08:16:29,399,VOICE,Malad,355488929514758
C000648,9156069125,8309143244,2026-02-02 08:53:54,724,VOICE,Vasco da Gama,350357643555674
C001216,8014428249,7255549094,2026-02-02 10:02:52,834,SMS,Surat,352953415687512
C001010,8809385077,7361747245,2026-02-02 10:38:00,771,VOICE,Ghatkopar,359753445712105
C001534,6919342369,8698373788,2026-02-02 12:10:49,367,VOICE,Chembur,357754601261712
C000283,9614393430,9156069125,2026-02-02 12:21:02,56,VOICE,Kalbadevi,354510361761252
C000650,7819703036,9738535633,2026-02-02 12:56:12,765,VOICE,Surat,353341443234274
C001371,8435190744,8803876077,2026-02-02 14:38:16,319,VOICE,Vashi,356420812912845
C001618,8263114372,8563171143,2026-02-02 15:29:39,214,VOICE,Vasco da Gama,354795786400177
C000515,6919342369,7819703036,2026-02-02 16:00:22,71,SMS,Chembur,357754601261712
C002563,7396427122,8531529175,2026-02-02 16:09:25,53,VOICE,Chembur,359294342528593
C001361,9439133425,6874756217,2026-02-02 16:20:29,434,VOICE,Kondhwa,352863979633543
C002342,7164355506,8531529175,2026-02-02 16:42:45,680,VOICE,Dharavi,357504221689632
C001848,9265641111,7017959495,2026-02-02 20:11:03,131,VOICE,Kurla,351237329393046
C001169,6070587565,9446293690,2026-02-02 20:44:46,312,VOICE,Mumbra,350235731179539
C002494,8211132866,9085160582,2026-02-02 21:10:43,827,VOICE,Bandra West,354656450114498
C001550,8712530467,7487467081,2026-02-02 21:53:37,311,SMS,Nagpada,358921907258563
C000275,7728161355,6698231223,2026-02-02 21:55:41,333,VOICE,Mumbra,352515011016845
C001486,8309143244,7902659660,2026-02-02 21:59:14,51,VOICE,Malad,355488929514758
C000303,8698373788,8504779734,2026-02-02 22:08:11,295,VOICE,Thane,358294388684197
C001648,8918353735,7255549094,2026-02-02 22:35:10,793,VOICE,Bhiwandi,350632959036432
C000720,7684964862,9117554523,2026-02-02 22:42:50,41,VOICE,Vasco da Gama,351823874776760
C002692,971501234567,8573287057,2026-02-03 03:41:45,84,VOICE,Dongri,354849163193286
C000274,7902659660,6749574551,2026-02-03 07:06:44,279,VOICE,Bhiwandi,354160585304890
C001032,6057175033,9905406416,2026-02-03 07:14:49,255,VOICE,Thane,350186802972477
C000290,9614393430,8614005020,2026-02-03 08:00:50,203,VOICE,Kalbadevi,354510361761252
C001537,9376306192,8908958826,2026-02-03 09:51:21,206,SMS,Dongri,352118531115946
C001710,9156069125,9738535633,2026-02-03 09:57:47,470,VOICE,Vasco da Gama,350357643555674
C002153,9117554523,6070587565,2026-02-03 10:12:45,574,VOICE,Vashi,350248622680032
C001274,9782002283,9439133425,2026-02-03 10:18:14,209,VOICE,Mira Road,355553971859411
C002630,9248246355,9446293690,2026-02-03 12:21:57,834,VOICE,Mira Road,351184852310268
C002358,9248246355,8531529175,2026-02-03 12:26:04,837,SMS,Mira Road,351184852310268
C000099,9738535633,8918353735,2026-02-03 12:43:08,187,VOICE,Thane,355421879820322
C001673,8614005020,8712530467,2026-02-03 12:47:16,148,SMS,Panvel,358070645457146
C002122,8908958826,6057175033,2026-02-03 12:58:23,45,SMS,Sewri,350605618347113
C002486,8211132866,8040571307,2026-02-03 13:20:45,401,SMS,Bandra West,354656450114498
C001016,8918353735,9265641111,2026-02-03 14:22:08,223,VOICE,Bhiwandi,350632959036432
C002335,8531529175,7164355506,2026-02-03 14:53:11,561,VOICE,Nagpada,357270262249966
C002327,8531529175,6295445353,2026-02-03 15:45:24,662,VOICE,Nagpada,357270262249966
C002029,7807849269,9446293690,2026-02-03 15:53:35,181,VOICE,Surat,353312188116800
C001005,7113261119,6749574551,2026-02-03 16:53:39,473,VOICE,Bhiwandi,357365743286792
C001387,9290363962,9614393430,2026-02-03 18:05:38,521,VOICE,Powai,351315345743989
C000282,6749574551,7684964862,2026-02-03 18:12:31,377,VOICE,Surat,356131417119493
C000201,9462726847,7960611844,2026-02-03 19:04:03,438,VOICE,Kondhwa,352940475894775
C000414,8563171143,9765846476,2026-02-03 19:45:32,604,VOICE,Borivali,357354464962239
C002430,6295445353,7164355506,2026-02-03 19:59:31,234,VOICE,Kurla,352000943616276
C001271,8633254907,7041867290,2026-02-03 20:40:47,804,VOICE,Kurla,358124845036397
C002577,8040571307,8335834126,2026-02-03 21:17:21,302,VOICE,Andheri East,353032436554175
C001173,6749574551,8917172888,2026-02-03 22:02:03,64,SMS,Surat,356131417119493
C002585,8531529175,8068707468,2026-02-03 22:33:36,746,SMS,Nagpada,357270262249966
C002402,9793681218,9553207492,2026-02-04 01:31:17,43,VOICE,Bhiwandi,355582551110274
C001321,9932435933,8509938173,2026-02-04 07:07:16,634,VOICE,Nagpada,357122308246850
C000130,7840178422,6698231223,2026-02-04 07:30:48,464,VOICE,Bandra West,353415828385983
C001916,7902659660,8633254907,2026-02-04 07:47:56,501,VOICE,Bhiwandi,354160585304890
C001157,7819703036,8621681069,2026-02-04 08:06:54,742,SMS,Surat,353341443234274
C002003,8698373788,8918353735,2026-02-04 08:33:01,86,VOICE,Thane,358294388684197
C001218,6000839065,6698231223,2026-02-04 09:46:48,852,VOICE,Mumbra,350043224205387
C000135,7960611844,9462726847,2026-02-04 09:52:03,830,VOICE,Nagpada,354323882051646
C000667,6324779857,9374128579,2026-02-04 10:19:08,793,SMS,Worli,352660447633248
C000952,7422391172,8263114372,2026-02-04 10:40:22,665,VOICE,Mira Road,359951072909438
C000536,7145980393,9782002283,2026-02-04 11:03:27,817,VOICE,Chembur,357450258359959
C000307,9782002283,7274556629,2026-02-04 11:42:32,617,VOICE,Mira Road,355553971859411
C000352,8918353735,7145980393,2026-02-04 12:06:53,607,SMS,Bhiwandi,350632959036432
C001634,7684964862,7580593773,2026-02-04 14:05:11,61,VOICE,Vasco da Gama,351823874776760
C000263,9156069125,8309143244,2026-02-04 14:15:54,225,VOICE,Vasco da Gama,350357643555674
C000231,9290363962,6749574551,2026-02-04 14:46:55,824,VOICE,Powai,351315345743989
C000496,9290363962,9376306192,2026-02-04 15:10:37,35,VOICE,Powai,351315345743989
C000383,8712530467,7580593773,2026-02-04 15:31:19,366,VOICE,Nagpada,358921907258563
C000655,7728161355,8435190744,2026-02-04 16:49:46,788,SMS,Mumbra,352515011016845
C000620,6057175033,6451864322,2026-02-04 19:34:42,349,VOICE,Thane,350186802972477
C000846,6451864322,7807849269,2026-02-04 21:04:29,843,SMS,Worli,353593241553751
C000185,6269714996,7255549094,2026-02-04 21:30:54,128,VOICE,Alibaug,351922038881659
C000286,8309143244,9446293690,2026-02-04 21:47:31,900,VOICE,Malad,355488929514758
C001172,7487467081,8504779734,2026-02-04 21:48:42,623,SMS,Surat,350120612148912
C000891,7487467081,7422391172,2026-02-04 22:52:14,213,VOICE,Surat,350120612148912
C002218,7497869350,8573287057,2026-02-05 00:28:47,833,VOICE,Nagpada,350148239341998
C002337,8531529175,7164355506,2026-02-05 02:38:15,689,VOICE,Nagpada,357270262249966
C002457,8040571307,7990380175,2026-02-05 07:19:23,171,VOICE,Andheri East,353032436554175
C000929,8809385077,9738535633,2026-02-05 08:13:01,506,VOICE,Ghatkopar,359753445712105
C000787,7274556629,8918353735,2026-02-05 08:52:45,521,VOICE,Kalbadevi,358384682630303
C000041,7580593773,6874756217,2026-02-05 09:40:25,192,VOICE,Dongri,350967321947834
C002178,8435190744,6749574551,2026-02-05 09:47:12,435,SMS,Vashi,356420812912845
C001429,8698373788,6919342369,2026-02-05 12:58:13,286,VOICE,Thane,358294388684197
C002605,9793681218,9117554523,2026-02-05 12:59:03,110,SMS,Bhiwandi,355582551110274
C000630,9374128579,7684964862,2026-02-05 13:16:48,688,SMS,Kalbadevi,352116700760695
C000544,8908958826,9462726847,2026-02-05 13:47:07,82,VOICE,Sewri,350605618347113
C001207,8712530467,7580593773,2026-02-05 14:23:24,298,VOICE,Nagpada,358921907258563
C000116,9265641111,9374128579,2026-02-05 15:50:12,875,VOICE,Kurla,351237329393046
C000311,9446293690,7902659660,2026-02-05 15:51:48,274,SMS,Andheri East,352888863909022
C000325,8504779734,9765846476,2026-02-05 16:07:20,425,VOICE,Alibaug,357190448800224
C000174,7902659660,7960611844,2026-02-05 16:25:26,868,VOICE,Bhiwandi,354160585304890
C000060,8309143244,7902659660,2026-02-05 16:59:34,233,SMS,Malad,355488929514758
C001260,7902659660,7960611844,2026-02-05 17:23:33,244,SMS,Bhiwandi,354160585304890
C000887,8917172888,8614005020,2026-02-05 17:39:20,328,VOICE,Thane,350632016092819
C001459,8410062361,7807849269,2026-02-05 18:22:02,459,VOICE,Bandra West,356361318822301
C000330,8014428249,8413064207,2026-02-05 18:46:39,272,VOICE,Surat,352953415687512
C002451,7990380175,8040571307,2026-02-05 19:14:26,578,VOICE,Kalbadevi,354406340434749
C001379,6451864322,7807849269,2026-02-05 20:02:46,545,VOICE,Worli,353593241553751
C002199,8413064207,8484451242,2026-02-05 20:05:26,714,SMS,Sewri,356363981391785
C000320,9462726847,7960611844,2026-02-05 20:25:07,111,VOICE,Kondhwa,352940475894775
C001844,6422210580,9738535633,2026-02-05 20:28:34,34,VOICE,Sewri,353511414705530
C000931,6269714996,8698373788,2026-02-05 22:46:04,226,VOICE,Alibaug,351922038881659
C002422,9248246355,6295445353,2026-02-06 00:35:37,183,VOICE,Mira Road,351184852310268
C002338,8531529175,7164355506,2026-02-06 08:16:18,249,VOICE,Nagpada,357270262249966
C001223,6269714996,8698373788,2026-02-06 08:31:26,354,VOICE,Alibaug,351922038881659
C001599,7542743490,9738535633,2026-02-06 08:45:17,185,SMS,Worli,350859099136625
C002581,8068707468,8531529175,2026-02-06 09:19:01,116,VOICE,Kalyan,353094612785394
C001691,8410062361,7807849269,2026-02-06 09:38:43,304,VOICE,Bandra West,356361318822301
C000793,9446293690,6070587565,2026-02-06 11:47:40,85,SMS,Andheri East,352888863909022
C001783,8563171143,9117554523,2026-02-06 11:51:45,760,VOICE,Borivali,357354464962239
C000713,6324779857,9462726847,2026-02-06 12:27:24,361,VOICE,Worli,352660447633248
C000194,8410062361,6874756217,2026-02-06 12:44:11,756,SMS,Bandra West,356361318822301
C001892,8309143244,8917172888,2026-02-06 14:33:48,434,VOICE,Malad,355488929514758
C002128,8410062361,6783091866,2026-02-06 14:59:27,791,VOICE,Bandra West,356361318822301
C001978,8809385077,6070587565,2026-02-06 15:20:10,51,VOICE,Ghatkopar,359753445712105
C001222,6874756217,7807849269,2026-02-06 15:40:26,233,VOICE,Chembur,357062463948703
C001318,8809385077,6070587565,2026-02-06 15:59:05,679,VOICE,Ghatkopar,359753445712105
C001499,8712530467,7422391172,2026-02-06 16:12:14,98,VOICE,Nagpada,358921907258563
C001423,8263114372,7960611844,2026-02-06 16:41:53,229,VOICE,Vasco da Gama,354795786400177
C002682,6509398630,7902659660,2026-02-06 17:21:05,537,VOICE,Borivali,354315529296969
C000452,7160292010,8504779734,2026-02-06 18:05:00,651,SMS,Mira Road,357500646645688
C000178,8413064207,9905406416,2026-02-06 18:33:12,39,VOICE,Sewri,356363981391785
C002677,9085160582,6749574551,2026-02-06 18:48:10,292,VOICE,Surat,359586431221944
C000653,9374128579,7580593773,2026-02-06 21:42:22,691,VOICE,Kalbadevi,352116700760695
C001630,9374128579,6324779857,2026-02-06 22:19:04,804,VOICE,Kalbadevi,352116700760695
C002635,7556029118,6422210580,2026-02-06 22:19:27,504,VOICE,Ghatkopar,350889959689984
C000651,7113261119,6896001550,2026-02-06 22:26:43,445,VOICE,Bhiwandi,357365743286792
C002462,8211132866,7990380175,2026-02-07 02:00:14,824,VOICE,Bandra West,354656450114498
C002263,8531529175,9793681218,2026-02-07 02:11:59,641,SMS,Nagpada,357270262249966
C001578,8917172888,8309143244,2026-02-07 07:47:10,689,VOICE,Thane,350632016092819
C000228,7255549094,8563171143,2026-02-07 09:22:17,455,SMS,Sewri,358330544066060
C002629,9248246355,7422391172,2026-02-07 09:32:26,123,SMS,Mira Road,351184852310268
C000601,6749574551,6000839065,2026-02-07 09:37:21,122,VOICE,Surat,356131417119493
C002024,8908958826,9376306192,2026-02-07 10:06:46,252,SMS,Sewri,350605618347113
C002542,9085160582,6509398630,2026-02-07 11:26:14,656,VOICE,Surat,359586431221944
C001872,6269714996,9932435933,2026-02-07 13:33:17,144,SMS,Alibaug,351922038881659
C000109,6919342369,7960611844,2026-02-07 14:03:45,50,VOICE,Chembur,357754601261712
C000558,8712530467,7361747245,2026-02-07 14:14:15,350,VOICE,Nagpada,358921907258563
C002168,9448375856,9765846476,2026-02-07 14:27:00,514,VOICE,Byculla,352890665759879
C000064,9265641111,7255549094,2026-02-07 14:28:59,102,VOICE,Kurla,351237329393046
C000382,6698231223,7728161355,2026-02-07 16:11:30,528,VOICE,Vasco da Gama,355415111975042
C000219,9290363962,6070587565,2026-02-07 20:03:41,641,VOICE,Powai,351315345743989
C000874,9905406416,8614005020,2026-02-07 20:42:19,641,SMS,Worli,357042430169924
C001353,7160292010,9462726847,2026-02-07 21:37:33,34,VOICE,Mira Road,357500646645688
C002499,9085160582,8211132866,2026-02-07 22:26:48,180,VOICE,Surat,359586431221944
C001894,8410062361,9446293690,2026-02-07 22:50:02,558,VOICE,Bandra West,356361318822301
C002460,8040571307,7990380175,2026-02-08 03:56:31,522,VOICE,Andheri East,353032436554175
C002060,9738535633,7819703036,2026-02-08 07:19:41,792,VOICE,Thane,355421879820322
C001589,6422210580,8504779734,2026-02-08 07:22:11,57,SMS,Sewri,353511414705530
C001753,7840178422,7145980393,2026-02-08 07:50:12,317,VOICE,Bandra West,353415828385983
C000444,9905406416,6874756217,2026-02-08 08:50:13,415,VOICE,Worli,357042430169924
C002288,8531529175,9793681218,2026-02-08 09:25:33,112,SMS,Nagpada,357270262249966
C001481,9439133425,8049689229,2026-02-08 09:46:57,248,VOICE,Kondhwa,352863979633543
C002465,8211132866,7990380175,2026-02-08 10:00:21,540,VOICE,Bandra West,354656450114498
C002418,9248246355,6295445353,2026-02-08 10:36:08,585,VOICE,Mira Road,351184852310268
C000709,9782002283,7960611844,2026-02-08 11:34:46,441,SMS,Mira Road,355553971859411
C001874,8621681069,8413064207,2026-02-08 11:46:25,377,VOICE,Uran,358095674604257
C001949,9439133425,6896001550,2026-02-08 13:08:03,36,VOICE,Kondhwa,352863979633543
C001313,7255549094,9265641111,2026-02-08 13:37:58,758,VOICE,Sewri,358330544066060
C001626,8484451242,7487467081,2026-02-08 15:11:54,350,SMS,Andheri East,356557570698072
C001880,6896001550,9765846476,2026-02-08 15:43:35,269,SMS,Ulhasnagar,357119059016670
C001735,7487467081,8918353735,2026-02-08 16:10:23,549,VOICE,Surat,350120612148912
C000184,6070587565,9446293690,2026-02-08 16:13:59,631,VOICE,Mumbra,350235731179539
C000336,6422210580,8563171143,2026-02-08 17:55:44,172,VOICE,Sewri,353511414705530
C001571,7487467081,7361747245,2026-02-08 18:00:02,278,VOICE,Surat,350120612148912
C001296,6896001550,7960611844,2026-02-08 18:15:11,396,VOICE,Ulhasnagar,357119059016670
C002643,8335834126,9374128579,2026-02-08 18:15:24,293,VOICE,Mumbra,355568116851673
C001204,9905406416,8413064207,2026-02-08 18:18:53,278,VOICE,Worli,357042430169924
C001166,6749574551,7361747245,2026-02-08 18:27:18,844,VOICE,Surat,356131417119493
C001700,7819703036,6422210580,2026-02-08 18:37:23,28,VOICE,Surat,353341443234274
C001070,6874756217,9905406416,2026-02-08 19:56:53,585,VOICE,Chembur,357062463948703
C001213,7041867290,8917172888,2026-02-08 20:47:09,661,VOICE,Vasco da Gama,356593787039174
C000334,8014428249,6874756217,2026-02-08 21:17:29,650,SMS,Surat,352953415687512
C001139,9117554523,6783091866,2026-02-08 21:48:10,201,VOICE,Vashi,350248622680032
C002061,7017959495,8014428249,2026-02-09 07:33:45,829,SMS,Malad,356516601986066
C000908,9614393430,7422391172,2026-02-09 07:52:20,690,SMS,Kalbadevi,354510361761252
C001483,6451864322,7902659660,2026-02-09 08:05:47,433,VOICE,Worli,353593241553751
C000081,6749574551,7902659660,2026-02-09 08:59:37,203,VOICE,Surat,356131417119493
C000903,6057175033,9905406416,2026-02-09 11:15:02,288,VOICE,Thane,350186802972477
C002260,9793681218,8531529175,2026-02-09 12:08:55,29,VOICE,Bhiwandi,355582551110274
C001250,6422210580,9738535633,2026-02-09 12:09:04,322,VOICE,Sewri,353511414705530
C002419,9248246355,6295445353,2026-02-09 12:11:53,267,SMS,Mira Road,351184852310268
C001255,8917172888,6749574551,2026-02-09 12:24:10,817,VOICE,Thane,350632016092819
C001327,7145980393,8014428249,2026-02-09 12:36:50,644,VOICE,Chembur,357450258359959
C001776,6783091866,8410062361,2026-02-09 13:34:06,597,SMS,Nhava Sheva,356236001168684
C001215,8263114372,8563171143,2026-02-09 14:24:02,633,SMS,Vasco da Gama,354795786400177
C002161,7145980393,9374128579,2026-02-09 14:26:41,137,VOICE,Chembur,357450258359959
C002297,9793681218,8531529175,2026-02-09 14:44:57,459,VOICE,Bhiwandi,355582551110274
C002564,7396427122,8040571307,2026-02-09 15:08:17,314,VOICE,Chembur,359294342528593
C001506,7361747245,8698373788,2026-02-09 15:45:05,360,VOICE,Powai,359207454903376
C000475,9601811727,6000839065,2026-02-09 16:14:08,828,VOICE,Bhiwandi,354480322336962
C002379,9793681218,9553207492,2026-02-09 16:44:31,837,VOICE,Bhiwandi,355582551110274
C001366,7255549094,9782002283,2026-02-09 16:58:41,807,SMS,Sewri,358330544066060
C002351,7164355506,8531529175,2026-02-09 17:15:23,245,VOICE,Dharavi,357504221689632
C002095,7580593773,9374128579,2026-02-09 17:18:58,665,VOICE,Dongri,350967321947834
C000778,7902659660,6783091866,2026-02-09 19:06:34,597,VOICE,Bhiwandi,354160585304890
C000068,8809385077,6896001550,2026-02-09 19:39:46,776,SMS,Ghatkopar,359753445712105
C001568,9738535633,6451864322,2026-02-09 21:18:22,151,SMS,Thane,355421879820322
C000825,8484451242,7487467081,2026-02-09 21:46:57,404,SMS,Andheri East,356557570698072
C002081,8621681069,6057175033,2026-02-10 07:50:21,241,VOICE,Uran,358095674604257
C000486,7255549094,6749574551,2026-02-10 08:42:51,380,SMS,Sewri,358330544066060
C001947,7113261119,6451864322,2026-02-10 09:52:53,153,VOICE,Bhiwandi,357365743286792
C001641,6324779857,7542743490,2026-02-10 09:56:58,785,VOICE,Worli,352660447633248
C002220,7497869350,8573287057,2026-02-10 10:11:06,219,VOICE,Nagpada,350148239341998
C002452,8040571307,7990380175,2026-02-10 10:24:08,104,VOICE,Andheri East,353032436554175
C002582,8068707468,8531529175,2026-02-10 11:03:46,358,SMS,Kalyan,353094612785394
C001751,6057175033,9905406416,2026-02-10 11:29:55,823,VOICE,Thane,350186802972477
C000227,9439133425,6749574551,2026-02-10 12:41:41,271,VOICE,Kondhwa,352863979633543
C002090,8435190744,6896001550,2026-02-10 12:59:40,821,VOICE,Vashi,356420812912845
C000329,8917172888,8614005020,2026-02-10 13:56:06,363,VOICE,Thane,350632016092819
C000647,6896001550,8435190744,2026-02-10 14:07:02,240,VOICE,Ulhasnagar,357119059016670
C001078,9376306192,6874756217,2026-02-10 14:42:30,769,VOICE,Dongri,352118531115946
C000074,8712530467,8504779734,2026-02-10 15:47:46,183,VOICE,Nagpada,358921907258563
C001018,8435190744,7113261119,2026-02-10 17:20:25,376,VOICE,Vashi,356420812912845
C000192,9738535633,8413064207,2026-02-10 18:32:33,760,VOICE,Thane,355421879820322
C001450,8014428249,9446293690,2026-02-10 18:38:13,112,VOICE,Surat,352953415687512
C001501,9439133425,8014428249,2026-02-10 20:13:10,693,VOICE,Kondhwa,352863979633543
C002190,8621681069,6057175033,2026-02-10 20:23:24,173,VOICE,Uran,358095674604257
C002274,8531529175,9793681218,2026-02-10 20:25:15,687,VOICE,Nagpada,357270262249966
C000688,8917172888,6783091866,2026-02-10 20:25:56,451,VOICE,Thane,350632016092819
C001315,8014428249,9446293690,2026-02-10 20:34:25,210,VOICE,Surat,352953415687512
C001924,9462726847,9117554523,2026-02-10 22:00:19,72,SMS,Kondhwa,352940475894775
C000474,6783091866,7807849269,2026-02-11 08:25:34,174,SMS,Nhava Sheva,356236001168684
C001897,8410062361,6783091866,2026-02-11 09:40:58,363,VOICE,Bandra West,356361318822301
C002368,9248246355,8531529175,2026-02-11 10:37:54,795,VOICE,Mira Road,351184852310268
C001590,8908958826,6919342369,2026-02-11 11:09:32,751,SMS,Sewri,350605618347113
C000316,9117554523,6422210580,2026-02-11 12:55:14,352,VOICE,Vashi,350248622680032
C001503,6749574551,7274556629,2026-02-11 13:04:21,807,SMS,Surat,356131417119493
C001554,9374128579,7684964862,2026-02-11 15:22:07,267,SMS,Kalbadevi,352116700760695
C000725,8908958826,6919342369,2026-02-11 15:52:08,178,VOICE,Sewri,350605618347113
C002293,9793681218,8531529175,2026-02-11 16:12:11,265,SMS,Bhiwandi,355582551110274
C000450,7361747245,6874756217,2026-02-11 16:49:55,260,SMS,Powai,359207454903376
C001681,9601811727,6451864322,2026-02-11 16:49:56,107,VOICE,Bhiwandi,354480322336962
C001679,7487467081,7422391172,2026-02-11 18:30:03,654,SMS,Surat,350120612148912
C001743,8803876077,9439133425,2026-02-11 21:59:14,759,VOICE,Worli,359748262942044
C001953,7542743490,9738535633,2026-02-11 22:03:15,278,VOICE,Worli,350859099136625
C001221,9446293690,7902659660,2026-02-11 22:11:07,206,VOICE,Andheri East,352888863909022
C002367,9248246355,8531529175,2026-02-12 00:12:00,456,SMS,Mira Road,351184852310268
C002684,6509398630,7542743490,2026-02-12 00:17:56,113,VOICE,Borivali,354315529296969
C000886,6919342369,9738535633,2026-02-12 07:39:49,554,VOICE,Chembur,357754601261712
C001006,7819703036,9765846476,2026-02-12 08:10:55,770,VOICE,Surat,353341443234274
C002539,6509398630,9085160582,2026-02-12 08:37:24,400,VOICE,Borivali,354315529296969
C000963,6783091866,8917172888,2026-02-12 08:41:58,52,VOICE,Nhava Sheva,356236001168684
C001904,9905406416,6874756217,2026-02-12 09:43:02,512,VOICE,Worli,357042430169924
C000809,7487467081,8504779734,2026-02-12 10:41:11,851,VOICE,Surat,350120612148912
C000454,6451864322,7113261119,2026-02-12 11:29:37,620,VOICE,Worli,353593241553751
C002626,9248246355,7113261119,2026-02-12 12:34:30,63,VOICE,Mira Road,351184852310268
C002116,8908958826,7160292010,2026-02-12 13:05:20,317,VOICE,Sewri,350605618347113
C001234,7684964862,6919342369,2026-02-12 14:16:37,540,VOICE,Vasco da Gama,351823874776760
C001696,6451864322,7160292010,2026-02-12 16:18:28,434,VOICE,Worli,353593241553751
C002380,9793681218,9553207492,2026-02-12 17:07:11,794,SMS,Bhiwandi,355582551110274
C001282,8712530467,7580593773,2026-02-12 17:15:37,595,VOICE,Nagpada,358921907258563
C000163,6783091866,6698231223,2026-02-12 17:18:54,668,VOICE,Nhava Sheva,356236001168684
C002596,8531529175,7113261119,2026-02-12 17:20:41,436,VOICE,Nagpada,357270262249966
C001265,8504779734,9932435933,2026-02-12 17:25:33,651,VOICE,Alibaug,357190448800224
C000848,6896001550,9290363962,2026-02-12 18:01:55,104,VOICE,Ulhasnagar,357119059016670
C002077,6896001550,6919342369,2026-02-12 18:14:49,705,VOICE,Ulhasnagar,357119059016670
C000499,9905406416,9265641111,2026-02-12 18:37:03,392,VOICE,Worli,357042430169924
C002318,8531529175,6295445353,2026-02-12 19:31:12,370,SMS,Nagpada,357270262249966
C000093,7113261119,6749574551,2026-02-12 22:12:35,560,VOICE,Bhiwandi,357365743286792
C001203,7487467081,8504779734,2026-02-13 08:40:58,192,VOICE,Surat,350120612148912
C001539,9601811727,6451864322,2026-02-13 11:04:26,463,VOICE,Bhiwandi,354480322336962
C000216,7361747245,8712530467,2026-02-13 11:50:17,106,VOICE,Powai,359207454903376
C002078,8614005020,9290363962,2026-02-13 12:19:42,575,SMS,Panvel,358070645457146
C000983,7542743490,8918353735,2026-02-13 12:27:05,189,VOICE,Worli,350859099136625
C001958,6422210580,7255549094,2026-02-13 12:31:54,247,SMS,Sewri,353511414705530
C000842,7422391172,7902659660,2026-02-13 16:27:17,430,VOICE,Mira Road,359951072909438
C001424,8504779734,9265641111,2026-02-13 16:48:50,191,VOICE,Alibaug,357190448800224
C000852,8621681069,7819703036,2026-02-13 18:03:00,502,VOICE,Uran,358095674604257
C002106,9439133425,8413064207,2026-02-13 18:43:34,109,VOICE,Kondhwa,352863979633543
C000344,8484451242,8504779734,2026-02-13 18:46:07,518,VOICE,Andheri East,356557570698072
C002511,6509398630,8211132866,2026-02-13 19:09:15,471,VOICE,Borivali,354315529296969
C001141,6749574551,9290363962,2026-02-13 19:51:33,360,SMS,Surat,356131417119493
C001093,7487467081,7361747245,2026-02-13 21:24:21,403,VOICE,Surat,350120612148912
C001382,8263114372,8809385077,2026-02-13 21:39:30,225,SMS,Vasco da Gama,354795786400177
C001427,9446293690,9462726847,2026-02-13 21:40:13,574,VOICE,Andheri East,352888863909022
C001511,8633254907,9601811727,2026-02-13 22:20:40,212,VOICE,Kurla,358124845036397
C002146,8712530467,7017959495,2026-02-13 22:27:48,484,VOICE,Nagpada,358921907258563
C000147,9117554523,8509938173,2026-02-14 07:17:01,267,VOICE,Vashi,350248622680032
C000370,7542743490,9738535633,2026-02-14 07:26:39,328,SMS,Worli,350859099136625
C000317,6749574551,9290363962,2026-02-14 07:27:17,543,VOICE,Surat,356131417119493
C002049,8712530467,7422391172,2026-02-14 08:24:30,677,SMS,Nagpada,358921907258563
C000425,8917172888,7041867290,2026-02-14 08:46:11,443,VOICE,Thane,350632016092819
C002455,8040571307,7990380175,2026-02-14 10:04:04,298,SMS,Andheri East,353032436554175
C001936,9117554523,7422391172,2026-02-14 10:12:49,660,VOICE,Vashi,350248622680032
C001914,6698231223,7840178422,2026-02-14 10:39:55,212,VOICE,Vasco da Gama,355415111975042
C000200,6422210580,9117554523,2026-02-14 11:50:41,223,VOICE,Sewri,353511414705530
C001192,7145980393,9782002283,2026-02-14 12:17:55,184,VOICE,Chembur,357450258359959
C000321,7960611844,6749574551,2026-02-14 12:31:53,609,VOICE,Nagpada,354323882051646
C001797,9290363962,9614393430,2026-02-14 13:57:01,394,SMS,Powai,351315345743989
C000730,7255549094,9265641111,2026-02-14 14:43:28,671,VOICE,Sewri,358330544066060
C001073,9601811727,9265641111,2026-02-14 15:42:49,120,VOICE,Bhiwandi,354480322336962
C000071,7960611844,8918353735,2026-02-14 16:57:40,818,VOICE,Nagpada,354323882051646
C000738,8908958826,7160292010,2026-02-14 17:20:40,30,VOICE,Sewri,350605618347113
C001900,8410062361,7807849269,2026-02-14 18:45:19,762,VOICE,Bandra West,356361318822301
C002507,9085160582,8211132866,2026-02-14 19:34:30,194,VOICE,Surat,359586431221944
C001732,8049689229,9765846476,2026-02-14 21:46:29,833,VOICE,Panvel,353040453877407
C000029,9156069125,9614393430,2026-02-14 21:53:07,351,VOICE,Vasco da Gama,350357643555674
C002120,6057175033,9738535633,2026-02-14 22:19:10,498,SMS,Thane,350186802972477
C000900,8504779734,6783091866,2026-02-14 22:59:26,485,VOICE,Alibaug,357190448800224
C002348,8531529175,7164355506,2026-02-14 23:09:30,727,VOICE,Nagpada,357270262249966
C000506,8698373788,8614005020,2026-02-15 07:50:46,813,SMS,Thane,358294388684197
C001495,7580593773,7274556629,2026-02-15 08:32:15,686,SMS,Dongri,350967321947834
C000879,9765846476,8504779734,2026-02-15 08:55:58,130,VOICE,Panvel,355501841990582
C002016,9265641111,8504779734,2026-02-15 09:31:37,104,VOICE,Kurla,351237329393046
C000118,8410062361,7728161355,2026-02-15 09:33:56,546,VOICE,Bandra West,356361318822301
C001397,9905406416,6874756217,2026-02-15 11:04:09,579,VOICE,Worli,357042430169924
C000838,7255549094,8563171143,2026-02-15 11:57:36,309,VOICE,Sewri,358330544066060
C002272,8531529175,9793681218,2026-02-15 12:24:11,100,VOICE,Nagpada,357270262249966
C000206,6451864322,7274556629,2026-02-15 14:42:06,535,VOICE,Worli,353593241553751
C000405,7580593773,7274556629,2026-02-15 15:41:21,108,SMS,Dongri,350967321947834
C001443,8803876077,9439133425,2026-02-15 15:41:46,718,VOICE,Worli,359748262942044
C000656,8504779734,9765846476,2026-02-15 16:55:56,100,SMS,Alibaug,357190448800224
C000156,7145980393,8809385077,2026-02-15 17:03:56,758,SMS,Chembur,357450258359959
C001597,8263114372,6269714996,2026-02-15 17:20:19,194,VOICE,Vasco da Gama,354795786400177
C001229,7274556629,6749574551,2026-02-15 17:57:14,646,VOICE,Kalbadevi,358384682630303
C000593,7487467081,6070587565,2026-02-15 18:53:13,836,VOICE,Surat,350120612148912
C000911,8809385077,7113261119,2026-02-15 19:43:03,263,VOICE,Ghatkopar,359753445712105
C000845,8509938173,9376306192,2026-02-15 20:28:30,172,VOICE,Sewri,357194939847413
C002597,8531529175,6451864322,2026-02-15 21:47:47,634,VOICE,Nagpada,357270262249966
C001500,9765846476,6057175033,2026-02-15 21:57:47,451,VOICE,Panvel,355501841990582
C001374,7807849269,6451864322,2026-02-15 22:54:01,377,VOICE,Surat,353312188116800
C002306,6295445353,8531529175,2026-02-15 23:01:44,869,VOICE,Kurla,352000943616276
C002133,9462726847,7960611844,2026-02-16 07:04:22,109,VOICE,Kondhwa,352940475894775
C001899,7960611844,8633254907,2026-02-16 09:49:06,364,VOICE,Nagpada,354323882051646
C000553,6874756217,7255549094,2026-02-16 11:12:39,556,VOICE,Chembur,357062463948703
C001236,7422391172,9117554523,2026-02-16 11:16:25,541,VOICE,Mira Road,359951072909438
C002074,7542743490,8918353735,2026-02-16 11:20:04,707,VOICE,Worli,350859099136625
C001470,6422210580,8504779734,2026-02-16 12:09:53,535,VOICE,Sewri,353511414705530
C000800,7422391172,8712530467,2026-02-16 12:42:52,381,VOICE,Mira Road,359951072909438
C002397,9793681218,9553207492,2026-02-16 13:11:40,700,SMS,Bhiwandi,355582551110274
C002535,6509398630,8211132866,2026-02-16 15:16:08,201,VOICE,Borivali,354315529296969
C001560,9374128579,7728161355,2026-02-16 15:59:06,832,VOICE,Kalbadevi,352116700760695
C002151,7113261119,8435190744,2026-02-16 16:21:43,196,VOICE,Bhiwandi,357365743286792
C000640,6698231223,9376306192,2026-02-16 16:39:46,86,VOICE,Vasco da Gama,355415111975042
C000859,9265641111,6783091866,2026-02-16 16:46:23,438,VOICE,Kurla,351237329393046
C000652,7960611844,7542743490,2026-02-16 17:03:55,342,VOICE,Nagpada,354323882051646
C001516,8633254907,7960611844,2026-02-16 17:37:32,185,SMS,Kurla,358124845036397
C000789,7960611844,8263114372,2026-02-16 18:36:01,565,SMS,Nagpada,354323882051646
C001645,6269714996,8263114372,2026-02-16 20:26:00,603,SMS,Alibaug,351922038881659
C000251,6000839065,7017959495,2026-02-16 22:40:45,214,SMS,Mumbra,350043224205387
C002469,8211132866,7990380175,2026-02-17 08:08:01,29,SMS,Bandra West,354656450114498
C000972,6070587565,8917172888,2026-02-17 09:15:00,580,SMS,Mumbra,350235731179539
C002213,8573287057,7497869350,2026-02-17 10:02:51,783,VOICE,Dongri,357382007306842
C000387,7422391172,9614393430,2026-02-17 10:05:32,771,VOICE,Mira Road,359951072909438
C002099,7840178422,7041867290,2026-02-17 10:17:16,319,SMS,Bandra West,353415828385983
C000610,8908958826,7160292010,2026-02-17 10:46:26,210,VOICE,Sewri,350605618347113
C001901,9376306192,7145980393,2026-02-17 12:56:37,646,VOICE,Dongri,352118531115946
C000469,7017959495,7960611844,2026-02-17 13:04:49,790,SMS,Malad,356516601986066
C001412,8504779734,6783091866,2026-02-17 15:23:55,728,SMS,Alibaug,357190448800224
C000701,9374128579,6324779857,2026-02-17 15:33:30,172,VOICE,Kalbadevi,352116700760695
C002221,7497869350,8573287057,2026-02-17 16:02:15,371,SMS,Nagpada,350148239341998
C000758,7274556629,8918353735,2026-02-17 16:12:57,698,VOICE,Kalbadevi,358384682630303
C000557,8509938173,9932435933,2026-02-17 16:17:44,328,VOICE,Sewri,357194939847413
C000572,9782002283,8014428249,2026-02-17 18:38:51,594,VOICE,Mira Road,355553971859411
C000602,8309143244,9782002283,2026-02-17 20:21:25,802,VOICE,Malad,355488929514758
C001842,9614393430,6919342369,2026-02-17 21:53:37,314,VOICE,Kalbadevi,354510361761252
C001646,7487467081,7361747245,2026-02-17 22:29:09,740,VOICE,Surat,350120612148912
C000537,7580593773,7684964862,2026-02-18 07:40:19,685,VOICE,Dongri,350967321947834
C002123,7017959495,9265641111,2026-02-18 08:15:58,357,VOICE,Malad,356516601986066
C000856,9738535633,6919342369,2026-02-18 08:30:03,550,SMS,Thane,355421879820322
C000751,9932435933,8504779734,2026-02-18 09:00:41,738,VOICE,Nagpada,357122308246850
C002588,8040571307,8068707468,2026-02-18 09:46:53,381,SMS,Andheri East,353032436554175
C001754,7684964862,6919342369,2026-02-18 11:21:11,112,VOICE,Vasco da Gama,351823874776760
C001513,9782002283,8413064207,2026-02-18 14:54:15,599,VOICE,Mira Road,355553971859411
C000675,8309143244,9156069125,2026-02-18 15:16:58,434,VOICE,Malad,355488929514758
C000443,9376306192,6874756217,2026-02-18 15:37:11,394,SMS,Dongri,352118531115946
C002345,8531529175,7164355506,2026-02-18 15:58:23,155,SMS,Nagpada,357270262249966
C001768,7274556629,6451864322,2026-02-18 16:03:15,805,VOICE,Kalbadevi,358384682630303
C002490,8211132866,9085160582,2026-02-18 16:16:29,452,VOICE,Bandra West,354656450114498
C000306,9117554523,9905406416,2026-02-18 17:56:46,83,VOICE,Vashi,350248622680032
C001920,9156069125,9614393430,2026-02-18 19:35:23,81,VOICE,Vasco da Gama,350357643555674
C000010,9765846476,8504779734,2026-02-18 20:05:45,372,VOICE,Panvel,355501841990582
C000257,7580593773,8614005020,2026-02-18 20:57:43,115,VOICE,Dongri,350967321947834
C001954,8014428249,6070587565,2026-02-18 21:24:12,63,VOICE,Surat,352953415687512
C001807,6324779857,7542743490,2026-02-18 22:34:00,657,VOICE,Worli,352660447633248
C001163,8563171143,6422210580,2026-02-19 08:08:35,557,VOICE,Borivali,357354464962239
C001008,9265641111,9376306192,2026-02-19 08:46:40,282,VOICE,Kurla,351237329393046
C000928,7274556629,6451864322,2026-02-19 09:02:14,644,SMS,Kalbadevi,358384682630303
C001942,8563171143,7017959495,2026-02-19 09:10:07,49,VOICE,Borivali,357354464962239
C000731,7017959495,7160292010,2026-02-19 09:48:53,362,VOICE,Malad,356516601986066
C000779,7819703036,8504779734,2026-02-19 09:58:39,874,VOICE,Surat,353341443234274
C001348,8698373788,7274556629,2026-02-19 10:30:18,61,VOICE,Thane,358294388684197
C000077,8309143244,7902659660,2026-02-19 10:59:16,617,SMS,Malad,355488929514758
C000498,7684964862,7807849269,2026-02-19 11:02:26,472,VOICE,Vasco da Gama,351823874776760
C000011,9782002283,8014428249,2026-02-19 12:29:38,520,SMS,Mira Road,355553971859411
C002322,8531529175,6295445353,2026-02-19 13:03:25,729,VOICE,Nagpada,357270262249966
C001352,9462726847,8563171143,2026-02-19 14:32:35,864,VOICE,Kondhwa,352940475894775
C001038,8413064207,8435190744,2026-02-19 18:10:44,729,VOICE,Sewri,356363981391785
C001704,7255549094,8633254907,2026-02-19 19:30:00,275,VOICE,Sewri,358330544066060
C002525,8211132866,6509398630,2026-02-19 21:45:17,312,VOICE,Bandra West,354656450114498
C000002,9265641111,9932435933,2026-02-19 22:23:21,87,VOICE,Kurla,351237329393046
C000371,8621681069,9376306192,2026-02-19 22:44:21,707,SMS,Uran,358095674604257
C001769,9614393430,6783091866,2026-02-19 22:52:45,223,VOICE,Kalbadevi,354510361761252
C002583,8068707468,8531529175,2026-02-19 23:59:41,731,VOICE,Kalyan,353094612785394
C000087,9374128579,7684964862,2026-02-20 07:17:48,257,SMS,Kalbadevi,352116700760695
C000410,7274556629,9932435933,2026-02-20 08:05:10,662,SMS,Kalbadevi,358384682630303
C002217,8573287057,7497869350,2026-02-20 08:35:39,209,VOICE,Dongri,357382007306842
C001174,7902659660,7960611844,2026-02-20 08:51:40,505,VOICE,Bhiwandi,354160585304890
C001782,8309143244,7840178422,2026-02-20 09:29:46,399,VOICE,Malad,355488929514758
C002070,8698373788,7361747245,2026-02-20 09:34:21,431,VOICE,Thane,358294388684197
C000226,7819703036,9446293690,2026-02-20 09:50:00,150,VOICE,Surat,353341443234274
C001758,8410062361,6874756217,2026-02-20 10:06:27,128,VOICE,Bandra West,356361318822301
C002686,6509398630,8504779734,2026-02-20 10:46:51,300,SMS,Borivali,354315529296969
C001726,6070587565,9738535633,2026-02-20 12:01:12,203,SMS,Mumbra,350235731179539
C002399,9553207492,9793681218,2026-02-20 12:45:32,722,SMS,Uran,353766596855086
C000684,7361747245,6874756217,2026-02-20 13:32:20,635,VOICE,Powai,359207454903376
C001902,8484451242,9265641111,2026-02-20 13:47:32,714,VOICE,Andheri East,356557570698072
C001809,8809385077,7113261119,2026-02-20 13:58:18,286,SMS,Ghatkopar,359753445712105
C001919,7113261119,8809385077,2026-02-20 14:19:10,437,VOICE,Bhiwandi,357365743286792
C001365,9782002283,7041867290,2026-02-20 15:25:55,728,VOICE,Mira Road,355553971859411
C002606,9553207492,6919342369,2026-02-20 15:29:13,822,VOICE,Uran,353766596855086
C001543,9156069125,9614393430,2026-02-20 16:44:38,382,VOICE,Vasco da Gama,350357643555674
C000139,8504779734,9782002283,2026-02-20 17:13:25,584,VOICE,Alibaug,357190448800224
C001922,9290363962,7160292010,2026-02-20 18:33:30,33,VOICE,Powai,351315345743989
C002491,9085160582,8211132866,2026-02-20 20:00:08,151,VOICE,Surat,359586431221944
C000526,7145980393,9376306192,2026-02-20 20:08:10,391,VOICE,Chembur,357450258359959
C001401,7041867290,6698231223,2026-02-20 20:25:25,690,SMS,Vasco da Gama,356593787039174
C000969,7807849269,8410062361,2026-02-20 21:54:30,895,VOICE,Surat,353312188116800
C000351,7422391172,8803876077,2026-02-20 22:27:49,630,VOICE,Mira Road,359951072909438
C001992,8614005020,8803876077,2026-02-20 22:50:08,667,VOICE,Panvel,358070645457146
C002410,9553207492,9793681218,2026-02-21 01:43:06,66,VOICE,Uran,353766596855086
C002530,6509398630,8211132866,2026-02-21 08:09:54,633,SMS,Borivali,354315529296969
C001477,7041867290,8917172888,2026-02-21 08:24:09,351,VOICE,Vasco da Gama,356593787039174
C000005,9765846476,6269714996,2026-02-21 08:49:29,237,VOICE,Panvel,355501841990582
C001981,6451864322,9448375856,2026-02-21 09:46:38,118,VOICE,Worli,353593241553751
C000718,7361747245,6874756217,2026-02-21 10:48:22,326,SMS,Powai,359207454903376
C001772,9601811727,8014428249,2026-02-21 11:32:58,708,VOICE,Bhiwandi,354480322336962
C001591,6057175033,9765846476,2026-02-21 12:25:08,742,SMS,Thane,350186802972477
C001801,7145980393,6451864322,2026-02-21 14:32:10,784,SMS,Chembur,357450258359959
C002067,7145980393,8809385077,2026-02-21 14:34:06,386,VOICE,Chembur,357450258359959
C000309,7819703036,9738535633,2026-02-21 15:19:11,401,VOICE,Surat,353341443234274
C002237,8573287057,7497869350,2026-02-21 15:22:33,554,SMS,Dongri,357382007306842
C002315,6295445353,8531529175,2026-02-21 16:10:51,723,VOICE,Kurla,352000943616276
C001850,8918353735,8698373788,2026-02-21 16:17:25,889,VOICE,Bhiwandi,350632959036432
C001320,9374128579,7684964862,2026-02-21 17:54:35,603,VOICE,Kalbadevi,352116700760695
C002011,6896001550,6070587565,2026-02-21 18:07:35,849,SMS,Ulhasnagar,357119059016670
C002601,9793681218,6422210580,2026-02-21 18:37:44,594,VOICE,Bhiwandi,355582551110274
C000970,8633254907,9932435933,2026-02-21 19:46:00,698,SMS,Kurla,358124845036397
C002407,9793681218,9553207492,2026-02-21 20:37:24,237,VOICE,Bhiwandi,355582551110274
C000044,9738535633,7542743490,2026-02-21 20:59:57,539,VOICE,Thane,355421879820322
C000143,8917172888,6783091866,2026-02-21 22:07:43,859,VOICE,Thane,350632016092819
C002138,6698231223,6749574551,2026-02-21 22:18:16,672,SMS,Vasco da Gama,355415111975042
C002149,6783091866,8410062361,2026-02-21 22:37:40,232,VOICE,Nhava Sheva,356236001168684
C002557,7396427122,8531529175,2026-02-22 07:59:58,357,VOICE,Chembur,359294342528593
C000626,8614005020,9448375856,2026-02-22 08:36:40,278,VOICE,Panvel,358070645457146
C001656,7840178422,6070587565,2026-02-22 10:46:17,693,VOICE,Bandra West,353415828385983
C000608,7017959495,9765846476,2026-02-22 11:34:50,636,VOICE,Malad,356516601986066
C000658,8917172888,7041867290,2026-02-22 12:43:18,644,VOICE,Thane,350632016092819
C001331,9290363962,7728161355,2026-02-22 12:46:04,272,SMS,Powai,351315345743989
C002488,8211132866,8040571307,2026-02-22 13:45:30,76,VOICE,Bandra West,354656450114498
C001720,8614005020,7580593773,2026-02-22 13:59:43,591,SMS,Panvel,358070645457146
C000639,7807849269,9448375856,2026-02-22 14:03:47,78,VOICE,Surat,353312188116800
C001825,7902659660,6451864322,2026-02-22 16:18:56,97,SMS,Bhiwandi,354160585304890
C002470,7990380175,8211132866,2026-02-22 16:56:11,890,VOICE,Kalbadevi,354406340434749
C002057,8917172888,8263114372,2026-02-22 17:11:44,314,VOICE,Thane,350632016092819
C002454,8040571307,7990380175,2026-02-22 21:13:55,34,SMS,Andheri East,353032436554175
C002619,7164355506,7113261119,2026-02-22 21:31:05,225,VOICE,Dharavi,357504221689632
C000429,7580593773,8614005020,2026-02-22 21:44:24,110,VOICE,Dongri,350967321947834
C002255,8531529175,9793681218,2026-02-22 21:58:13,37,VOICE,Nagpada,357270262249966
C000406,8484451242,6919342369,2026-02-22 22:05:35,230,SMS,Andheri East,356557570698072
C001642,6324779857,8809385077,2026-02-23 09:16:59,144,VOICE,Worli,352660447633248
C001479,9462726847,9446293690,2026-02-23 09:46:35,897,SMS,Kondhwa,352940475894775
C001853,8809385077,6324779857,2026-02-23 10:10:31,584,SMS,Ghatkopar,359753445712105
C001269,7580593773,7274556629,2026-02-23 11:39:26,893,VOICE,Dongri,350967321947834
C001623,6324779857,9905406416,2026-02-23 12:33:18,552,SMS,Worli,352660447633248
C002110,7487467081,9446293690,2026-02-23 12:46:15,208,VOICE,Surat,350120612148912
C002000,6919342369,7684964862,2026-02-23 13:34:42,425,VOICE,Chembur,357754601261712
C000063,9932435933,8918353735,2026-02-23 14:14:13,34,VOICE,Nagpada,357122308246850
C000428,9156069125,7580593773,2026-02-23 16:09:34,379,VOICE,Vasco da Gama,350357643555674
C000722,9765846476,8563171143,2026-02-23 16:50:26,567,VOICE,Panvel,355501841990582
C001349,7807849269,6451864322,2026-02-23 17:38:57,99,SMS,Surat,353312188116800
C000807,7274556629,9932435933,2026-02-23 18:10:23,796,SMS,Kalbadevi,358384682630303
C001017,9446293690,7819703036,2026-02-23 18:48:42,673,VOICE,Andheri East,352888863909022
C000566,9265641111,9448375856,2026-02-23 19:21:45,58,VOICE,Kurla,351237329393046
C000046,6896001550,9439133425,2026-02-23 19:27:02,272,VOICE,Ulhasnagar,357119059016670
C001197,9462726847,8908958826,2026-02-23 19:54:12,72,VOICE,Kondhwa,352940475894775
C000571,7487467081,8504779734,2026-02-23 20:42:18,306,VOICE,Surat,350120612148912
C000877,8908958826,9439133425,2026-02-23 22:15:51,274,VOICE,Sewri,350605618347113
C000600,9446293690,7902659660,2026-02-23 22:20:55,783,VOICE,Andheri East,352888863909022
C002658,7990380175,7361747245,2026-02-24 03:04:19,199,SMS,Kalbadevi,354406340434749
C000513,9376306192,7487467081,2026-02-24 10:48:58,457,SMS,Dongri,352118531115946
C001632,7542743490,7728161355,2026-02-24 11:40:35,42,SMS,Worli,350859099136625
C000956,7487467081,9446293690,2026-02-24 12:13:00,103,VOICE,Surat,350120612148912
C000828,6324779857,9905406416,2026-02-24 12:29:38,885,VOICE,Worli,352660447633248
C001831,9448375856,9765846476,2026-02-24 12:45:07,572,VOICE,Byculla,352890665759879
C000051,9117554523,7684964862,2026-02-24 12:54:09,366,VOICE,Vashi,350248622680032
C001097,7160292010,7017959495,2026-02-24 13:39:35,620,VOICE,Mira Road,357500646645688
C000520,8263114372,7728161355,2026-02-24 15:18:32,86,VOICE,Vasco da Gama,354795786400177
C001812,8509938173,9376306192,2026-02-24 15:21:23,216,VOICE,Sewri,357194939847413
C002423,9248246355,6295445353,2026-02-24 16:37:06,112,VOICE,Mira Road,351184852310268
C001400,8908958826,6919342369,2026-02-24 16:39:19,300,VOICE,Sewri,350605618347113
C000204,8698373788,8614005020,2026-02-24 16:50:13,60,VOICE,Thane,358294388684197
C001675,7113261119,8809385077,2026-02-24 17:44:34,232,VOICE,Bhiwandi,357365743286792
C001030,6749574551,7684964862,2026-02-24 18:57:15,376,SMS,Surat,356131417119493
C001341,6000839065,9446293690,2026-02-24 19:04:42,368,VOICE,Mumbra,350043224205387
C001071,6874756217,6783091866,2026-02-24 19:40:28,552,VOICE,Chembur,357062463948703
C000182,7160292010,9462726847,2026-02-24 19:42:54,170,SMS,Mira Road,357500646645688
C001069,7041867290,8917172888,2026-02-24 20:12:19,594,VOICE,Vasco da Gama,356593787039174
C002401,9793681218,9553207492,2026-02-24 23:23:05,443,VOICE,Bhiwandi,355582551110274
C002228,8573287057,7497869350,2026-02-25 07:36:35,347,VOICE,Dongri,357382007306842
C002554,7556029118,8040571307,2026-02-25 08:17:35,105,VOICE,Ghatkopar,350889959689984
C001737,7728161355,6698231223,2026-02-25 08:22:25,345,SMS,Mumbra,352515011016845
C000085,8014428249,9446293690,2026-02-25 08:39:40,845,SMS,Surat,352953415687512
C001676,9265641111,7017959495,2026-02-25 08:58:28,683,VOICE,Kurla,351237329393046
C001394,9905406416,8413064207,2026-02-25 09:12:49,265,SMS,Worli,357042430169924
C000490,6451864322,7113261119,2026-02-25 12:01:57,680,VOICE,Worli,353593241553751
C000712,7487467081,7422391172,2026-02-25 12:40:53,146,SMS,Surat,350120612148912
C002625,9248246355,8809385077,2026-02-25 13:01:33,350,VOICE,Mira Road,351184852310268
C001390,9448375856,7807849269,2026-02-25 13:26:56,341,SMS,Byculla,352890665759879
C002083,9601811727,6000839065,2026-02-25 15:01:25,347,VOICE,Bhiwandi,354480322336962
C000047,7041867290,6698231223,2026-02-25 15:53:49,460,VOICE,Vasco da Gama,356593787039174
C000102,9601811727,9265641111,2026-02-25 16:27:27,696,VOICE,Bhiwandi,354480322336962
C000631,6000839065,9446293690,2026-02-25 16:59:47,99,SMS,Mumbra,350043224205387
C000315,8712530467,8614005020,2026-02-25 17:21:12,249,SMS,Nagpada,358921907258563
C001120,7160292010,6451864322,2026-02-25 17:25:24,487,VOICE,Mira Road,357500646645688
C001108,7113261119,8014428249,2026-02-25 18:27:02,639,VOICE,Bhiwandi,357365743286792
C000988,9290363962,7361747245,2026-02-25 20:02:07,187,VOICE,Powai,351315345743989
C001987,7017959495,7422391172,2026-02-25 20:03:40,684,VOICE,Malad,356516601986066
C000922,8621681069,6698231223,2026-02-25 20:43:20,185,VOICE,Uran,358095674604257
C000875,6698231223,9932435933,2026-02-25 21:31:45,300,VOICE,Vasco da Gama,355415111975042
C002549,8531529175,7556029118,2026-02-25 21:53:56,313,SMS,Nagpada,357270262249966
C002080,7487467081,7422391172,2026-02-25 22:07:40,196,VOICE,Surat,350120612148912
C001861,6070587565,7487467081,2026-02-25 22:13:32,900,VOICE,Mumbra,350235731179539
C002313,8531529175,6295445353,2026-02-25 23:33:50,221,VOICE,Nagpada,357270262249966
C002480,7990380175,8211132866,2026-02-26 00:49:30,381,VOICE,Kalbadevi,354406340434749
C002320,8531529175,6295445353,2026-02-26 02:53:09,148,VOICE,Nagpada,357270262249966
C001593,7542743490,8712530467,2026-02-26 07:02:26,565,VOICE,Worli,350859099136625
C002032,8633254907,7960611844,2026-02-26 07:27:56,462,VOICE,Kurla,358124845036397
C000745,9117554523,8509938173,2026-02-26 08:02:26,558,SMS,Vashi,350248622680032
C000961,8917172888,6783091866,2026-02-26 08:31:04,500,SMS,Thane,350632016092819
C000583,8410062361,7728161355,2026-02-26 08:45:29,660,SMS,Bandra West,356361318822301
C002316,6295445353,8531529175,2026-02-26 08:52:56,179,VOICE,Kurla,352000943616276
C001155,6783091866,6698231223,2026-02-26 08:54:22,119,VOICE,Nhava Sheva,356236001168684
C002141,8621681069,7017959495,2026-02-26 09:03:51,112,VOICE,Uran,358095674604257
C000668,6269714996,7487467081,2026-02-26 09:12:05,735,VOICE,Alibaug,351922038881659
C001109,7255549094,9932435933,2026-02-26 10:42:54,185,VOICE,Sewri,358330544066060
C002051,8712530467,6874756217,2026-02-26 13:06:36,432,VOICE,Nagpada,358921907258563
C000287,8309143244,6057175033,2026-02-26 14:05:43,292,SMS,Malad,355488929514758
C001231,9905406416,6057175033,2026-02-26 14:09:48,25,SMS,Worli,357042430169924
C000801,7113261119,9765846476,2026-02-26 14:32:00,518,VOICE,Bhiwandi,357365743286792
C001815,7902659660,8614005020,2026-02-26 16:21:13,343,VOICE,Bhiwandi,354160585304890
C000949,6896001550,7113261119,2026-02-26 16:50:38,432,VOICE,Ulhasnagar,357119059016670
C000592,7580593773,6000839065,2026-02-26 18:50:38,493,SMS,Dongri,350967321947834
C001653,6000839065,9446293690,2026-02-26 18:55:32,294,VOICE,Mumbra,350043224205387
C000332,7960611844,8263114372,2026-02-26 18:55:42,86,VOICE,Nagpada,354323882051646
C000717,8413064207,8621681069,2026-02-26 19:21:48,763,VOICE,Sewri,356363981391785
C001750,8633254907,7902659660,2026-02-26 19:24:46,304,VOICE,Kurla,358124845036397
C000995,8918353735,9738535633,2026-02-26 19:50:23,247,VOICE,Bhiwandi,350632959036432
C002657,8068707468,6874756217,2026-02-26 19:57:55,573,VOICE,Kalyan,353094612785394
C000892,9376306192,8621681069,2026-02-26 20:01:09,79,SMS,Dongri,352118531115946
C001063,8484451242,7542743490,2026-02-26 20:08:20,268,SMS,Andheri East,356557570698072
C000790,6324779857,9905406416,2026-02-26 20:37:20,671,VOICE,Worli,352660447633248
C001811,8309143244,7902659660,2026-02-26 21:31:33,589,SMS,Malad,355488929514758
C000561,9439133425,6749574551,2026-02-26 22:05:02,898,SMS,Kondhwa,352863979633543
C002374,8531529175,9248246355,2026-02-26 22:31:15,433,VOICE,Nagpada,357270262249966
C002608,9553207492,9738535633,2026-02-27 07:10:36,838,SMS,Uran,353766596855086
C002650,8068707468,6783091866,2026-02-27 07:51:55,201,VOICE,Kalyan,353094612785394
C000510,7255549094,6422210580,2026-02-27 08:15:25,634,SMS,Sewri,358330544066060
C000115,9601811727,8803876077,2026-02-27 10:00:18,654,SMS,Bhiwandi,354480322336962
C002392,9793681218,9553207492,2026-02-27 10:57:23,509,VOICE,Bhiwandi,355582551110274
C000197,6451864322,9448375856,2026-02-27 11:03:06,134,SMS,Worli,353593241553751
C001938,9601811727,7728161355,2026-02-27 11:51:23,223,SMS,Bhiwandi,354480322336962
C001933,8917172888,6783091866,2026-02-27 12:01:30,253,VOICE,Thane,350632016092819
C001421,9782002283,7041867290,2026-02-27 12:33:36,641,VOICE,Mira Road,355553971859411
C001469,7684964862,9117554523,2026-02-27 12:43:35,321,VOICE,Vasco da Gama,351823874776760
C002159,8917172888,8263114372,2026-02-27 13:37:24,681,VOICE,Thane,350632016092819
C001934,7684964862,6919342369,2026-02-27 16:34:28,762,VOICE,Vasco da Gama,351823874776760
C001818,8413064207,8014428249,2026-02-27 17:14:27,559,SMS,Sewri,356363981391785
C000127,7580593773,7542743490,2026-02-27 17:25:57,273,SMS,Dongri,350967321947834
C002646,8335834126,8803876077,2026-02-27 17:27:58,828,VOICE,Mumbra,355568116851673
C001193,8917172888,6783091866,2026-02-27 17:54:03,135,VOICE,Thane,350632016092819
C001615,7487467081,6070587565,2026-02-27 18:21:03,337,VOICE,Surat,350120612148912
C001712,9448375856,8504779734,2026-02-27 19:07:54,299,VOICE,Byculla,352890665759879
C000456,9932435933,6698231223,2026-02-27 19:55:27,220,VOICE,Nagpada,357122308246850
C002145,9156069125,8712530467,2026-02-27 20:43:16,632,SMS,Vasco da Gama,350357643555674
C000032,7960611844,8614005020,2026-02-27 20:48:16,774,VOICE,Nagpada,354323882051646
C002132,8563171143,6000839065,2026-02-27 20:51:38,727,VOICE,Borivali,357354464962239
C000599,9376306192,7145980393,2026-02-27 20:53:31,115,VOICE,Dongri,352118531115946
C000013,6451864322,7807849269,2026-02-27 21:31:00,166,SMS,Worli,353593241553751
C000824,8918353735,7274556629,2026-02-27 22:32:12,868,SMS,Bhiwandi,350632959036432
C002203,8573287057,7497869350,2026-02-28 00:43:26,529,VOICE,Dongri,357382007306842
C001531,7840178422,7145980393,2026-02-28 07:30:42,803,VOICE,Bandra West,353415828385983
C001610,9265641111,7017959495,2026-02-28 08:02:04,820,SMS,Kurla,351237329393046
C001019,9290363962,8614005020,2026-02-28 08:06:06,835,VOICE,Powai,351315345743989
C000158,8633254907,9601811727,2026-02-28 09:04:21,237,VOICE,Kurla,358124845036397
C001219,9290363962,7728161355,2026-02-28 09:08:24,319,VOICE,Powai,351315345743989
C002292,9793681218,8531529175,2026-02-28 09:38:23,472,SMS,Bhiwandi,355582551110274
C002459,7990380175,8040571307,2026-02-28 10:59:25,500,VOICE,Kalbadevi,354406340434749
C000811,7840178422,7145980393,2026-02-28 11:29:04,785,VOICE,Bandra West,353415828385983
C001405,7361747245,8809385077,2026-02-28 11:44:44,778,VOICE,Powai,359207454903376
C000863,8413064207,9782002283,2026-02-28 11:55:54,475,VOICE,Sewri,356363981391785
C002414,9248246355,6295445353,2026-02-28 12:57:13,147,SMS,Mira Road,351184852310268
C000715,6422210580,9738535633,2026-02-28 13:23:32,437,VOICE,Sewri,353511414705530
C000255,6057175033,8309143244,2026-02-28 13:59:06,426,VOICE,Thane,350186802972477
C000160,7113261119,8435190744,2026-02-28 14:08:34,839,VOICE,Bhiwandi,357365743286792
C002545,6509398630,9085160582,2026-02-28 14:18:23,272,VOICE,Borivali,354315529296969
C000930,7361747245,6749574551,2026-02-28 14:21:55,540,VOICE,Powai,359207454903376
C000218,8712530467,8614005020,2026-02-28 16:13:24,307,VOICE,Nagpada,358921907258563
C001910,8309143244,9156069125,2026-02-28 18:39:07,665,VOICE,Malad,355488929514758
C001644,9439133425,6874756217,2026-02-28 19:37:03,481,SMS,Kondhwa,352863979633543
C001581,7819703036,9738535633,2026-02-28 20:56:46,813,SMS,Surat,353341443234274
C002010,8614005020,8698373788,2026-02-28 22:02:10,147,SMS,Panvel,358070645457146
C000821,7819703036,9782002283,2026-02-28 22:03:01,744,VOICE,Surat,353341443234274
C002242,6673937340,8573287057,2026-02-28 23:01:23,761,VOICE,Kalbadevi,355355849812238
C002330,7164355506,8531529175,2026-03-01 00:31:19,214,VOICE,Dharavi,357504221689632
C000009,8509938173,9932435933,2026-03-01 07:53:34,557,SMS,Sewri,357194939847413
C000298,9448375856,8504779734,2026-03-01 08:05:32,32,VOICE,Byculla,352890665759879
C000503,9614393430,6919342369,2026-03-01 09:22:12,187,SMS,Kalbadevi,354510361761252
C000978,6324779857,8621681069,2026-03-01 09:24:13,209,VOICE,Worli,352660447633248
C001995,7807849269,9462726847,2026-03-01 09:43:53,860,VOICE,Surat,353312188116800
C000026,8410062361,6874756217,2026-03-01 10:36:42,421,VOICE,Bandra West,356361318822301
C001082,6324779857,7542743490,2026-03-01 10:47:17,755,VOICE,Worli,352660447633248
C000137,7017959495,8712530467,2026-03-01 11:25:45,808,VOICE,Malad,356516601986066
C002004,7274556629,9932435933,2026-03-01 11:32:10,368,VOICE,Kalbadevi,358384682630303
C002518,6509398630,8211132866,2026-03-01 12:09:49,239,SMS,Borivali,354315529296969
C000810,7255549094,9265641111,2026-03-01 12:37:40,708,VOICE,Sewri,358330544066060
C001485,7807849269,8410062361,2026-03-01 14:00:51,841,SMS,Surat,353312188116800
C001832,6896001550,7960611844,2026-03-01 14:08:20,233,VOICE,Ulhasnagar,357119059016670
C002475,8211132866,7990380175,2026-03-01 15:55:39,548,VOICE,Bandra West,354656450114498
C002252,6673937340,8573287057,2026-03-01 16:35:13,792,SMS,Kalbadevi,355355849812238
C000980,9290363962,8621681069,2026-03-01 17:16:20,97,VOICE,Powai,351315345743989
C001373,8509938173,7542743490,2026-03-01 17:43:05,500,SMS,Sewri,357194939847413
C000619,8809385077,6070587565,2026-03-01 18:50:03,784,VOICE,Ghatkopar,359753445712105
C001927,6324779857,8809385077,2026-03-01 19:05:37,808,VOICE,Worli,352660447633248
C002592,6577461070,9439133425,2026-03-01 19:12:41,607,SMS,Dongri,354506368232793
C000481,9738535633,7542743490,2026-03-01 20:31:13,35,VOICE,Thane,355421879820322
C000702,8809385077,9905406416,2026-03-01 20:42:46,105,VOICE,Ghatkopar,359753445712105
C001498,9265641111,8484451242,2026-03-01 20:48:30,168,VOICE,Kurla,351237329393046
C001604,9448375856,7807849269,2026-03-01 21:40:43,331,VOICE,Byculla,352890665759879
C000484,8014428249,9601811727,2026-03-01 21:45:15,497,VOICE,Surat,352953415687512
C001209,8014428249,7145980393,2026-03-01 21:48:41,875,VOICE,Surat,352953415687512
C002473,8211132866,7990380175,2026-03-01 21:54:26,331,VOICE,Bandra West,354656450114498
C002314,8531529175,6295445353,2026-03-01 23:14:02,835,VOICE,Nagpada,357270262249966
C002571,8531529175,8335834126,2026-03-02 03:45:07,686,VOICE,Nagpada,357270262249966
C002333,8531529175,7164355506,2026-03-02 07:54:07,476,VOICE,Nagpada,357270262249966
C002223,7497869350,8573287057,2026-03-02 09:34:20,472,VOICE,Nagpada,350148239341998
C000643,7422391172,8263114372,2026-03-02 10:52:16,43,VOICE,Mira Road,359951072909438
C001968,9376306192,9265641111,2026-03-02 11:00:45,78,VOICE,Dongri,352118531115946
C001986,7255549094,8918353735,2026-03-02 11:52:01,295,VOICE,Sewri,358330544066060
C001461,7840178422,7041867290,2026-03-02 12:03:11,121,VOICE,Bandra West,353415828385983
C002623,9248246355,8509938173,2026-03-02 13:07:24,321,SMS,Mira Road,351184852310268
C000636,7902659660,8309143244,2026-03-02 16:18:54,413,VOICE,Bhiwandi,354160585304890
C000947,9738535633,8918353735,2026-03-02 17:05:35,743,VOICE,Thane,355421879820322
C002002,6874756217,8712530467,2026-03-02 17:52:32,718,VOICE,Chembur,357062463948703
C000086,7113261119,9765846476,2026-03-02 18:06:17,450,VOICE,Bhiwandi,357365743286792
C000814,9905406416,9117554523,2026-03-02 18:39:43,859,VOICE,Worli,357042430169924
C000910,7840178422,8435190744,2026-03-02 19:06:46,636,VOICE,Bandra West,353415828385983
C001224,8908958826,9462726847,2026-03-02 19:23:11,340,VOICE,Sewri,350605618347113
C000672,9614393430,8803876077,2026-03-02 19:40:22,137,VOICE,Kalbadevi,354510361761252
C000471,9765846476,9448375856,2026-03-02 20:07:00,472,SMS,Panvel,355501841990582
C002538,6509398630,9085160582,2026-03-02 21:13:09,234,VOICE,Borivali,354315529296969
C000531,9439133425,6749574551,2026-03-02 22:43:28,92,VOICE,Kondhwa,352863979633543
C002131,9439133425,8014428249,2026-03-03 08:53:22,192,VOICE,Kondhwa,352863979633543
C001447,7487467081,7361747245,2026-03-03 10:18:29,827,VOICE,Surat,350120612148912
C001548,7487467081,8504779734,2026-03-03 10:23:06,211,VOICE,Surat,350120612148912
C002184,7422391172,7902659660,2026-03-03 11:05:00,175,VOICE,Mira Road,359951072909438
C000740,6874756217,8014428249,2026-03-03 11:28:14,445,VOICE,Chembur,357062463948703
C002649,8335834126,8621681069,2026-03-03 12:25:46,54,VOICE,Mumbra,355568116851673
C001567,9905406416,8614005020,2026-03-03 12:39:06,319,SMS,Worli,357042430169924
C001146,7580593773,8712530467,2026-03-03 13:56:23,62,VOICE,Dongri,350967321947834
C000569,7487467081,7361747245,2026-03-03 20:20:30,605,SMS,Surat,350120612148912
C000125,9376306192,9290363962,2026-03-03 20:32:36,25,VOICE,Dongri,352118531115946
C001749,7960611844,7017959495,2026-03-03 20:46:17,396,SMS,Nagpada,354323882051646
C000871,8309143244,8908958826,2026-03-03 20:53:46,464,VOICE,Malad,355488929514758
C000855,8614005020,9265641111,2026-03-03 22:07:00,635,SMS,Panvel,358070645457146
C000396,6783091866,8917172888,2026-03-03 22:32:06,589,VOICE,Nhava Sheva,356236001168684
C002383,9553207492,9793681218,2026-03-04 07:54:45,134,VOICE,Uran,353766596855086
C001786,8014428249,6874756217,2026-03-04 08:12:25,333,VOICE,Surat,352953415687512
C001238,6269714996,8263114372,2026-03-04 08:33:41,358,SMS,Alibaug,351922038881659
C000914,9738535633,7819703036,2026-03-04 08:52:16,41,SMS,Thane,355421879820322
C001857,8621681069,9376306192,2026-03-04 08:59:07,103,SMS,Uran,358095674604257
C001944,7902659660,7960611844,2026-03-04 09:23:08,275,VOICE,Bhiwandi,354160585304890
C001889,7902659660,9446293690,2026-03-04 10:30:48,780,VOICE,Bhiwandi,354160585304890
C001385,9439133425,6749574551,2026-03-04 11:12:21,567,VOICE,Kondhwa,352863979633543
C000679,7017959495,8049689229,2026-03-04 12:23:40,714,VOICE,Malad,356516601986066
C002509,8211132866,9085160582,2026-03-04 13:39:02,405,VOICE,Bandra West,354656450114498
C001502,8309143244,7840178422,2026-03-04 14:22:16,718,VOICE,Malad,355488929514758
C000434,8621681069,7017959495,2026-03-04 14:25:32,808,VOICE,Uran,358095674604257
C001279,9156069125,7580593773,2026-03-04 14:57:22,675,VOICE,Vasco da Gama,350357643555674
C001264,8803876077,8049689229,2026-03-04 14:58:03,530,SMS,Worli,359748262942044
C001248,7840178422,6070587565,2026-03-04 15:08:42,258,VOICE,Bandra West,353415828385983
C000473,8712530467,8504779734,2026-03-04 15:10:34,579,VOICE,Nagpada,358921907258563
C002433,7164355506,6295445353,2026-03-04 15:46:10,128,SMS,Dharavi,357504221689632
C000920,7017959495,7422391172,2026-03-04 19:42:10,94,SMS,Malad,356516601986066
C001210,7807849269,9448375856,2026-03-04 19:53:35,86,SMS,Surat,353312188116800
C002429,6295445353,7164355506,2026-03-04 20:10:56,553,VOICE,Kurla,352000943616276
C001733,7728161355,9601811727,2026-03-04 20:19:44,567,VOICE,Mumbra,352515011016845
C001854,7113261119,8809385077,2026-03-04 21:37:18,714,VOICE,Bhiwandi,357365743286792
C001609,8049689229,7160292010,2026-03-04 22:17:40,63,VOICE,Panvel,353040453877407
C000530,7684964862,8504779734,2026-03-04 22:44:34,54,VOICE,Vasco da Gama,351823874776760
C002094,9156069125,9614393430,2026-03-04 22:45:24,758,SMS,Vasco da Gama,350357643555674
C000661,9601811727,7728161355,2026-03-04 22:49:28,293,VOICE,Bhiwandi,354480322336962
C002308,6295445353,8531529175,2026-03-04 23:14:47,618,SMS,Kurla,352000943616276
C002325,6295445353,8531529175,2026-03-05 00:04:09,417,VOICE,Kurla,352000943616276
C002030,8309143244,7902659660,2026-03-05 07:30:29,600,VOICE,Malad,355488929514758
C001798,9290363962,6749574551,2026-03-05 08:49:13,90,VOICE,Powai,351315345743989
C002121,8698373788,8614005020,2026-03-05 09:12:49,350,VOICE,Thane,358294388684197
C000423,7017959495,8803876077,2026-03-05 09:22:31,426,VOICE,Malad,356516601986066
C002506,9085160582,8211132866,2026-03-05 09:23:41,267,VOICE,Surat,359586431221944
C000744,6919342369,6422210580,2026-03-05 09:29:47,281,VOICE,Chembur,357754601261712
C000705,8014428249,8803876077,2026-03-05 09:30:47,766,VOICE,Surat,352953415687512
C001409,7684964862,7422391172,2026-03-05 10:12:27,511,VOICE,Vasco da Gama,351823874776760
C002541,9085160582,6509398630,2026-03-05 12:17:02,145,VOICE,Surat,359586431221944
C000278,9446293690,7487467081,2026-03-05 12:29:04,598,SMS,Andheri East,352888863909022
C001836,7684964862,6919342369,2026-03-05 13:18:24,333,VOICE,Vasco da Gama,351823874776760
C002362,9248246355,8531529175,2026-03-05 13:48:19,113,VOICE,Mira Road,351184852310268
C002390,9793681218,9553207492,2026-03-05 14:09:36,281,VOICE,Bhiwandi,355582551110274
C001918,7728161355,8563171143,2026-03-05 14:13:45,782,VOICE,Mumbra,352515011016845
C002442,8040571307,7990380175,2026-03-05 14:43:02,296,VOICE,Andheri East,353032436554175
C000594,8413064207,9738535633,2026-03-05 15:04:12,325,VOICE,Sewri,356363981391785
C001580,9765846476,8049689229,2026-03-05 18:00:41,799,VOICE,Panvel,355501841990582
C001102,9156069125,7580593773,2026-03-05 18:21:31,535,VOICE,Vasco da Gama,350357643555674
C001433,9738535633,6451864322,2026-03-05 19:17:11,179,VOICE,Thane,355421879820322
C001806,8410062361,7728161355,2026-03-05 19:36:11,239,SMS,Bandra West,356361318822301
C000494,9290363962,9376306192,2026-03-05 19:53:41,565,SMS,Powai,351315345743989
C001048,8509938173,9376306192,2026-03-05 21:45:29,813,VOICE,Sewri,357194939847413
C000101,8698373788,7274556629,2026-03-05 22:02:54,677,VOICE,Thane,358294388684197
C002326,6295445353,8531529175,2026-03-05 23:35:02,357,VOICE,Kurla,352000943616276
C002201,8573287057,7497869350,2026-03-06 00:12:09,651,VOICE,Dongri,357382007306842
C001244,8712530467,7145980393,2026-03-06 08:38:22,191,VOICE,Nagpada,358921907258563
C002683,6509398630,8614005020,2026-03-06 10:39:48,216,VOICE,Borivali,354315529296969
C001847,8621681069,7017959495,2026-03-06 10:59:03,685,VOICE,Uran,358095674604257
C001422,8263114372,7960611844,2026-03-06 10:59:12,480,SMS,Vasco da Gama,354795786400177
C000808,7819703036,6422210580,2026-03-06 11:45:38,764,SMS,Surat,353341443234274
C001066,8484451242,6749574551,2026-03-06 12:33:24,467,VOICE,Andheri East,356557570698072
C000343,7840178422,7145980393,2026-03-06 13:20:10,267,VOICE,Bandra West,353415828385983
C002593,8531529175,8803876077,2026-03-06 14:38:24,303,VOICE,Nagpada,357270262249966
C000172,8049689229,9765846476,2026-03-06 14:58:16,734,VOICE,Panvel,353040453877407
C000126,6000839065,6749574551,2026-03-06 15:54:45,232,VOICE,Mumbra,350043224205387
C001043,6269714996,8263114372,2026-03-06 18:42:28,464,VOICE,Alibaug,351922038881659
C001041,8633254907,7902659660,2026-03-06 19:18:59,546,SMS,Kurla,358124845036397
C001355,8509938173,9376306192,2026-03-06 19:24:04,117,SMS,Sewri,357194939847413
C001693,8698373788,7684964862,2026-03-06 19:36:53,649,VOICE,Thane,358294388684197
C000269,9905406416,6874756217,2026-03-06 19:40:53,710,VOICE,Worli,357042430169924
C001256,7113261119,6896001550,2026-03-06 20:18:35,255,VOICE,Bhiwandi,357365743286792
C000260,9448375856,8504779734,2026-03-06 21:53:49,642,SMS,Byculla,352890665759879
C001752,8049689229,6451864322,2026-03-06 21:55:36,313,SMS,Panvel,353040453877407
C000581,6000839065,7017959495,2026-03-06 22:13:48,224,VOICE,Mumbra,350043224205387
C002329,7164355506,8531529175,2026-03-07 00:26:06,532,VOICE,Dharavi,357504221689632
C002386,9553207492,9793681218,2026-03-07 02:15:27,695,VOICE,Uran,353766596855086
C002624,9248246355,6422210580,2026-03-07 07:02:55,753,VOICE,Mira Road,351184852310268
C001867,9376306192,9290363962,2026-03-07 07:11:14,619,SMS,Dongri,352118531115946
C002569,8335834126,8531529175,2026-03-07 07:15:02,321,VOICE,Mumbra,355568116851673
C001259,8809385077,7361747245,2026-03-07 08:19:07,559,VOICE,Ghatkopar,359753445712105
C002496,8211132866,9085160582,2026-03-07 08:34:55,103,VOICE,Bandra West,354656450114498
C002471,8211132866,7990380175,2026-03-07 08:49:46,546,SMS,Bandra West,354656450114498
C002305,8531529175,6295445353,2026-03-07 09:29:05,643,SMS,Nagpada,357270262249966
C001406,7145980393,6451864322,2026-03-07 10:08:30,727,VOICE,Chembur,357450258359959
C002361,8531529175,9248246355,2026-03-07 10:51:15,85,VOICE,Nagpada,357270262249966
C002097,9601811727,8633254907,2026-03-07 14:01:43,578,VOICE,Bhiwandi,354480322336962
C002610,9553207492,7902659660,2026-03-07 14:18:01,271,VOICE,Uran,353766596855086
C000212,8614005020,9905406416,2026-03-07 14:32:01,589,VOICE,Panvel,358070645457146
C001870,6698231223,8563171143,2026-03-07 15:18:37,306,VOICE,Vasco da Gama,355415111975042
C000299,7113261119,8809385077,2026-03-07 15:55:30,446,SMS,Bhiwandi,357365743286792
C001966,7487467081,8504779734,2026-03-07 16:54:12,771,VOICE,Surat,350120612148912
C001702,6057175033,9738535633,2026-03-07 16:57:56,87,VOICE,Thane,350186802972477
C002440,7990380175,8040571307,2026-03-07 17:02:55,463,VOICE,Kalbadevi,354406340434749
C001602,7542743490,6324779857,2026-03-07 17:35:29,603,VOICE,Worli,350859099136625
C002188,7255549094,8410062361,2026-03-07 17:40:23,589,SMS,Sewri,358330544066060
C002164,7807849269,9462726847,2026-03-07 18:21:46,218,VOICE,Surat,353312188116800
C002176,9448375856,6451864322,2026-03-07 18:29:30,442,VOICE,Byculla,352890665759879
C001620,9156069125,6749574551,2026-03-07 18:41:36,339,SMS,Vasco da Gama,350357643555674
C000743,6000839065,6749574551,2026-03-07 19:08:26,194,VOICE,Mumbra,350043224205387
C001697,8621681069,6698231223,2026-03-07 21:38:13,791,VOICE,Uran,358095674604257
C002092,8413064207,8435190744,2026-03-07 21:53:23,199,VOICE,Sewri,356363981391785
C001588,6749574551,7160292010,2026-03-07 22:29:21,123,VOICE,Surat,356131417119493
C001579,8014428249,9782002283,2026-03-07 22:40:05,487,VOICE,Surat,352953415687512
C002194,7960611844,7542743490,2026-03-07 22:55:10,634,SMS,Nagpada,354323882051646
C001996,6057175033,8309143244,2026-03-08 09:21:52,315,VOICE,Thane,350186802972477
C001383,7160292010,6451864322,2026-03-08 09:40:33,510,VOICE,Mira Road,357500646645688
C001367,9439133425,8413064207,2026-03-08 10:48:58,149,VOICE,Kondhwa,352863979633543
C001052,8410062361,7807849269,2026-03-08 11:18:02,155,VOICE,Bandra West,356361318822301
C002134,6070587565,7840178422,2026-03-08 11:48:46,322,VOICE,Mumbra,350235731179539
C002224,8573287057,7497869350,2026-03-08 12:21:14,92,VOICE,Dongri,357382007306842
C000925,9905406416,6324779857,2026-03-08 13:07:51,146,VOICE,Worli,357042430169924
C000400,8435190744,8413064207,2026-03-08 13:50:49,297,VOICE,Vashi,356420812912845
C001167,8803876077,9439133425,2026-03-08 15:32:00,305,VOICE,Worli,359748262942044
C000880,7160292010,8014428249,2026-03-08 16:11:19,139,VOICE,Mira Road,357500646645688
C000037,7113261119,8563171143,2026-03-08 16:50:18,779,SMS,Bhiwandi,357365743286792
C002109,8509938173,9932435933,2026-03-08 17:02:31,826,VOICE,Sewri,357194939847413
C000366,9782002283,9765846476,2026-03-08 17:59:29,640,VOICE,Mira Road,355553971859411
C000500,6919342369,9290363962,2026-03-08 18:53:44,824,VOICE,Chembur,357754601261712
C000418,8633254907,7361747245,2026-03-08 19:13:18,371,VOICE,Kurla,358124845036397
C000534,6070587565,7487467081,2026-03-08 20:23:45,122,VOICE,Mumbra,350235731179539
C001243,7960611844,6324779857,2026-03-09 07:27:08,507,SMS,Nagpada,354323882051646
C000716,9439133425,8803876077,2026-03-09 07:48:57,794,VOICE,Kondhwa,352863979633543
C000689,8633254907,7041867290,2026-03-09 08:18:58,40,SMS,Kurla,358124845036397
C001476,8014428249,9782002283,2026-03-09 08:20:39,865,VOICE,Surat,352953415687512
C001242,9738535633,6698231223,2026-03-09 08:30:34,149,VOICE,Thane,355421879820322
C000224,8484451242,6919342369,2026-03-09 09:13:20,216,SMS,Andheri East,356557570698072
C001384,7542743490,8712530467,2026-03-09 09:28:42,466,VOICE,Worli,350859099136625
C000289,9376306192,9265641111,2026-03-09 09:30:17,802,VOICE,Dongri,352118531115946
C002144,9738535633,6919342369,2026-03-09 09:42:35,38,VOICE,Thane,355421879820322
C001856,7807849269,9448375856,2026-03-09 10:41:48,125,VOICE,Surat,353312188116800
C001855,8484451242,9376306192,2026-03-09 10:53:43,831,VOICE,Andheri East,356557570698072
C000802,6057175033,7728161355,2026-03-09 11:44:27,37,VOICE,Thane,350186802972477
C000831,7274556629,8698373788,2026-03-09 12:37:32,364,VOICE,Kalbadevi,358384682630303
C001670,9117554523,6783091866,2026-03-09 12:38:12,582,VOICE,Vashi,350248622680032
C000564,8563171143,6000839065,2026-03-09 14:14:03,426,VOICE,Borivali,357354464962239
C000247,9738535633,6422210580,2026-03-09 14:57:33,498,VOICE,Thane,355421879820322
C000186,8809385077,8633254907,2026-03-09 15:02:21,121,VOICE,Ghatkopar,359753445712105
C001574,9376306192,6698231223,2026-03-09 15:12:58,840,VOICE,Dongri,352118531115946
C002186,6919342369,7684964862,2026-03-09 15:17:17,121,VOICE,Chembur,357754601261712
C000248,8435190744,8803876077,2026-03-09 15:30:29,817,VOICE,Vashi,356420812912845
C000152,9446293690,9462726847,2026-03-09 18:12:16,425,VOICE,Andheri East,352888863909022
C000084,7361747245,8633254907,2026-03-09 19:09:59,198,SMS,Powai,359207454903376
C001233,7255549094,8410062361,2026-03-09 20:09:18,404,VOICE,Sewri,358330544066060
C000234,7255549094,6269714996,2026-03-09 20:54:15,346,VOICE,Sewri,358330544066060
C000375,7902659660,7960611844,2026-03-09 21:32:22,572,VOICE,Bhiwandi,354160585304890
C000339,8263114372,7422391172,2026-03-09 21:36:00,44,VOICE,Vasco da Gama,354795786400177
C002515,6509398630,8211132866,2026-03-09 22:09:09,282,SMS,Borivali,354315529296969
C000523,9765846476,7113261119,2026-03-09 22:25:02,187,VOICE,Panvel,355501841990582
C001051,8509938173,9117554523,2026-03-09 22:40:14,687,VOICE,Sewri,357194939847413
C002195,6874756217,8435190744,2026-03-09 22:54:45,492,VOICE,Chembur,357062463948703
C002270,8531529175,9793681218,2026-03-10 01:16:38,584,VOICE,Nagpada,357270262249966
C002247,6673937340,8573287057,2026-03-10 03:53:56,499,VOICE,Kalbadevi,355355849812238
C000694,7819703036,9782002283,2026-03-10 07:02:03,427,VOICE,Surat,353341443234274
C001767,7840178422,8309143244,2026-03-10 07:08:06,415,VOICE,Bandra West,353415828385983
C001566,8435190744,8413064207,2026-03-10 07:08:53,755,VOICE,Vashi,356420812912845
C000348,9932435933,7422391172,2026-03-10 07:34:15,310,VOICE,Nagpada,357122308246850
C000876,6874756217,7580593773,2026-03-10 07:47:36,394,VOICE,Chembur,357062463948703
C000756,8049689229,7807849269,2026-03-10 11:24:11,59,VOICE,Panvel,353040453877407
C002160,8908958826,7160292010,2026-03-10 11:45:31,756,VOICE,Sewri,350605618347113
C000628,8698373788,8803876077,2026-03-10 12:36:37,240,VOICE,Thane,358294388684197
C001074,6422210580,7145980393,2026-03-10 12:37:49,287,VOICE,Sewri,353511414705530
C001658,6057175033,7960611844,2026-03-10 13:30:21,456,VOICE,Thane,350186802972477
C001757,6896001550,6919342369,2026-03-10 13:54:49,79,VOICE,Ulhasnagar,357119059016670
C001247,7255549094,6269714996,2026-03-10 13:59:32,48,VOICE,Sewri,358330544066060
C000545,6057175033,7960611844,2026-03-10 14:42:30,421,VOICE,Thane,350186802972477
C000390,9290363962,8614005020,2026-03-10 15:02:28,725,SMS,Powai,351315345743989
C001410,6269714996,7255549094,2026-03-10 16:00:53,62,VOICE,Alibaug,351922038881659
C000812,9448375856,8504779734,2026-03-10 20:17:50,46,SMS,Byculla,352890665759879
C001557,8803876077,7274556629,2026-03-10 20:18:36,572,SMS,Worli,359748262942044
C001304,8917172888,6070587565,2026-03-10 20:40:36,612,SMS,Thane,350632016092819
C000270,9265641111,9374128579,2026-03-10 22:23:08,616,VOICE,Kurla,351237329393046
C001175,9765846476,6896001550,2026-03-11 07:06:31,824,VOICE,Panvel,355501841990582
C000616,6269714996,9765846476,2026-03-11 07:50:22,856,VOICE,Alibaug,351922038881659
C001039,6783091866,6874756217,2026-03-11 09:34:36,247,SMS,Nhava Sheva,356236001168684
C002035,9614393430,9290363962,2026-03-11 10:00:55,881,SMS,Kalbadevi,354510361761252
C001159,7684964862,8698373788,2026-03-11 12:41:54,679,SMS,Vasco da Gama,351823874776760
C002075,7487467081,8484451242,2026-03-11 13:28:34,813,VOICE,Surat,350120612148912
C001456,6057175033,9905406416,2026-03-11 14:30:27,107,VOICE,Thane,350186802972477
C002324,8531529175,6295445353,2026-03-11 16:14:58,57,VOICE,Nagpada,357270262249966
C002015,6070587565,9446293690,2026-03-11 17:46:31,141,VOICE,Mumbra,350235731179539
C001555,8633254907,7807849269,2026-03-11 18:45:19,887,VOICE,Kurla,358124845036397
C001189,7041867290,8917172888,2026-03-11 20:08:09,358,VOICE,Vasco da Gama,356593787039174
C002162,6422210580,6919342369,2026-03-11 20:15:06,465,VOICE,Sewri,353511414705530
C000244,9439133425,6896001550,2026-03-11 21:25:11,351,SMS,Kondhwa,352863979633543
C001652,6698231223,7041867290,2026-03-11 21:36:59,884,VOICE,Vasco da Gama,355415111975042
C000492,9614393430,8803876077,2026-03-11 22:09:33,721,VOICE,Kalbadevi,354510361761252
C002245,8573287057,6673937340,2026-03-12 01:12:16,870,SMS,Dongri,357382007306842
C001176,9932435933,7422391172,2026-03-12 07:13:31,864,VOICE,Nagpada,357122308246850
C001092,7902659660,9446293690,2026-03-12 07:23:26,849,VOICE,Bhiwandi,354160585304890
C002556,8040571307,7556029118,2026-03-12 07:26:34,412,VOICE,Andheri East,353032436554175
C000582,8563171143,7255549094,2026-03-12 07:33:40,300,VOICE,Borivali,357354464962239
C000177,8621681069,6324779857,2026-03-12 08:25:09,488,SMS,Uran,358095674604257
C001411,8309143244,8908958826,2026-03-12 09:30:55,103,VOICE,Malad,355488929514758
C002609,9553207492,8484451242,2026-03-12 11:20:25,583,VOICE,Uran,353766596855086
C001154,9614393430,8614005020,2026-03-12 13:04:20,857,VOICE,Kalbadevi,354510361761252
C001570,7145980393,9782002283,2026-03-12 13:20:22,170,VOICE,Chembur,357450258359959
C001964,7728161355,7017959495,2026-03-12 13:40:58,416,VOICE,Mumbra,352515011016845
C001360,9117554523,9905406416,2026-03-12 13:46:29,69,VOICE,Vashi,350248622680032
C002599,8531529175,7684964862,2026-03-12 13:59:59,802,VOICE,Nagpada,357270262249966
C000762,7684964862,9117554523,2026-03-12 14:22:43,649,VOICE,Vasco da Gama,351823874776760
C000076,7113261119,9765846476,2026-03-12 15:12:59,118,VOICE,Bhiwandi,357365743286792
C002066,7819703036,7160292010,2026-03-12 15:15:19,405,VOICE,Surat,353341443234274
C000943,8563171143,7113261119,2026-03-12 15:48:29,137,VOICE,Borivali,357354464962239
C001354,8809385077,8803876077,2026-03-12 17:33:04,236,VOICE,Ghatkopar,359753445712105
C000114,7274556629,6749574551,2026-03-12 17:37:39,60,SMS,Kalbadevi,358384682630303
C001310,7113261119,6451864322,2026-03-12 19:16:10,256,VOICE,Bhiwandi,357365743286792
C001573,8410062361,9446293690,2026-03-12 21:10:41,546,VOICE,Bandra West,356361318822301
C000866,9448375856,9765846476,2026-03-12 21:11:07,39,VOICE,Byculla,352890665759879
C002290,8531529175,9793681218,2026-03-13 07:16:14,661,VOICE,Nagpada,357270262249966
C002689,971501234567,8573287057,2026-03-13 07:31:07,98,VOICE,Dongri,354849163193286
C000065,6919342369,8410062361,2026-03-13 09:29:57,640,VOICE,Chembur,357754601261712
C002196,7902659660,6783091866,2026-03-13 10:19:36,797,VOICE,Bhiwandi,354160585304890
C001338,8563171143,7960611844,2026-03-13 12:49:24,25,SMS,Borivali,357354464962239
C002526,6509398630,8211132866,2026-03-13 13:00:02,740,SMS,Borivali,354315529296969
C002036,9614393430,9601811727,2026-03-13 13:23:59,495,VOICE,Kalbadevi,354510361761252
C001608,6896001550,6070587565,2026-03-13 13:48:00,739,VOICE,Ulhasnagar,357119059016670
C002519,8211132866,6509398630,2026-03-13 14:19:34,810,VOICE,Bandra West,354656450114498
C002565,8040571307,7396427122,2026-03-13 14:41:46,106,SMS,Andheri East,353032436554175
C002026,9439133425,8014428249,2026-03-13 15:01:39,360,VOICE,Kondhwa,352863979633543
C001449,8712530467,7542743490,2026-03-13 15:10:29,596,SMS,Nagpada,358921907258563
C000208,9265641111,6783091866,2026-03-13 16:43:48,622,VOICE,Kurla,351237329393046
C000521,8917172888,7041867290,2026-03-13 18:47:53,251,VOICE,Thane,350632016092819
C001436,6919342369,6422210580,2026-03-13 18:52:05,31,SMS,Chembur,357754601261712
C002192,6057175033,8621681069,2026-03-13 19:50:56,294,SMS,Thane,350186802972477
C000522,7422391172,8712530467,2026-03-13 20:13:19,123,SMS,Mira Road,359951072909438
C000349,7902659660,7041867290,2026-03-13 21:31:20,627,VOICE,Bhiwandi,354160585304890
C000464,7819703036,9446293690,2026-03-13 21:52:49,60,VOICE,Surat,353341443234274
C002566,7396427122,8040571307,2026-03-13 22:07:53,186,VOICE,Chembur,359294342528593
C002360,8531529175,9248246355,2026-03-14 03:21:22,268,VOICE,Nagpada,357270262249966
C000992,6070587565,7487467081,2026-03-14 07:37:01,637,VOICE,Mumbra,350235731179539
C002534,8211132866,6509398630,2026-03-14 08:00:54,695,SMS,Bandra West,354656450114498
C002531,6509398630,8211132866,2026-03-14 09:21:40,746,SMS,Borivali,354315529296969
C000108,8633254907,7255549094,2026-03-14 09:34:13,296,SMS,Kurla,358124845036397
C000241,6919342369,8908958826,2026-03-14 11:10:14,299,VOICE,Chembur,357754601261712
C002332,7164355506,8531529175,2026-03-14 11:22:54,860,VOICE,Dharavi,357504221689632
C001699,8484451242,8413064207,2026-03-14 11:26:57,355,VOICE,Andheri East,356557570698072
C001368,7902659660,7728161355,2026-03-14 11:37:23,230,SMS,Bhiwandi,354160585304890
C000981,8917172888,6749574551,2026-03-14 12:31:09,50,SMS,Thane,350632016092819
C000974,6422210580,8413064207,2026-03-14 12:49:40,337,VOICE,Sewri,353511414705530
C001718,7960611844,8563171143,2026-03-14 13:18:54,881,VOICE,Nagpada,354323882051646
C001272,8049689229,7960611844,2026-03-14 15:29:50,356,VOICE,Panvel,353040453877407
C001979,7807849269,9448375856,2026-03-14 15:30:59,247,SMS,Surat,353312188116800
C000767,9117554523,7684964862,2026-03-14 15:34:44,498,VOICE,Vashi,350248622680032
C002520,6509398630,8211132866,2026-03-14 17:33:11,758,VOICE,Borivali,354315529296969
C001432,8563171143,7255549094,2026-03-14 17:46:11,757,VOICE,Borivali,357354464962239
C001562,8484451242,6749574551,2026-03-14 18:17:01,645,VOICE,Andheri East,356557570698072
C000673,7902659660,6749574551,2026-03-14 18:23:35,533,SMS,Bhiwandi,354160585304890
C000757,9601811727,8633254907,2026-03-14 18:48:07,273,SMS,Bhiwandi,354480322336962
C002085,6070587565,8509938173,2026-03-14 21:08:12,638,VOICE,Mumbra,350235731179539
C000580,6698231223,6000839065,2026-03-14 21:37:18,219,VOICE,Vasco da Gama,355415111975042
C002445,7990380175,8040571307,2026-03-14 21:55:52,364,VOICE,Kalbadevi,354406340434749
C001275,9932435933,7274556629,2026-03-14 22:19:32,269,SMS,Nagpada,357122308246850
C002076,9156069125,7580593773,2026-03-15 08:29:22,322,VOICE,Vasco da Gama,350357643555674
C002673,9085160582,6269714996,2026-03-15 09:49:34,523,SMS,Surat,359586431221944
C002443,7990380175,8040571307,2026-03-15 11:46:29,42,VOICE,Kalbadevi,354406340434749
C002528,8211132866,6509398630,2026-03-15 12:56:14,327,SMS,Bandra West,354656450114498
C002421,6295445353,9248246355,2026-03-15 13:02:47,268,VOICE,Kurla,352000943616276
C000986,8435190744,8803876077,2026-03-15 13:20:37,524,VOICE,Vashi,356420812912845
C001585,7819703036,9782002283,2026-03-15 13:48:19,893,VOICE,Surat,353341443234274
C002476,7990380175,8211132866,2026-03-15 14:21:06,523,VOICE,Kalbadevi,354406340434749
C002604,9793681218,8803876077,2026-03-15 15:12:57,55,SMS,Bhiwandi,355582551110274
C002303,6295445353,8531529175,2026-03-15 15:34:44,389,VOICE,Kurla,352000943616276
C000167,7807849269,8049689229,2026-03-15 15:45:36,632,VOICE,Surat,353312188116800
C000629,9156069125,9614393430,2026-03-15 16:20:45,444,SMS,Vasco da Gama,350357643555674
C001611,7819703036,9782002283,2026-03-15 17:13:42,674,SMS,Surat,353341443234274
C000347,9782002283,7819703036,2026-03-15 19:01:25,292,VOICE,Mira Road,355553971859411
C000394,8309143244,9156069125,2026-03-15 20:07:23,516,VOICE,Malad,355488929514758
C000896,8435190744,8803876077,2026-03-15 20:32:35,64,VOICE,Vashi,356420812912845
C001745,9439133425,8049689229,2026-03-15 21:00:28,198,VOICE,Kondhwa,352863979633543
C002042,6698231223,9117554523,2026-03-15 21:27:13,546,VOICE,Vasco da Gama,355415111975042
C001862,6896001550,7113261119,2026-03-15 21:32:06,854,SMS,Ulhasnagar,357119059016670
C000295,9446293690,6000839065,2026-03-15 22:23:15,871,VOICE,Andheri East,352888863909022
C001529,7274556629,6749574551,2026-03-16 07:28:10,563,SMS,Kalbadevi,358384682630303
C001484,9156069125,8309143244,2026-03-16 07:38:56,201,VOICE,Vasco da Gama,350357643555674
C000027,8712530467,9156069125,2026-03-16 08:20:46,486,VOICE,Nagpada,358921907258563
C001972,6749574551,7255549094,2026-03-16 08:51:26,142,VOICE,Surat,356131417119493
C000568,6896001550,6919342369,2026-03-16 09:09:50,714,VOICE,Ulhasnagar,357119059016670
C001262,6919342369,8410062361,2026-03-16 09:42:31,47,VOICE,Chembur,357754601261712
C000104,6451864322,9376306192,2026-03-16 10:13:48,403,VOICE,Worli,353593241553751
C002553,8040571307,7556029118,2026-03-16 10:53:07,216,VOICE,Andheri East,353032436554175
C002136,9265641111,9932435933,2026-03-16 11:32:31,463,VOICE,Kurla,351237329393046
C002388,9553207492,9793681218,2026-03-16 12:43:30,718,VOICE,Uran,353766596855086
C000110,7580593773,9156069125,2026-03-16 12:52:18,70,VOICE,Dongri,350967321947834
C000926,8918353735,9932435933,2026-03-16 13:33:31,544,VOICE,Bhiwandi,350632959036432
C001514,6324779857,6919342369,2026-03-16 13:43:51,156,VOICE,Worli,352660447633248
C001778,6000839065,6874756217,2026-03-16 14:38:29,308,SMS,Mumbra,350043224205387
C000146,7422391172,8712530467,2026-03-16 15:29:00,600,VOICE,Mira Road,359951072909438
C000851,9376306192,8908958826,2026-03-16 15:43:30,510,VOICE,Dongri,352118531115946
C001395,8413064207,8484451242,2026-03-16 16:18:16,627,VOICE,Sewri,356363981391785
C001054,7160292010,8908958826,2026-03-16 17:15:23,352,VOICE,Mira Road,357500646645688
C002560,8531529175,7396427122,2026-03-16 17:26:03,261,VOICE,Nagpada,357270262249966
C001703,9614393430,8803876077,2026-03-16 18:04:48,503,SMS,Kalbadevi,354510361761252
C002244,8573287057,6673937340,2026-03-16 19:20:01,413,VOICE,Dongri,357382007306842
C000314,9290363962,7160292010,2026-03-16 19:39:35,127,VOICE,Powai,351315345743989
C001183,9290363962,6919342369,2026-03-16 22:11:04,234,VOICE,Powai,351315345743989
C002284,8531529175,9793681218,2026-03-16 22:58:04,149,VOICE,Nagpada,357270262249966
C002256,8531529175,9793681218,2026-03-17 03:29:12,255,SMS,Nagpada,357270262249966
C001650,9738535633,6070587565,2026-03-17 08:01:04,440,VOICE,Thane,355421879820322
C001744,7041867290,8803876077,2026-03-17 08:41:59,829,VOICE,Vasco da Gama,356593787039174
C000621,6057175033,7960611844,2026-03-17 09:02:34,196,VOICE,Thane,350186802972477
C001021,6451864322,7807849269,2026-03-17 09:58:25,721,VOICE,Worli,353593241553751
C001957,7160292010,9290363962,2026-03-17 10:07:05,263,VOICE,Mira Road,357500646645688
C002574,8531529175,8335834126,2026-03-17 10:49:14,276,VOICE,Nagpada,357270262249966
C001181,6783091866,6698231223,2026-03-17 11:34:36,314,SMS,Nhava Sheva,356236001168684
C000253,6783091866,9156069125,2026-03-17 11:49:18,77,VOICE,Nhava Sheva,356236001168684
C000977,6783091866,8917172888,2026-03-17 12:20:27,163,VOICE,Nhava Sheva,356236001168684
C000467,8621681069,7017959495,2026-03-17 12:35:06,764,SMS,Uran,358095674604257
C000277,7542743490,7960611844,2026-03-17 13:45:52,83,SMS,Worli,350859099136625
C001027,7819703036,6919342369,2026-03-17 15:52:41,769,VOICE,Surat,353341443234274
C001667,9156069125,9738535633,2026-03-17 16:47:01,482,VOICE,Vasco da Gama,350357643555674
C000415,6874756217,9782002283,2026-03-17 17:25:42,174,SMS,Chembur,357062463948703
C002183,6896001550,7960611844,2026-03-17 17:39:04,267,VOICE,Ulhasnagar,357119059016670
C002453,8040571307,7990380175,2026-03-17 17:54:02,660,VOICE,Andheri East,353032436554175
C000083,7960611844,6896001550,2026-03-17 18:11:23,732,SMS,Nagpada,354323882051646
C000098,9905406416,8049689229,2026-03-17 20:21:24,545,VOICE,Worli,357042430169924
C001533,7274556629,9932435933,2026-03-17 20:29:59,709,VOICE,Kalbadevi,358384682630303
C000094,9265641111,9601811727,2026-03-17 20:32:27,581,VOICE,Kurla,351237329393046
C002181,7580593773,8614005020,2026-03-17 20:59:03,795,VOICE,Dongri,350967321947834
C002437,6295445353,7164355506,2026-03-17 21:02:55,625,VOICE,Kurla,352000943616276
C000768,9290363962,6070587565,2026-03-18 07:35:17,743,SMS,Powai,351315345743989
C001266,8563171143,7113261119,2026-03-18 07:37:37,821,SMS,Borivali,357354464962239
C002614,6295445353,9782002283,2026-03-18 07:50:48,150,VOICE,Kurla,352000943616276
C001671,9374128579,7580593773,2026-03-18 08:18:42,112,VOICE,Kalbadevi,352116700760695
C000107,8917172888,6783091866,2026-03-18 09:00:26,815,SMS,Thane,350632016092819
C000389,9448375856,8614005020,2026-03-18 10:15:10,494,VOICE,Byculla,352890665759879
C002674,9085160582,7960611844,2026-03-18 10:23:18,774,VOICE,Surat,359586431221944
C001624,7361747245,7274556629,2026-03-18 10:45:55,856,SMS,Powai,359207454903376
C000865,7487467081,8918353735,2026-03-18 11:21:51,435,VOICE,Surat,350120612148912
C001064,9265641111,8504779734,2026-03-18 11:22:54,432,VOICE,Kurla,351237329393046
C000133,9614393430,8803876077,2026-03-18 13:38:22,663,VOICE,Kalbadevi,354510361761252
C002150,8698373788,9156069125,2026-03-18 13:55:10,202,VOICE,Thane,358294388684197
C002087,9265641111,9376306192,2026-03-18 15:12:24,27,VOICE,Kurla,351237329393046
C000261,8614005020,6874756217,2026-03-18 17:13:43,31,SMS,Panvel,358070645457146
C000014,7960611844,7902659660,2026-03-18 17:25:36,372,SMS,Nagpada,354323882051646
C000318,8435190744,7840178422,2026-03-18 17:30:23,876,SMS,Vashi,356420812912845
C000088,8410062361,6783091866,2026-03-18 18:38:16,594,VOICE,Bandra West,356361318822301
C001035,6896001550,6070587565,2026-03-18 20:06:41,845,VOICE,Ulhasnagar,357119059016670
C001965,8049689229,7807849269,2026-03-18 20:37:14,446,VOICE,Panvel,353040453877407
C001799,8908958826,7728161355,2026-03-18 20:53:55,435,VOICE,Sewri,350605618347113
C002510,8211132866,9085160582,2026-03-18 21:03:54,856,SMS,Bandra West,354656450114498
C002427,6295445353,9248246355,2026-03-18 22:54:28,384,VOICE,Kurla,352000943616276
C001804,7422391172,7160292010,2026-03-19 07:55:40,180,VOICE,Mira Road,359951072909438
C000746,7728161355,8504779734,2026-03-19 08:12:45,624,VOICE,Mumbra,352515011016845
C001921,8413064207,8484451242,2026-03-19 08:22:46,163,VOICE,Sewri,356363981391785
C000915,7580593773,7542743490,2026-03-19 09:14:09,597,VOICE,Dongri,350967321947834
C001088,7728161355,8410062361,2026-03-19 10:19:50,576,VOICE,Mumbra,352515011016845
C000411,8803876077,6698231223,2026-03-19 11:13:37,709,VOICE,Worli,359748262942044
C000528,8504779734,9782002283,2026-03-19 11:23:07,312,VOICE,Alibaug,357190448800224
C001211,7684964862,6749574551,2026-03-19 11:42:44,343,VOICE,Vasco da Gama,351823874776760
C001413,9905406416,6057175033,2026-03-19 11:43:50,305,VOICE,Worli,357042430169924
C002467,7990380175,8211132866,2026-03-19 12:15:11,567,SMS,Kalbadevi,354406340434749
C002058,7902659660,6783091866,2026-03-19 12:34:52,399,VOICE,Bhiwandi,354160585304890
C000984,7274556629,7580593773,2026-03-19 12:44:51,708,SMS,Kalbadevi,358384682630303
C001453,8504779734,7840178422,2026-03-19 14:37:16,349,VOICE,Alibaug,357190448800224
C000095,6422210580,7255549094,2026-03-19 15:24:29,498,VOICE,Sewri,353511414705530
C001878,7255549094,8014428249,2026-03-19 17:04:06,387,SMS,Sewri,358330544066060
C001249,6070587565,9738535633,2026-03-19 18:34:59,247,VOICE,Mumbra,350235731179539
C000919,8263114372,8803876077,2026-03-19 19:39:58,441,VOICE,Vasco da Gama,354795786400177
C001308,8309143244,9156069125,2026-03-19 19:50:21,886,VOICE,Malad,355488929514758
C001970,9614393430,6783091866,2026-03-19 20:29:12,578,SMS,Kalbadevi,354510361761252
C002241,6673937340,8573287057,2026-03-19 20:50:08,558,VOICE,Kalbadevi,355355849812238
C000128,7160292010,9462726847,2026-03-19 21:06:25,203,VOICE,Mira Road,357500646645688
C002616,6295445353,6269714996,2026-03-19 21:11:14,440,VOICE,Kurla,352000943616276
C001561,8614005020,8698373788,2026-03-19 21:30:30,456,VOICE,Panvel,358070645457146
C001828,7684964862,7422391172,2026-03-19 21:32:02,197,VOICE,Vasco da Gama,351823874776760
C001294,6874756217,7580593773,2026-03-19 22:04:14,704,SMS,Chembur,357062463948703
C001232,6324779857,9905406416,2026-03-19 22:41:11,860,VOICE,Worli,352660447633248
C002211,7497869350,8573287057,2026-03-20 03:00:10,493,VOICE,Nagpada,350148239341998
C000039,9439133425,8803876077,2026-03-20 07:38:19,155,VOICE,Kondhwa,352863979633543
C001408,6057175033,9738535633,2026-03-20 07:43:58,370,VOICE,Thane,350186802972477
C000837,7819703036,9738535633,2026-03-20 08:22:40,352,VOICE,Surat,353341443234274
C000121,9765846476,6896001550,2026-03-20 08:50:38,773,VOICE,Panvel,355501841990582
C002169,8908958826,7160292010,2026-03-20 09:19:37,875,SMS,Sewri,350605618347113
C001434,6451864322,7819703036,2026-03-20 09:46:32,822,VOICE,Worli,353593241553751
C001540,8309143244,8917172888,2026-03-20 10:05:03,383,VOICE,Malad,355488929514758
C001908,7017959495,7422391172,2026-03-20 10:53:24,369,VOICE,Malad,356516601986066
C000365,8410062361,9446293690,2026-03-20 11:34:28,780,VOICE,Bandra West,356361318822301
C001544,6783091866,8712530467,2026-03-20 11:36:25,567,VOICE,Nhava Sheva,356236001168684
C001389,8484451242,8504779734,2026-03-20 11:51:27,848,SMS,Andheri East,356557570698072
C002268,9793681218,8531529175,2026-03-20 13:56:28,716,VOICE,Bhiwandi,355582551110274
C001037,8504779734,9448375856,2026-03-20 14:14:21,825,SMS,Alibaug,357190448800224
C000964,8049689229,7807849269,2026-03-20 15:05:26,585,VOICE,Panvel,353040453877407
C000782,9905406416,6057175033,2026-03-20 15:08:12,714,VOICE,Worli,357042430169924
C001564,6698231223,6749574551,2026-03-20 15:18:30,507,SMS,Vasco da Gama,355415111975042
C000207,6269714996,7255549094,2026-03-20 15:37:38,265,VOICE,Alibaug,351922038881659
C002356,9248246355,8531529175,2026-03-20 16:45:31,481,VOICE,Mira Road,351184852310268
C000243,9601811727,8633254907,2026-03-20 17:11:40,89,VOICE,Bhiwandi,354480322336962
C001013,6070587565,8917172888,2026-03-20 18:20:18,700,VOICE,Mumbra,350235731179539
C000198,6698231223,7728161355,2026-03-20 19:15:35,630,VOICE,Vasco da Gama,355415111975042
C001340,8309143244,6057175033,2026-03-20 20:16:57,20,VOICE,Malad,355488929514758
C001388,9738535633,8918353735,2026-03-20 20:46:00,30,VOICE,Thane,355421879820322
C002524,8211132866,6509398630,2026-03-20 22:39:23,456,VOICE,Bandra West,354656450114498
C002376,8531529175,9248246355,2026-03-20 23:44:23,355,SMS,Nagpada,357270262249966
C002400,9793681218,9553207492,2026-03-21 07:05:10,64,VOICE,Bhiwandi,355582551110274
C001505,6000839065,9601811727,2026-03-21 07:13:47,440,VOICE,Mumbra,350043224205387
C002007,7580593773,8614005020,2026-03-21 07:29:06,539,VOICE,Dongri,350967321947834
C000860,9738535633,7819703036,2026-03-21 08:23:51,275,VOICE,Thane,355421879820322
C000078,9614393430,7422391172,2026-03-21 08:24:50,295,VOICE,Kalbadevi,354510361761252
C000917,6698231223,8563171143,2026-03-21 09:19:53,344,VOICE,Vasco da Gama,355415111975042
C000279,6919342369,7960611844,2026-03-21 09:20:25,611,SMS,Chembur,357754601261712
C002447,7990380175,8040571307,2026-03-21 09:51:37,680,VOICE,Kalbadevi,354406340434749
C000517,6269714996,9932435933,2026-03-21 09:55:58,362,SMS,Alibaug,351922038881659
C000649,6896001550,9439133425,2026-03-21 10:36:12,763,VOICE,Ulhasnagar,357119059016670
C001084,7487467081,8484451242,2026-03-21 12:37:28,528,VOICE,Surat,350120612148912
C001545,7960611844,6057175033,2026-03-21 12:41:21,286,VOICE,Nagpada,354323882051646
C001489,9614393430,6919342369,2026-03-21 14:56:12,663,VOICE,Kalbadevi,354510361761252
C002370,9248246355,8531529175,2026-03-21 15:03:08,659,VOICE,Mira Road,351184852310268
C001613,7960611844,6057175033,2026-03-21 16:59:03,519,VOICE,Nagpada,354323882051646
C000338,8410062361,6783091866,2026-03-21 18:22:15,309,VOICE,Bandra West,356361318822301
C002193,6698231223,8803876077,2026-03-21 18:32:58,308,SMS,Vasco da Gama,355415111975042
C001876,8698373788,8918353735,2026-03-21 19:31:05,185,VOICE,Thane,358294388684197
C001991,8014428249,6874756217,2026-03-21 20:10:03,884,VOICE,Surat,352953415687512
C001317,6057175033,8621681069,2026-03-21 20:35:40,297,VOICE,Thane,350186802972477
C000771,8504779734,7840178422,2026-03-21 21:44:15,718,VOICE,Alibaug,357190448800224
C000857,7017959495,8908958826,2026-03-21 21:56:39,236,VOICE,Malad,356516601986066
C001480,7728161355,8263114372,2026-03-21 22:35:05,104,VOICE,Mumbra,352515011016845
C002069,9265641111,7017959495,2026-03-21 22:47:40,584,VOICE,Kurla,351237329393046
C002372,9248246355,8531529175,2026-03-22 02:07:24,809,SMS,Mira Road,351184852310268
C000567,6749574551,8917172888,2026-03-22 07:21:15,95,VOICE,Surat,356131417119493
C001291,7728161355,8263114372,2026-03-22 09:39:27,73,VOICE,Mumbra,352515011016845
C001448,8509938173,6070587565,2026-03-22 09:44:10,530,VOICE,Sewri,357194939847413
C001677,7145980393,7840178422,2026-03-22 12:33:41,29,SMS,Chembur,357450258359959
C002118,6422210580,7819703036,2026-03-22 14:15:49,713,VOICE,Sewri,353511414705530
C002384,9553207492,9793681218,2026-03-22 15:20:18,81,SMS,Uran,353766596855086
C002254,8531529175,9793681218,2026-03-22 16:16:19,476,VOICE,Nagpada,357270262249966
C001439,9448375856,7807849269,2026-03-22 16:33:04,780,VOICE,Byculla,352890665759879
C000617,8712530467,7361747245,2026-03-22 16:36:30,379,VOICE,Nagpada,358921907258563
C000080,9448375856,7807849269,2026-03-22 16:53:21,107,VOICE,Byculla,352890665759879
C001893,7902659660,7422391172,2026-03-22 16:58:33,467,VOICE,Bhiwandi,354160585304890
C001334,9448375856,9765846476,2026-03-22 17:31:20,46,VOICE,Byculla,352890665759879
C000378,7840178422,8309143244,2026-03-22 17:41:54,683,VOICE,Bandra West,353415828385983
C000360,7684964862,9117554523,2026-03-22 18:31:04,824,VOICE,Vasco da Gama,351823874776760
C000385,8633254907,9601811727,2026-03-22 18:36:12,793,SMS,Kurla,358124845036397
C002028,7728161355,7017959495,2026-03-22 18:45:56,47,SMS,Mumbra,352515011016845
C001627,8504779734,6070587565,2026-03-22 19:53:26,462,VOICE,Alibaug,357190448800224
C002045,8435190744,7840178422,2026-03-22 21:09:03,46,VOICE,Vashi,356420812912845
C000706,6070587565,7422391172,2026-03-22 22:05:45,173,VOICE,Mumbra,350235731179539
C001268,9601811727,8803876077,2026-03-23 07:06:31,621,VOICE,Bhiwandi,354480322336962
C000539,7113261119,6451864322,2026-03-23 07:08:48,260,VOICE,Bhiwandi,357365743286792
C001072,8435190744,8413064207,2026-03-23 08:14:51,855,VOICE,Vashi,356420812912845
C000502,8014428249,8413064207,2026-03-23 08:59:40,892,VOICE,Surat,352953415687512
C002641,7396427122,7580593773,2026-03-23 09:20:12,711,VOICE,Chembur,359294342528593
C001140,8509938173,9932435933,2026-03-23 09:24:27,200,VOICE,Sewri,357194939847413
C001868,8809385077,6070587565,2026-03-23 10:18:17,446,VOICE,Ghatkopar,359753445712105
C002638,7556029118,6896001550,2026-03-23 10:19:22,155,VOICE,Ghatkopar,350889959689984
C001975,7542743490,7580593773,2026-03-23 10:22:46,634,VOICE,Worli,350859099136625
C000132,9439133425,8049689229,2026-03-23 10:42:48,607,VOICE,Kondhwa,352863979633543
C001685,8509938173,6070587565,2026-03-23 10:56:46,900,VOICE,Sewri,357194939847413
C001898,9117554523,6070587565,2026-03-23 11:07:46,224,VOICE,Vashi,350248622680032
C002177,6698231223,9932435933,2026-03-23 12:34:37,93,VOICE,Vasco da Gama,355415111975042
C002544,9085160582,6509398630,2026-03-23 13:27:42,82,VOICE,Surat,359586431221944
C000468,7255549094,6422210580,2026-03-23 14:06:26,279,VOICE,Sewri,358330544066060
C000313,6057175033,8908958826,2026-03-23 14:16:46,718,SMS,Thane,350186802972477
C002540,6509398630,9085160582,2026-03-23 14:18:56,548,VOICE,Borivali,354315529296969
C002022,8484451242,8413064207,2026-03-23 15:34:04,444,SMS,Andheri East,356557570698072
C000625,8633254907,7361747245,2026-03-23 15:46:16,380,VOICE,Kurla,358124845036397
C000585,9462726847,8908958826,2026-03-23 16:13:23,624,VOICE,Kondhwa,352940475894775
C002023,9614393430,8614005020,2026-03-23 16:17:05,287,VOICE,Kalbadevi,354510361761252
C001201,9932435933,8509938173,2026-03-23 16:44:18,383,SMS,Nagpada,357122308246850
C000749,9376306192,6874756217,2026-03-23 17:24:09,746,VOICE,Dongri,352118531115946
C000586,8014428249,6874756217,2026-03-23 17:47:02,407,VOICE,Surat,352953415687512
C001941,7960611844,7902659660,2026-03-23 18:24:15,130,SMS,Nagpada,354323882051646
C001826,8712530467,6783091866,2026-03-23 19:47:14,267,VOICE,Nagpada,358921907258563
C002513,6509398630,8211132866,2026-03-23 20:22:40,90,VOICE,Borivali,354315529296969
C000478,6698231223,7728161355,2026-03-23 20:46:40,568,VOICE,Vasco da Gama,355415111975042
C000323,8809385077,7361747245,2026-03-23 21:13:54,77,VOICE,Ghatkopar,359753445712105
C000899,8917172888,6070587565,2026-03-23 21:16:10,86,VOICE,Thane,350632016092819
C000327,7580593773,7684964862,2026-03-23 21:21:33,181,VOICE,Dongri,350967321947834
C002687,971501234567,8573287057,2026-03-24 01:42:13,54,VOICE,Dongri,354849163193286
C000356,8509938173,9932435933,2026-03-24 07:30:56,777,SMS,Sewri,357194939847413
C002547,7556029118,8531529175,2026-03-24 07:50:48,137,VOICE,Ghatkopar,350889959689984
C000729,8803876077,9601811727,2026-03-24 07:59:47,105,SMS,Worli,359748262942044
C000151,7113261119,8563171143,2026-03-24 08:02:23,144,VOICE,Bhiwandi,357365743286792
C002001,8509938173,9932435933,2026-03-24 08:12:11,464,VOICE,Sewri,357194939847413
C002039,8309143244,8908958826,2026-03-24 08:23:55,359,VOICE,Malad,355488929514758
C000577,7361747245,8698373788,2026-03-24 09:38:18,99,VOICE,Powai,359207454903376
C001946,8918353735,7255549094,2026-03-24 09:51:31,223,SMS,Bhiwandi,350632959036432
C000555,7255549094,6749574551,2026-03-24 09:56:56,766,VOICE,Sewri,358330544066060
C002275,8531529175,9793681218,2026-03-24 10:21:07,531,VOICE,Nagpada,357270262249966
C001364,7840178422,8435190744,2026-03-24 10:23:56,846,VOICE,Bandra West,353415828385983
C001281,9765846476,8049689229,2026-03-24 10:28:10,781,VOICE,Panvel,355501841990582
C001276,9117554523,6698231223,2026-03-24 11:01:09,378,VOICE,Vashi,350248622680032
C002665,7990380175,7160292010,2026-03-24 11:02:38,218,SMS,Kalbadevi,354406340434749
C001665,6451864322,7145980393,2026-03-24 12:03:40,748,SMS,Worli,353593241553751
C000798,8309143244,7840178422,2026-03-24 12:40:37,671,SMS,Malad,355488929514758
C000220,7684964862,6919342369,2026-03-24 13:07:21,625,VOICE,Vasco da Gama,351823874776760
C000966,6698231223,9117554523,2026-03-24 14:26:54,482,VOICE,Vasco da Gama,355415111975042
C000989,6269714996,9932435933,2026-03-24 15:57:18,464,VOICE,Alibaug,351922038881659
C002594,8531529175,7902659660,2026-03-24 16:07:59,776,VOICE,Nagpada,357270262249966
C001931,7113261119,6749574551,2026-03-24 17:17:34,859,VOICE,Bhiwandi,357365743286792
C001060,9905406416,9117554523,2026-03-24 17:49:06,412,VOICE,Worli,357042430169924
C000975,7145980393,9376306192,2026-03-24 18:29:12,708,SMS,Chembur,357450258359959
C000945,6783091866,9265641111,2026-03-24 19:46:02,254,VOICE,Nhava Sheva,356236001168684
C001690,8049689229,7960611844,2026-03-24 21:08:25,866,VOICE,Panvel,353040453877407
C000547,7255549094,8633254907,2026-03-24 22:15:19,180,VOICE,Sewri,358330544066060
C001956,8698373788,8614005020,2026-03-24 22:46:56,335,SMS,Thane,358294388684197
C002688,971501234567,8573287057,2026-03-24 23:38:39,39,SMS,Dongri,354849163193286
C000427,9117554523,6422210580,2026-03-25 07:38:22,118,VOICE,Vashi,350248622680032
C000202,9932435933,6698231223,2026-03-25 07:41:40,181,VOICE,Nagpada,357122308246850
C002142,9905406416,6874756217,2026-03-25 10:36:01,758,SMS,Worli,357042430169924
C001822,6000839065,6698231223,2026-03-25 10:49:40,625,VOICE,Mumbra,350043224205387
C002622,7164355506,8614005020,2026-03-25 11:40:01,165,SMS,Dharavi,357504221689632
C000136,8917172888,8614005020,2026-03-25 11:49:04,837,VOICE,Thane,350632016092819
C001716,8908958826,7160292010,2026-03-25 12:04:21,525,VOICE,Sewri,350605618347113
C002046,7542743490,8413064207,2026-03-25 13:43:39,302,VOICE,Worli,350859099136625
C000155,8712530467,7361747245,2026-03-25 13:51:05,451,VOICE,Nagpada,358921907258563
C002304,8531529175,6295445353,2026-03-25 14:05:23,773,VOICE,Nagpada,357270262249966
C001344,8809385077,7041867290,2026-03-25 14:06:04,753,SMS,Ghatkopar,359753445712105
C001239,7542743490,8918353735,2026-03-25 15:49:09,256,VOICE,Worli,350859099136625
C000090,8049689229,7160292010,2026-03-25 15:52:58,559,SMS,Panvel,353040453877407
C001773,9905406416,8413064207,2026-03-25 16:57:43,752,VOICE,Worli,357042430169924
C001442,6057175033,6269714996,2026-03-25 18:10:12,816,VOICE,Thane,350186802972477
C001151,9932435933,8504779734,2026-03-25 18:32:22,257,VOICE,Nagpada,357122308246850
C001375,9905406416,8809385077,2026-03-25 18:34:28,427,SMS,Worli,357042430169924
C001961,9446293690,9156069125,2026-03-25 19:07:12,254,VOICE,Andheri East,352888863909022
C002086,9374128579,9265641111,2026-03-25 19:16:09,299,VOICE,Kalbadevi,352116700760695
C002257,8531529175,9793681218,2026-03-25 19:56:02,851,VOICE,Nagpada,357270262249966
C000795,7041867290,6698231223,2026-03-25 19:56:45,103,VOICE,Vasco da Gama,356593787039174
C002679,9085160582,8621681069,2026-03-25 20:15:42,274,VOICE,Surat,359586431221944
C001849,9738535633,6057175033,2026-03-25 21:07:36,726,VOICE,Thane,355421879820322
C000897,6896001550,6070587565,2026-03-26 07:56:55,150,SMS,Ulhasnagar,357119059016670
C001873,7580593773,8712530467,2026-03-26 09:00:12,710,VOICE,Dongri,350967321947834
C002101,8413064207,6422210580,2026-03-26 11:08:07,614,SMS,Sewri,356363981391785
C000419,7361747245,8698373788,2026-03-26 11:23:56,349,VOICE,Powai,359207454903376
C000659,6698231223,8621681069,2026-03-26 11:45:28,211,SMS,Vasco da Gama,355415111975042
C000211,6451864322,7113261119,2026-03-26 12:07:03,729,VOICE,Worli,353593241553751
C001194,7807849269,8049689229,2026-03-26 13:10:32,98,VOICE,Surat,353312188116800
C000723,9376306192,9738535633,2026-03-26 13:55:23,150,VOICE,Dongri,352118531115946
C000433,8509938173,7542743490,2026-03-26 14:16:50,61,VOICE,Sewri,357194939847413
C001605,8484451242,6919342369,2026-03-26 14:42:17,845,VOICE,Andheri East,356557570698072
C002678,9085160582,6324779857,2026-03-26 15:00:39,374,SMS,Surat,359586431221944
C002446,7990380175,8040571307,2026-03-26 15:34:27,172,VOICE,Kalbadevi,354406340434749
C002505,9085160582,8211132866,2026-03-26 16:01:43,874,VOICE,Surat,359586431221944
C000918,8509938173,6070587565,2026-03-26 16:27:08,116,VOICE,Sewri,357194939847413
C001160,8563171143,7255549094,2026-03-26 17:09:52,692,SMS,Borivali,357354464962239
C001022,7819703036,7160292010,2026-03-26 20:59:42,392,SMS,Surat,353341443234274
C000021,9376306192,9265641111,2026-03-26 21:43:19,376,VOICE,Dongri,352118531115946
C001635,8803876077,7255549094,2026-03-26 22:10:27,536,SMS,Worli,359748262942044
C001164,8917172888,8614005020,2026-03-26 22:59:18,28,SMS,Thane,350632016092819
C001036,8509938173,6070587565,2026-03-27 07:57:26,589,SMS,Sewri,357194939847413
C001493,8410062361,7807849269,2026-03-27 08:08:45,576,VOICE,Bandra West,356361318822301
C001128,7017959495,8908958826,2026-03-27 09:59:02,663,SMS,Malad,356516601986066
C000240,6422210580,9117554523,2026-03-27 10:22:22,45,VOICE,Sewri,353511414705530
C000214,8633254907,9932435933,2026-03-27 11:26:12,307,VOICE,Kurla,358124845036397
C000181,7960611844,6749574551,2026-03-27 11:41:04,695,VOICE,Nagpada,354323882051646
C000342,7807849269,7017959495,2026-03-27 12:20:27,474,SMS,Surat,353312188116800
C002672,8211132866,6919342369,2026-03-27 13:13:28,218,SMS,Bandra West,354656450114498
C000817,8712530467,9156069125,2026-03-27 13:26:10,162,SMS,Nagpada,358921907258563
C002307,8531529175,6295445353,2026-03-27 13:43:15,559,VOICE,Nagpada,357270262249966
C002612,9553207492,6269714996,2026-03-27 14:47:27,546,VOICE,Uran,353766596855086
C002278,8531529175,9793681218,2026-03-27 16:40:09,74,VOICE,Nagpada,357270262249966
C000755,7960611844,7017959495,2026-03-27 16:42:46,63,VOICE,Nagpada,354323882051646
C000175,6783091866,6698231223,2026-03-27 16:44:32,608,VOICE,Nhava Sheva,356236001168684
C002248,8573287057,6673937340,2026-03-27 17:10:42,416,VOICE,Dongri,357382007306842
C002441,8040571307,7990380175,2026-03-27 18:07:36,100,VOICE,Andheri East,353032436554175
C000605,9156069125,7580593773,2026-03-27 19:06:15,183,VOICE,Vasco da Gama,350357643555674
C000312,7160292010,8049689229,2026-03-27 19:36:16,191,SMS,Mira Road,357500646645688
C000111,7113261119,6451864322,2026-03-27 20:54:01,861,SMS,Bhiwandi,357365743286792
C002059,7041867290,7684964862,2026-03-27 21:04:59,455,VOICE,Vasco da Gama,356593787039174
C001779,6324779857,8809385077,2026-03-27 21:09:21,168,VOICE,Worli,352660447633248
C002008,7041867290,7684964862,2026-03-27 21:28:42,388,VOICE,Vasco da Gama,356593787039174
C001526,6749574551,9439133425,2026-03-27 21:55:42,526,SMS,Surat,356131417119493
C001206,9462726847,9782002283,2026-03-28 07:04:29,838,VOICE,Kondhwa,352940475894775
C001161,8908958826,9462726847,2026-03-28 07:09:19,477,VOICE,Sewri,350605618347113
C001099,9374128579,6324779857,2026-03-28 07:42:16,302,VOICE,Kalbadevi,352116700760695
C000973,6919342369,9738535633,2026-03-28 07:46:23,118,VOICE,Chembur,357754601261712
C000761,7684964862,8698373788,2026-03-28 08:50:03,860,SMS,Vasco da Gama,351823874776760
C001805,6000839065,6698231223,2026-03-28 08:53:04,62,SMS,Mumbra,350043224205387
C000618,9117554523,9905406416,2026-03-28 10:23:22,493,VOICE,Vashi,350248622680032
C000979,6874756217,7361747245,2026-03-28 10:58:06,161,SMS,Chembur,357062463948703
C000704,7274556629,7580593773,2026-03-28 11:02:01,737,VOICE,Kalbadevi,358384682630303
C000166,7274556629,6451864322,2026-03-28 11:03:58,337,SMS,Kalbadevi,358384682630303
C001971,9462726847,7807849269,2026-03-28 11:27:04,461,VOICE,Kondhwa,352940475894775
C000854,9156069125,8712530467,2026-03-28 11:43:33,374,VOICE,Vasco da Gama,350357643555674
C002082,8633254907,9932435933,2026-03-28 11:50:40,590,VOICE,Kurla,358124845036397
C002644,8335834126,7255549094,2026-03-28 12:13:55,887,VOICE,Mumbra,355568116851673
C002489,8040571307,8211132866,2026-03-28 12:29:53,69,VOICE,Andheri East,353032436554175
C000590,8803876077,6698231223,2026-03-28 12:40:13,706,VOICE,Worli,359748262942044
C001792,8809385077,8803876077,2026-03-28 12:55:55,591,SMS,Ghatkopar,359753445712105
C001834,7728161355,8263114372,2026-03-28 13:00:02,425,VOICE,Mumbra,352515011016845
C002648,8335834126,9117554523,2026-03-28 13:00:45,615,VOICE,Mumbra,355568116851673
C002508,9085160582,8211132866,2026-03-28 13:43:44,310,VOICE,Surat,359586431221944
C001103,7274556629,8698373788,2026-03-28 14:05:11,421,SMS,Kalbadevi,358384682630303
C000603,9439133425,6749574551,2026-03-28 16:31:45,126,VOICE,Kondhwa,352863979633543
C002253,9793681218,8531529175,2026-03-28 18:16:32,458,VOICE,Bhiwandi,355582551110274
C000100,8504779734,6070587565,2026-03-28 18:18:41,626,VOICE,Alibaug,357190448800224
C001616,9448375856,8504779734,2026-03-28 18:56:17,408,VOICE,Byculla,352890665759879
C000815,8908958826,9462726847,2026-03-28 18:59:29,58,VOICE,Sewri,350605618347113
C001907,6698231223,6749574551,2026-03-28 18:59:50,643,SMS,Vasco da Gama,355415111975042
C000422,8803876077,8633254907,2026-03-28 19:12:39,810,VOICE,Worli,359748262942044
C000250,6324779857,9905406416,2026-03-28 19:38:29,170,VOICE,Worli,352660447633248
C001549,6324779857,6919342369,2026-03-28 19:41:41,213,SMS,Worli,352660447633248
C000680,9265641111,7361747245,2026-03-28 22:09:37,482,VOICE,Kurla,351237329393046
C000670,9782002283,8309143244,2026-03-29 07:26:01,138,VOICE,Mira Road,355553971859411
C001180,8917172888,7041867290,2026-03-29 08:03:55,852,VOICE,Thane,350632016092819
C002654,8068707468,9446293690,2026-03-29 08:11:28,830,VOICE,Kalyan,353094612785394
C002537,6509398630,8211132866,2026-03-29 08:34:49,320,SMS,Borivali,354315529296969
C001800,9601811727,8014428249,2026-03-29 08:49:52,617,VOICE,Bhiwandi,354480322336962
C000340,9932435933,9439133425,2026-03-29 09:05:09,759,VOICE,Nagpada,357122308246850
C001930,9376306192,6698231223,2026-03-29 09:31:33,84,VOICE,Dongri,352118531115946
C000516,7580593773,6874756217,2026-03-29 10:38:36,481,VOICE,Dongri,350967321947834
C002552,7556029118,8531529175,2026-03-29 11:35:04,829,VOICE,Ghatkopar,350889959689984
C001031,9374128579,6324779857,2026-03-29 12:26:06,595,VOICE,Kalbadevi,352116700760695
C001637,8698373788,7361747245,2026-03-29 12:26:56,109,VOICE,Thane,358294388684197
C001007,6919342369,9614393430,2026-03-29 12:37:02,472,VOICE,Chembur,357754601261712
C001738,8014428249,9439133425,2026-03-29 13:30:05,698,VOICE,Surat,352953415687512
C001098,8918353735,9265641111,2026-03-29 15:48:32,367,SMS,Bhiwandi,350632959036432
C001668,9446293690,6000839065,2026-03-29 18:36:58,763,SMS,Andheri East,352888863909022
C002025,8014428249,7160292010,2026-03-29 21:30:15,78,VOICE,Surat,352953415687512
C000173,8410062361,6919342369,2026-03-29 22:06:45,829,VOICE,Bandra West,356361318822301
C000079,8621681069,9376306192,2026-03-29 22:27:50,525,VOICE,Uran,358095674604257
C001709,9738535633,7902659660,2026-03-29 22:55:14,219,VOICE,Thane,355421879820322
C002743,9509641906,7497869350,2026-03-30 01:00:00,52,VOICE,Nagpada,350148239341998
C002558,7396427122,8531529175,2026-03-30 02:02:07,413,VOICE,Chembur,359294342528593
C000266,7819703036,9765846476,2026-03-30 07:02:52,511,VOICE,Surat,353341443234274
C000654,6919342369,7819703036,2026-03-30 07:03:42,576,VOICE,Chembur,357754601261712
C001814,6324779857,7542743490,2026-03-30 07:15:27,311,VOICE,Worli,352660447633248
C002019,9374128579,7684964862,2026-03-30 07:59:22,777,VOICE,Kalbadevi,352116700760695
C002207,8573287057,7497869350,2026-03-30 08:37:14,685,VOICE,Dongri,357382007306842
C000237,9374128579,7684964862,2026-03-30 08:37:40,834,VOICE,Kalbadevi,352116700760695
C002047,7274556629,7580593773,2026-03-30 10:46:07,646,SMS,Kalbadevi,358384682630303
C002143,7807849269,9448375856,2026-03-30 15:03:47,543,VOICE,Surat,353312188116800
C000476,7422391172,8803876077,2026-03-30 15:26:05,250,VOICE,Mira Road,359951072909438
C000407,7819703036,8504779734,2026-03-30 15:34:54,34,VOICE,Surat,353341443234274
C002197,7041867290,9782002283,2026-03-30 16:03:50,854,VOICE,Vasco da Gama,356593787039174
C000393,8413064207,9782002283,2026-03-30 16:18:03,266,VOICE,Sewri,356363981391785
C001538,7807849269,8049689229,2026-03-30 18:00:24,103,SMS,Surat,353312188116800
C002411,6295445353,9248246355,2026-03-30 18:55:20,115,SMS,Kurla,352000943616276
C001105,7255549094,6057175033,2026-03-30 19:27:42,787,VOICE,Sewri,358330544066060
C001584,9156069125,7580593773,2026-03-30 20:25:47,778,SMS,Vasco da Gama,350357643555674
C002020,8563171143,9765846476,2026-03-30 21:25:21,235,SMS,Borivali,357354464962239
C000665,7160292010,9290363962,2026-03-30 21:39:50,168,VOICE,Mira Road,357500646645688
C002744,9509641906,7497869350,2026-03-31 04:00:00,20,SMS,Nagpada,350148239341998
C000589,7728161355,8410062361,2026-03-31 07:10:41,514,SMS,Mumbra,352515011016845
C000470,7422391172,8803876077,2026-03-31 07:18:29,848,VOICE,Mira Road,359951072909438
C002219,8573287057,7497869350,2026-03-31 08:16:13,402,VOICE,Dongri,357382007306842
C002670,8211132866,6919342369,2026-03-31 08:19:57,827,VOICE,Bandra West,354656450114498
C000587,7487467081,7361747245,2026-03-31 08:43:34,348,VOICE,Surat,350120612148912
C000719,6896001550,9765846476,2026-03-31 09:32:54,866,VOICE,Ulhasnagar,357119059016670
C002363,9248246355,8531529175,2026-03-31 12:14:10,50,VOICE,Mira Road,351184852310268
C000075,8509938173,7542743490,2026-03-31 15:01:30,356,SMS,Sewri,357194939847413
C002239,8573287057,6673937340,2026-03-31 15:39:43,843,VOICE,Dongri,357382007306842
C001460,9265641111,8633254907,2026-03-31 17:08:37,736,VOICE,Kurla,351237329393046
C000466,9614393430,6919342369,2026-03-31 17:40:01,186,SMS,Kalbadevi,354510361761252
C000664,6070587565,7487467081,2026-03-31 17:43:32,363,VOICE,Mumbra,350235731179539
C002084,9117554523,8563171143,2026-03-31 17:50:53,466,VOICE,Vashi,350248622680032
C001094,9374128579,7728161355,2026-03-31 18:09:34,494,VOICE,Kalbadevi,352116700760695
C000872,9446293690,8014428249,2026-03-31 19:06:50,775,VOICE,Andheri East,352888863909022
C000221,7580593773,9156069125,2026-03-31 19:12:17,833,SMS,Dongri,350967321947834
C001765,8049689229,9439133425,2026-03-31 19:56:47,54,VOICE,Panvel,353040453877407
C002741,9509641906,7497869350,2026-03-31 20:00:00,50,SMS,Nagpada,350148239341998
C001457,6269714996,7255549094,2026-03-31 20:02:12,274,VOICE,Alibaug,351922038881659
C000883,7580593773,7542743490,2026-03-31 20:40:13,111,SMS,Dongri,350967321947834
C000281,7017959495,7807849269,2026-03-31 20:49:29,524,VOICE,Malad,356516601986066
C001517,9765846476,9782002283,2026-03-31 21:37:51,818,SMS,Panvel,355501841990582
C001126,6324779857,9905406416,2026-03-31 22:27:02,181,VOICE,Worli,352660447633248
C001748,7017959495,8712530467,2026-03-31 22:39:01,844,VOICE,Malad,356516601986066
C002148,7361747245,8698373788,2026-03-31 22:45:42,696,VOICE,Powai,359207454903376
C000191,6422210580,8563171143,2026-03-31 22:56:44,347,VOICE,Sewri,353511414705530
C000430,8563171143,7728161355,2026-04-01 07:01:45,737,VOICE,Borivali,357354464962239
C002265,8531529175,9793681218,2026-04-01 07:18:41,183,VOICE,Nagpada,357270262249966
C001821,6896001550,8435190744,2026-04-01 09:23:12,699,VOICE,Ulhasnagar,357119059016670
C001808,6698231223,7041867290,2026-04-01 10:22:28,706,SMS,Vasco da Gama,355415111975042
C000165,7274556629,7580593773,2026-04-01 10:23:03,232,VOICE,Kalbadevi,358384682630303
C001496,7542743490,6324779857,2026-04-01 10:50:23,682,SMS,Worli,350859099136625
C000461,7361747245,8698373788,2026-04-01 11:13:18,231,VOICE,Powai,359207454903376
C002163,7807849269,6451864322,2026-04-01 13:05:01,129,SMS,Surat,353312188116800
C000843,9765846476,9782002283,2026-04-01 13:13:18,146,VOICE,Panvel,355501841990582
C002742,9509641906,7497869350,2026-04-01 14:00:00,26,SMS,Nagpada,350148239341998
C002403,9553207492,9793681218,2026-04-01 15:22:02,144,VOICE,Uran,353766596855086
C000019,9614393430,8614005020,2026-04-01 15:58:15,758,VOICE,Kalbadevi,354510361761252
C000105,7807849269,6451864322,2026-04-01 19:23:57,611,VOICE,Surat,353312188116800
C002668,8040571307,8809385077,2026-04-01 19:49:58,497,SMS,Andheri East,353032436554175
C000764,9446293690,8410062361,2026-04-01 19:55:02,97,SMS,Andheri East,352888863909022
C002485,8211132866,8040571307,2026-04-01 20:01:14,750,VOICE,Bandra West,354656450114498
C001940,9446293690,6000839065,2026-04-01 20:10:50,22,SMS,Andheri East,352888863909022
C002739,9793681218,9553207492,2026-04-01 21:20:00,180,SMS,Nhava Sheva,355582551110274
C001104,6749574551,8917172888,2026-04-01 21:50:06,453,VOICE,Surat,356131417119493
C002736,9509641906,9793681218,2026-04-01 21:54:00,25,VOICE,Nhava Sheva,350148239341998
C000404,9439133425,8803876077,2026-04-01 21:57:53,554,SMS,Kondhwa,352863979633543
C002727,9509641906,9553207492,2026-04-01 22:20:00,133,SMS,Panvel,350148239341998
C002731,9509641906,9793681218,2026-04-01 22:27:00,74,VOICE,Uran,350148239341998
C002728,9509641906,9553207492,2026-04-01 23:00:00,102,SMS,Nhava Sheva,350148239341998
C002300,8531529175,6295445353,2026-04-01 23:20:33,461,SMS,Nagpada,357270262249966
C002729,9509641906,9793681218,2026-04-02 00:00:00,64,SMS,Panvel,350148239341998
C002719,9509641906,9553207492,2026-04-02 00:05:00,139,SMS,Panvel,350148239341998
C002723,9509641906,9553207492,2026-04-02 00:07:00,203,SMS,Nhava Sheva,350148239341998
C002737,9793681218,9553207492,2026-04-02 00:26:00,19,VOICE,Panvel,355582551110274
C002724,9793681218,9553207492,2026-04-02 00:44:00,44,VOICE,Nhava Sheva,355582551110274
C002725,9509641906,9793681218,2026-04-02 01:50:00,45,VOICE,Nhava Sheva,350148239341998
C002730,9793681218,9553207492,2026-04-02 01:50:00,101,VOICE,Nhava Sheva,355582551110274
C002738,9509641906,9793681218,2026-04-02 03:20:00,158,VOICE,Panvel,350148239341998
C002735,9509641906,9793681218,2026-04-02 03:22:00,216,VOICE,Nhava Sheva,350148239341998
C002726,9509641906,9553207492,2026-04-02 03:23:00,228,VOICE,Uran,350148239341998
C002732,9793681218,9553207492,2026-04-02 03:58:00,113,VOICE,Panvel,355582551110274
C002721,9509641906,9793681218,2026-04-02 04:17:00,88,SMS,Panvel,350148239341998
C002734,9793681218,9553207492,2026-04-02 04:35:00,162,VOICE,Nhava Sheva,355582551110274
C002722,9509641906,9793681218,2026-04-02 04:37:00,94,VOICE,Uran,350148239341998
C002740,9793681218,9553207492,2026-04-02 05:15:00,148,VOICE,Panvel,355582551110274
C002733,9793681218,9553207492,2026-04-02 05:18:00,112,SMS,Nhava Sheva,355582551110274
C002720,9509641906,9793681218,2026-04-02 05:22:00,149,SMS,Nhava Sheva,350148239341998
C000258,8049689229,9765846476,2026-04-02 07:11:50,296,SMS,Panvel,353040453877407
C000072,9932435933,8633254907,2026-04-02 08:36:32,857,VOICE,Nagpada,357122308246850
C001830,9601811727,9265641111,2026-04-02 09:00:34,425,VOICE,Bhiwandi,354480322336962
C002377,8531529175,9248246355,2026-04-02 09:19:22,661,VOICE,Nagpada,357270262249966
C001684,8309143244,9156069125,2026-04-02 12:00:23,768,VOICE,Malad,355488929514758
C001525,7361747245,8413064207,2026-04-02 12:25:40,485,VOICE,Powai,359207454903376
C000554,9738535633,8413064207,2026-04-02 12:27:07,120,VOICE,Thane,355421879820322
C001419,6269714996,8698373788,2026-04-02 13:59:01,128,VOICE,Alibaug,351922038881659
C001622,9932435933,9265641111,2026-04-02 14:04:13,624,SMS,Nagpada,357122308246850
C000280,7422391172,7487467081,2026-04-02 14:57:21,684,VOICE,Mira Road,359951072909438
C001672,7422391172,7684964862,2026-04-02 16:21:51,97,VOICE,Mira Road,359951072909438
C001794,8413064207,9905406416,2026-04-02 17:13:46,562,SMS,Sewri,356363981391785
C002579,8531529175,8068707468,2026-04-02 17:24:01,815,SMS,Nagpada,357270262249966
C002180,7041867290,6698231223,2026-04-02 17:42:24,884,SMS,Vasco da Gama,356593787039174
C001617,9446293690,9462726847,2026-04-02 17:52:56,130,SMS,Andheri East,352888863909022
C000293,7274556629,8918353735,2026-04-02 18:55:34,789,SMS,Kalbadevi,358384682630303
C001659,6874756217,7361747245,2026-04-02 19:20:33,562,SMS,Chembur,357062463948703
C002068,7113261119,6451864322,2026-04-02 19:56:35,323,VOICE,Bhiwandi,357365743286792
C002294,8531529175,9793681218,2026-04-02 19:58:51,136,VOICE,Nagpada,357270262249966
C000574,8435190744,8413064207,2026-04-02 21:09:22,58,VOICE,Vashi,356420812912845
C001846,9601811727,8803876077,2026-04-02 21:12:14,321,SMS,Bhiwandi,354480322336962
C000669,9448375856,6451864322,2026-04-02 21:24:44,670,VOICE,Byculla,352890665759879
C002267,9793681218,8531529175,2026-04-03 00:15:40,22,VOICE,Bhiwandi,355582551110274
C001731,9738535633,7542743490,2026-04-03 07:12:45,248,SMS,Thane,355421879820322
C000839,8504779734,7840178422,2026-04-03 09:48:24,103,VOICE,Alibaug,357190448800224
C001121,7113261119,9765846476,2026-04-03 12:08:41,514,VOICE,Bhiwandi,357365743286792
C000017,8633254907,7041867290,2026-04-03 12:36:11,557,SMS,Kurla,358124845036397
C001426,9614393430,9156069125,2026-04-03 12:41:30,115,VOICE,Kalbadevi,354510361761252
C000959,8309143244,9782002283,2026-04-03 12:59:52,750,VOICE,Malad,355488929514758
C002659,7990380175,7960611844,2026-04-03 13:29:45,334,VOICE,Kalbadevi,354406340434749
C001350,7160292010,7819703036,2026-04-03 13:30:12,758,VOICE,Mira Road,357500646645688
C001563,8410062361,7807849269,2026-04-03 14:20:13,848,SMS,Bandra West,356361318822301
C001990,9376306192,8484451242,2026-04-03 14:32:05,44,VOICE,Dongri,352118531115946
C001466,8908958826,9462726847,2026-04-03 14:44:14,887,VOICE,Sewri,350605618347113
C000265,8698373788,8918353735,2026-04-03 15:18:20,486,VOICE,Thane,358294388684197
C000324,9932435933,7422391172,2026-04-03 16:34:38,875,VOICE,Nagpada,357122308246850
C000924,7542743490,9738535633,2026-04-03 17:05:37,464,SMS,Worli,350859099136625
C000268,8614005020,9905406416,2026-04-03 19:12:16,109,VOICE,Panvel,358070645457146
C000909,9117554523,7684964862,2026-04-03 20:15:22,194,VOICE,Vashi,350248622680032
C001741,8809385077,6070587565,2026-04-03 21:20:40,62,VOICE,Ghatkopar,359753445712105
C000053,7422391172,7487467081,2026-04-04 07:21:10,686,VOICE,Mira Road,359951072909438
C001789,8809385077,8803876077,2026-04-04 08:46:47,363,VOICE,Ghatkopar,359753445712105
C001705,6783091866,9265641111,2026-04-04 09:14:13,290,SMS,Nhava Sheva,356236001168684
C002089,6269714996,9765846476,2026-04-04 09:34:47,369,VOICE,Alibaug,351922038881659
C001343,9905406416,8614005020,2026-04-04 09:54:59,494,VOICE,Worli,357042430169924
C002264,9793681218,8531529175,2026-04-04 09:57:15,291,SMS,Bhiwandi,355582551110274
C000210,9265641111,7255549094,2026-04-04 10:32:18,537,VOICE,Kurla,351237329393046
C000205,7542743490,8712530467,2026-04-04 11:56:07,311,VOICE,Worli,350859099136625
C001044,9932435933,9265641111,2026-04-04 12:09:27,677,VOICE,Nagpada,357122308246850
C002340,7164355506,8531529175,2026-04-04 14:00:07,405,VOICE,Dharavi,357504221689632
C001003,7542743490,7580593773,2026-04-04 16:20:43,123,VOICE,Worli,350859099136625
C001669,6749574551,7160292010,2026-04-04 17:06:00,582,SMS,Surat,356131417119493
C000131,8509938173,6070587565,2026-04-04 17:56:31,645,VOICE,Sewri,357194939847413
C000233,9290363962,6749574551,2026-04-04 18:02:34,288,SMS,Powai,351315345743989
C002156,8918353735,9738535633,2026-04-04 18:57:00,886,VOICE,Bhiwandi,350632959036432
C002570,8531529175,8335834126,2026-04-04 19:36:09,847,VOICE,Nagpada,357270262249966
C000584,7041867290,8917172888,2026-04-04 19:54:30,376,SMS,Vasco da Gama,356593787039174
C002071,6000839065,6749574551,2026-04-04 20:18:03,589,SMS,Mumbra,350043224205387
C001142,8809385077,7361747245,2026-04-04 21:33:27,543,VOICE,Ghatkopar,359753445712105
C000141,7684964862,7807849269,2026-04-04 22:30:02,38,VOICE,Vasco da Gama,351823874776760
C000766,7255549094,8563171143,2026-04-04 22:49:50,503,VOICE,Sewri,358330544066060
C002628,9248246355,6324779857,2026-04-05 01:21:10,560,VOICE,Mira Road,351184852310268
C001025,9117554523,6422210580,2026-04-05 08:27:19,328,SMS,Vashi,350248622680032
C001129,9462726847,7361747245,2026-04-05 09:16:39,771,VOICE,Kondhwa,352940475894775
C000285,8803876077,8435190744,2026-04-05 11:07:57,78,SMS,Worli,359748262942044
C001628,7017959495,8014428249,2026-04-05 12:12:03,336,VOICE,Malad,356516601986066
C000106,7542743490,7960611844,2026-04-05 12:43:23,817,VOICE,Worli,350859099136625
C000359,8621681069,6057175033,2026-04-05 15:39:43,481,VOICE,Uran,358095674604257
C001713,8504779734,7487467081,2026-04-05 17:10:38,217,VOICE,Alibaug,357190448800224
C001455,8014428249,9446293690,2026-04-05 17:32:08,578,VOICE,Surat,352953415687512
C000368,7145980393,8809385077,2026-04-05 21:02:44,58,VOICE,Chembur,357450258359959
C001020,9374128579,7684964862,2026-04-05 21:36:55,762,VOICE,Kalbadevi,352116700760695
C002206,8573287057,7497869350,2026-04-05 22:15:01,98,SMS,Dongri,357382007306842
C002523,8211132866,6509398630,2026-04-05 22:51:49,584,SMS,Bandra West,354656450114498
C002235,7497869350,8573287057,2026-04-06 03:15:20,584,VOICE,Nagpada,350148239341998
C002359,8531529175,9248246355,2026-04-06 07:01:56,73,SMS,Nagpada,357270262249966
C001838,7728161355,8504779734,2026-04-06 07:21:13,85,VOICE,Mumbra,352515011016845
C002502,9085160582,8211132866,2026-04-06 07:46:01,361,VOICE,Surat,359586431221944
C002444,7990380175,8040571307,2026-04-06 07:55:26,419,VOICE,Kalbadevi,354406340434749
C001820,9290363962,7728161355,2026-04-06 09:19:22,404,VOICE,Powai,351315345743989
C002647,8335834126,9265641111,2026-04-06 09:48:33,199,SMS,Mumbra,355568116851673
C000737,7487467081,6070587565,2026-04-06 10:41:03,140,VOICE,Surat,350120612148912
C001657,8484451242,8504779734,2026-04-06 10:58:23,163,VOICE,Andheri East,356557570698072
C002280,9793681218,8531529175,2026-04-06 11:28:16,625,VOICE,Bhiwandi,355582551110274
C001785,8014428249,7160292010,2026-04-06 11:46:02,29,VOICE,Surat,352953415687512
C002104,9376306192,6874756217,2026-04-06 12:23:49,60,VOICE,Dongri,352118531115946
C000045,8918353735,8698373788,2026-04-06 13:59:39,389,SMS,Bhiwandi,350632959036432
C000036,6783091866,8413064207,2026-04-06 14:33:31,435,VOICE,Nhava Sheva,356236001168684
C000551,6451864322,7274556629,2026-04-06 14:45:10,205,VOICE,Worli,353593241553751
C000562,8809385077,9905406416,2026-04-06 15:01:40,369,SMS,Ghatkopar,359753445712105
C002072,7728161355,8504779734,2026-04-06 15:29:18,631,VOICE,Mumbra,352515011016845
C001633,8563171143,7113261119,2026-04-06 15:31:21,652,VOICE,Borivali,357354464962239
C000223,8614005020,8712530467,2026-04-06 17:20:43,749,VOICE,Panvel,358070645457146
C000008,8504779734,9932435933,2026-04-06 17:43:21,256,VOICE,Alibaug,357190448800224
C000050,7684964862,7580593773,2026-04-06 18:28:00,213,SMS,Vasco da Gama,351823874776760
C002091,7684964862,7580593773,2026-04-06 19:33:58,372,SMS,Vasco da Gama,351823874776760
C000331,9738535633,7819703036,2026-04-06 20:58:51,465,VOICE,Thane,355421879820322
C002354,9248246355,8531529175,2026-04-06 22:01:04,484,VOICE,Mira Road,351184852310268
C002364,8531529175,9248246355,2026-04-07 02:44:58,281,VOICE,Nagpada,357270262249966
C000847,7960611844,7542743490,2026-04-07 07:20:14,586,VOICE,Nagpada,354323882051646
C000304,8712530467,8614005020,2026-04-07 07:23:39,696,VOICE,Nagpada,358921907258563
C001509,6896001550,8435190744,2026-04-07 08:51:16,866,VOICE,Ulhasnagar,357119059016670
C001664,8509938173,7542743490,2026-04-07 09:24:33,231,VOICE,Sewri,357194939847413
C002349,7164355506,8531529175,2026-04-07 09:24:45,40,VOICE,Dharavi,357504221689632
C000627,9265641111,9374128579,2026-04-07 09:39:25,493,VOICE,Kurla,351237329393046
C002578,8335834126,8040571307,2026-04-07 09:52:19,60,VOICE,Mumbra,355568116851673
C000823,9601811727,8014428249,2026-04-07 10:24:54,62,VOICE,Bhiwandi,354480322336962
C001245,8698373788,8803876077,2026-04-07 11:08:52,640,VOICE,Thane,358294388684197
C000772,9156069125,8712530467,2026-04-07 11:52:39,680,VOICE,Vasco da Gama,350357643555674
C001362,9448375856,8614005020,2026-04-07 15:10:16,315,VOICE,Byculla,352890665759879
C001195,9765846476,9448375856,2026-04-07 15:29:05,349,VOICE,Panvel,355501841990582
C000381,7113261119,8809385077,2026-04-07 15:30:01,212,VOICE,Bhiwandi,357365743286792
C001577,7580593773,8563171143,2026-04-07 15:54:45,669,VOICE,Dongri,350967321947834
C001056,8621681069,7819703036,2026-04-07 16:21:11,628,VOICE,Uran,358095674604257
C001607,7542743490,8918353735,2026-04-07 18:42:17,139,VOICE,Worli,350859099136625
C000691,8809385077,6749574551,2026-04-07 22:04:30,76,VOICE,Ghatkopar,359753445712105
C000354,6000839065,6919342369,2026-04-07 22:21:35,661,VOICE,Mumbra,350043224205387
C002005,6057175033,6451864322,2026-04-07 22:23:54,726,SMS,Thane,350186802972477
C000300,9782002283,9439133425,2026-04-07 22:33:38,197,VOICE,Mira Road,355553971859411
C002431,6295445353,7164355506,2026-04-08 00:27:21,680,SMS,Kurla,352000943616276
C000252,7041867290,6698231223,2026-04-08 07:44:37,63,VOICE,Vasco da Gama,356593787039174
C000168,8614005020,8504779734,2026-04-08 07:48:11,92,VOICE,Panvel,358070645457146
C002323,8531529175,6295445353,2026-04-08 07:55:03,793,SMS,Nagpada,357270262249966
C001643,8435190744,8413064207,2026-04-08 08:13:50,488,VOICE,Vashi,356420812912845
C000142,9462726847,7361747245,2026-04-08 08:18:15,543,SMS,Kondhwa,352940475894775
C001843,7819703036,9765846476,2026-04-08 08:51:22,322,VOICE,Surat,353341443234274
C000657,7807849269,6451864322,2026-04-08 09:18:52,237,VOICE,Surat,353312188116800
C001833,6896001550,9765846476,2026-04-08 09:40:08,375,SMS,Ulhasnagar,357119059016670
C000379,7113261119,6749574551,2026-04-08 09:51:11,878,VOICE,Bhiwandi,357365743286792
C002152,6783091866,8410062361,2026-04-08 10:01:44,119,VOICE,Nhava Sheva,356236001168684
C001592,9156069125,9738535633,2026-04-08 10:13:57,177,VOICE,Vasco da Gama,350357643555674
C001303,8014428249,6874756217,2026-04-08 10:26:13,424,VOICE,Surat,352953415687512
C002435,6295445353,7164355506,2026-04-08 11:12:02,599,VOICE,Kurla,352000943616276
C000968,8908958826,6919342369,2026-04-08 12:41:49,668,VOICE,Sewri,350605618347113
C001508,9439133425,9782002283,2026-04-08 14:52:39,79,VOICE,Kondhwa,352863979633543
C001083,7819703036,6422210580,2026-04-08 14:53:18,633,VOICE,Surat,353341443234274
C000497,6698231223,6783091866,2026-04-08 15:23:39,642,VOICE,Vasco da Gama,355415111975042
C000412,9117554523,9462726847,2026-04-08 15:33:29,245,SMS,Vashi,350248622680032
C002613,6295445353,8803876077,2026-04-08 15:34:08,548,VOICE,Kurla,352000943616276
C001137,8614005020,9448375856,2026-04-08 15:55:24,680,VOICE,Panvel,358070645457146
C002634,7556029118,7041867290,2026-04-08 16:19:37,563,VOICE,Ghatkopar,350889959689984
C001465,9448375856,7807849269,2026-04-08 16:58:42,744,SMS,Byculla,352890665759879
C000023,9439133425,9932435933,2026-04-08 16:59:41,169,VOICE,Kondhwa,352863979633543
C002013,7255549094,9265641111,2026-04-08 17:01:56,585,SMS,Sewri,358330544066060
C001504,6000839065,6698231223,2026-04-08 17:15:02,615,VOICE,Mumbra,350043224205387
C002357,9248246355,8531529175,2026-04-08 19:08:11,65,SMS,Mira Road,351184852310268
C001728,6749574551,7160292010,2026-04-08 20:43:26,573,VOICE,Surat,356131417119493
C001471,9765846476,6896001550,2026-04-08 22:28:31,700,VOICE,Panvel,355501841990582
C000606,6698231223,7041867290,2026-04-09 07:58:57,783,VOICE,Vasco da Gama,355415111975042
C000070,6783091866,7902659660,2026-04-09 08:04:59,367,VOICE,Nhava Sheva,356236001168684
C000162,7041867290,8633254907,2026-04-09 08:29:20,581,VOICE,Vasco da Gama,356593787039174
C000113,9782002283,7819703036,2026-04-09 08:54:04,32,SMS,Mira Road,355553971859411
C000591,7807849269,7684964862,2026-04-09 09:34:24,27,VOICE,Surat,353312188116800
C002336,7164355506,8531529175,2026-04-09 10:51:49,561,VOICE,Dharavi,357504221689632
C000441,7819703036,9782002283,2026-04-09 11:50:18,405,VOICE,Surat,353341443234274
C001437,9462726847,7542743490,2026-04-09 12:11:13,611,VOICE,Kondhwa,352940475894775
C000203,7017959495,8908958826,2026-04-09 12:17:00,583,VOICE,Malad,356516601986066
C002481,8040571307,8211132866,2026-04-09 12:51:43,20,VOICE,Andheri East,353032436554175
C000355,8809385077,7361747245,2026-04-09 14:33:47,251,VOICE,Ghatkopar,359753445712105
C000460,7902659660,8614005020,2026-04-09 14:35:16,757,VOICE,Bhiwandi,354160585304890
C001329,6422210580,7819703036,2026-04-09 14:38:09,885,VOICE,Sewri,353511414705530
C000305,8917172888,8309143244,2026-04-09 15:03:58,601,VOICE,Thane,350632016092819
C002310,8531529175,6295445353,2026-04-09 15:41:44,636,SMS,Nagpada,357270262249966
C000878,7145980393,7840178422,2026-04-09 16:04:21,532,VOICE,Chembur,357450258359959
C001346,7840178422,6698231223,2026-04-09 16:26:20,816,SMS,Bandra West,353415828385983
C000681,6000839065,6749574551,2026-04-09 17:03:50,295,VOICE,Mumbra,350043224205387
C000559,7145980393,7840178422,2026-04-09 17:37:42,104,VOICE,Chembur,357450258359959
C001416,7580593773,9156069125,2026-04-09 17:41:49,891,SMS,Dongri,350967321947834
C001551,8698373788,7274556629,2026-04-09 18:21:02,321,SMS,Thane,358294388684197
C000489,9439133425,6874756217,2026-04-09 19:12:49,32,VOICE,Kondhwa,352863979633543
C001497,7728161355,9601811727,2026-04-09 20:24:48,377,VOICE,Mumbra,352515011016845
C000020,9614393430,8803876077,2026-04-09 21:06:55,823,VOICE,Kalbadevi,354510361761252
C000066,8918353735,7274556629,2026-04-09 21:36:05,337,VOICE,Bhiwandi,350632959036432
C001454,8908958826,7017959495,2026-04-09 22:56:53,764,VOICE,Sewri,350605618347113
C002339,7164355506,8531529175,2026-04-10 00:28:02,536,VOICE,Dharavi,357504221689632
C002281,8531529175,9793681218,2026-04-10 02:53:27,397,VOICE,Nagpada,357270262249966
C002568,8531529175,8335834126,2026-04-10 03:05:33,511,SMS,Nagpada,357270262249966
C001770,8803876077,9439133425,2026-04-10 09:05:41,697,VOICE,Worli,359748262942044
C000816,7960611844,8563171143,2026-04-10 10:06:01,692,VOICE,Nagpada,354323882051646
C001253,8014428249,7017959495,2026-04-10 10:34:36,555,SMS,Surat,352953415687512
C000213,9905406416,6324779857,2026-04-10 10:41:52,683,VOICE,Worli,357042430169924
C000123,9462726847,7361747245,2026-04-10 10:41:55,32,VOICE,Kondhwa,352940475894775
C001208,9765846476,8049689229,2026-04-10 13:25:25,344,VOICE,Panvel,355501841990582
C001226,8614005020,9614393430,2026-04-10 14:22:50,344,VOICE,Panvel,358070645457146
C000310,8698373788,7274556629,2026-04-10 14:37:11,572,VOICE,Thane,358294388684197
C002618,7164355506,8263114372,2026-04-10 14:51:28,74,VOICE,Dharavi,357504221689632
C000748,8908958826,9376306192,2026-04-10 15:23:36,878,VOICE,Sewri,350605618347113
C001742,7017959495,7960611844,2026-04-10 15:54:24,293,SMS,Malad,356516601986066
C001788,7580593773,9156069125,2026-04-10 16:06:02,645,VOICE,Dongri,350967321947834
C000913,7422391172,9614393430,2026-04-10 16:45:48,847,VOICE,Mira Road,359951072909438
C001982,9265641111,9932435933,2026-04-10 17:05:59,159,VOICE,Kurla,351237329393046
C000235,9376306192,7145980393,2026-04-10 17:28:00,505,VOICE,Dongri,352118531115946
C001297,8504779734,8712530467,2026-04-10 18:01:24,110,SMS,Alibaug,357190448800224
C001575,7041867290,9782002283,2026-04-10 18:53:48,488,SMS,Vasco da Gama,356593787039174
C000377,7145980393,7840178422,2026-04-10 20:26:43,592,SMS,Chembur,357450258359959
C001858,9156069125,7580593773,2026-04-10 21:03:32,886,SMS,Vasco da Gama,350357643555674
C000885,7255549094,8410062361,2026-04-10 21:12:39,548,SMS,Sewri,358330544066060
C002202,8573287057,7497869350,2026-04-10 21:56:48,463,VOICE,Dongri,357382007306842
C002317,8531529175,6295445353,2026-04-10 22:03:25,808,VOICE,Nagpada,357270262249966
C002653,8068707468,8803876077,2026-04-11 07:02:43,92,VOICE,Kalyan,353094612785394
C001101,7160292010,8908958826,2026-04-11 07:30:39,771,VOICE,Mira Road,357500646645688
C000695,8563171143,7728161355,2026-04-11 07:52:29,356,VOICE,Borivali,357354464962239
C001736,9439133425,6749574551,2026-04-11 09:57:07,65,VOICE,Kondhwa,352863979633543
C002037,8621681069,9376306192,2026-04-11 10:07:03,133,VOICE,Uran,358095674604257
C002573,8335834126,8531529175,2026-04-11 10:24:56,39,VOICE,Mumbra,355568116851673
C002124,7274556629,9932435933,2026-04-11 10:45:39,645,VOICE,Kalbadevi,358384682630303
C001057,9439133425,8049689229,2026-04-11 11:06:02,137,VOICE,Kondhwa,352863979633543
C001935,9374128579,6324779857,2026-04-11 11:07:17,722,VOICE,Kalbadevi,352116700760695
C000747,7960611844,9614393430,2026-04-11 12:07:00,149,VOICE,Nagpada,354323882051646
C000951,9156069125,9738535633,2026-04-11 12:47:59,341,SMS,Vasco da Gama,350357643555674
C002492,9085160582,8211132866,2026-04-11 12:48:41,321,SMS,Surat,359586431221944
C000797,9601811727,8633254907,2026-04-11 12:49:58,720,VOICE,Bhiwandi,354480322336962
C001891,7728161355,7017959495,2026-04-11 13:40:11,685,VOICE,Mumbra,352515011016845
C002113,8413064207,8484451242,2026-04-11 14:13:22,398,VOICE,Sewri,356363981391785
C002189,8435190744,6874756217,2026-04-11 15:55:01,653,VOICE,Vashi,356420812912845
C002172,6324779857,8413064207,2026-04-11 15:55:43,385,SMS,Worli,352660447633248
C001943,8263114372,8698373788,2026-04-11 19:08:32,847,VOICE,Vasco da Gama,354795786400177
C002191,9374128579,7580593773,2026-04-11 20:20:58,745,SMS,Kalbadevi,352116700760695
C001819,9376306192,8621681069,2026-04-11 20:39:28,518,VOICE,Dongri,352118531115946
C000264,9782002283,8014428249,2026-04-11 20:52:01,559,VOICE,Mira Road,355553971859411
C000818,9374128579,7684964862,2026-04-11 21:24:00,635,VOICE,Kalbadevi,352116700760695
C001896,9614393430,6783091866,2026-04-11 22:00:12,702,VOICE,Kalbadevi,354510361761252
C000209,7361747245,7487467081,2026-04-11 22:45:36,225,VOICE,Powai,359207454903376
C002396,9553207492,9793681218,2026-04-12 01:17:50,844,VOICE,Uran,353766596855086
C002273,8531529175,9793681218,2026-04-12 03:56:26,745,VOICE,Nagpada,357270262249966
C001125,8435190744,8413064207,2026-04-12 07:23:50,116,VOICE,Vashi,356420812912845
C002108,9462726847,8908958826,2026-04-12 08:14:06,887,VOICE,Kondhwa,352940475894775
C000700,7684964862,7807849269,2026-04-12 09:29:56,524,SMS,Vasco da Gama,351823874776760
C000505,7840178422,6698231223,2026-04-12 09:51:45,331,VOICE,Bandra West,353415828385983
C000092,8049689229,9439133425,2026-04-12 11:53:13,183,VOICE,Panvel,353040453877407
C001951,9439133425,6896001550,2026-04-12 12:35:49,146,SMS,Kondhwa,352863979633543
C001660,7728161355,8435190744,2026-04-12 13:44:46,381,VOICE,Mumbra,352515011016845
C001134,9117554523,7422391172,2026-04-12 14:01:04,422,VOICE,Vashi,350248622680032
C000993,9782002283,7145980393,2026-04-12 14:26:19,591,SMS,Mira Road,355553971859411
C001240,9765846476,7113261119,2026-04-12 15:39:29,680,SMS,Panvel,355501841990582
C001015,8410062361,6874756217,2026-04-12 15:43:18,567,VOICE,Bandra West,356361318822301
C001909,7361747245,8712530467,2026-04-12 16:09:31,338,VOICE,Powai,359207454903376
C000609,9265641111,7255549094,2026-04-12 16:12:18,326,VOICE,Kurla,351237329393046
C000437,8410062361,6919342369,2026-04-12 16:17:49,682,VOICE,Bandra West,356361318822301
C001135,9446293690,8410062361,2026-04-12 16:25:26,838,VOICE,Andheri East,352888863909022
C000781,7017959495,7422391172,2026-04-12 18:28:04,844,SMS,Malad,356516601986066
C000788,9376306192,6698231223,2026-04-12 19:14:32,193,SMS,Dongri,352118531115946
C001415,8563171143,7960611844,2026-04-12 19:30:09,105,VOICE,Borivali,357354464962239
C001661,7807849269,6874756217,2026-04-12 19:32:20,121,VOICE,Surat,353312188116800
C000157,8614005020,6451864322,2026-04-12 20:04:26,357,VOICE,Panvel,358070645457146
C001068,9290363962,6070587565,2026-04-12 20:04:31,470,VOICE,Powai,351315345743989
C000353,7684964862,6070587565,2026-04-12 20:28:01,281,VOICE,Vasco da Gama,351823874776760
C001835,6919342369,7960611844,2026-04-12 20:38:48,521,VOICE,Chembur,357754601261712
C002424,6295445353,9248246355,2026-04-12 20:58:14,187,SMS,Kurla,352000943616276
C001488,8484451242,8504779734,2026-04-12 21:44:59,609,VOICE,Andheri East,356557570698072
C001153,9439133425,6874756217,2026-04-12 21:56:46,146,VOICE,Kondhwa,352863979633543
C001475,6874756217,7145980393,2026-04-13 08:05:17,539,VOICE,Chembur,357062463948703
C000901,8263114372,8809385077,2026-04-13 08:26:44,540,VOICE,Vasco da Gama,354795786400177
C000991,9738535633,7819703036,2026-04-13 08:39:35,161,SMS,Thane,355421879820322
C000750,7960611844,9782002283,2026-04-13 08:51:41,266,VOICE,Nagpada,354323882051646
C000292,9376306192,8484451242,2026-04-13 09:06:07,621,VOICE,Dongri,352118531115946
C000398,7361747245,8712530467,2026-04-13 10:09:02,839,VOICE,Powai,359207454903376
C000346,6783091866,9265641111,2026-04-13 10:12:21,487,SMS,Nhava Sheva,356236001168684
C001251,9738535633,7902659660,2026-04-13 10:41:17,638,VOICE,Thane,355421879820322
C001339,8309143244,7902659660,2026-04-13 11:06:39,120,SMS,Malad,355488929514758
C001075,9782002283,9765846476,2026-04-13 11:15:44,396,SMS,Mira Road,355553971859411
C000819,7728161355,6874756217,2026-04-13 11:40:50,317,VOICE,Mumbra,352515011016845
C002637,7556029118,6269714996,2026-04-13 13:12:29,739,SMS,Ghatkopar,350889959689984
C000870,6749574551,7274556629,2026-04-13 13:27:41,362,VOICE,Surat,356131417119493
C000426,6896001550,8614005020,2026-04-13 13:32:55,435,VOICE,Ulhasnagar,357119059016670
C000849,8263114372,8809385077,2026-04-13 13:54:49,51,VOICE,Vasco da Gama,354795786400177
C002633,7556029118,8049689229,2026-04-13 14:33:12,286,SMS,Ghatkopar,350889959689984
C000597,6057175033,8621681069,2026-04-13 14:42:24,735,VOICE,Thane,350186802972477
C001252,9782002283,8504779734,2026-04-13 16:02:33,178,VOICE,Mira Road,355553971859411
C001040,7145980393,9782002283,2026-04-13 17:04:48,886,VOICE,Chembur,357450258359959
C002387,9553207492,9793681218,2026-04-13 17:21:20,362,VOICE,Uran,353766596855086
C000006,8918353735,7960611844,2026-04-13 17:25:02,84,VOICE,Bhiwandi,350632959036432
C002044,8413064207,9782002283,2026-04-13 18:14:32,354,VOICE,Sewri,356363981391785
C000416,9156069125,9614393430,2026-04-13 19:36:53,272,VOICE,Vasco da Gama,350357643555674
C001572,7160292010,7819703036,2026-04-13 20:34:34,775,VOICE,Mira Road,357500646645688
C001522,7902659660,8633254907,2026-04-13 22:37:19,530,VOICE,Bhiwandi,354160585304890
C000436,6698231223,6000839065,2026-04-13 22:42:38,345,SMS,Vasco da Gama,355415111975042
C001929,7487467081,8484451242,2026-04-14 08:18:50,734,VOICE,Surat,350120612148912
C000642,8504779734,8614005020,2026-04-14 08:26:54,763,VOICE,Alibaug,357190448800224
C002154,7274556629,6749574551,2026-04-14 08:58:08,215,VOICE,Kalbadevi,358384682630303
C002312,6295445353,8531529175,2026-04-14 09:01:47,486,VOICE,Kurla,352000943616276
C001358,8563171143,9765846476,2026-04-14 09:25:09,109,VOICE,Borivali,357354464962239
C001386,9614393430,8803876077,2026-04-14 09:43:18,435,VOICE,Kalbadevi,354510361761252
C001997,7902659660,9446293690,2026-04-14 09:45:25,653,VOICE,Bhiwandi,354160585304890
C001662,9290363962,9614393430,2026-04-14 09:49:37,694,VOICE,Powai,351315345743989
C000373,7145980393,6422210580,2026-04-14 10:16:19,468,VOICE,Chembur,357450258359959
C000397,6919342369,8484451242,2026-04-14 10:25:23,365,VOICE,Chembur,357754601261712
C001950,7960611844,6896001550,2026-04-14 11:04:32,305,VOICE,Nagpada,354323882051646
C001220,7160292010,7017959495,2026-04-14 11:18:54,56,VOICE,Mira Road,357500646645688
C000431,7960611844,9614393430,2026-04-14 11:26:18,56,SMS,Nagpada,354323882051646
C000238,9905406416,9117554523,2026-04-14 11:38:30,135,SMS,Worli,357042430169924
C000440,9290363962,6749574551,2026-04-14 11:42:20,39,VOICE,Powai,351315345743989
C000485,9448375856,6451864322,2026-04-14 12:58:57,81,VOICE,Byculla,352890665759879
C001510,6896001550,9439133425,2026-04-14 13:42:05,860,VOICE,Ulhasnagar,357119059016670
C001487,9446293690,9462726847,2026-04-14 16:09:05,299,SMS,Andheri East,352888863909022
C002056,7041867290,6000839065,2026-04-14 16:40:30,233,SMS,Vasco da Gama,356593787039174
C002591,6577461070,8410062361,2026-04-14 17:18:07,137,VOICE,Dongri,354506368232793
C002200,7684964862,6070587565,2026-04-14 18:53:00,574,VOICE,Vasco da Gama,351823874776760
C002602,9793681218,8698373788,2026-04-14 20:48:59,654,VOICE,Bhiwandi,355582551110274
C000271,8563171143,6000839065,2026-04-14 21:23:28,283,SMS,Borivali,357354464962239
C001292,8435190744,7113261119,2026-04-14 21:42:18,404,SMS,Vashi,356420812912845
C001655,8621681069,7819703036,2026-04-14 22:30:54,460,VOICE,Uran,358095674604257
C002501,9085160582,8211132866,2026-04-14 22:31:24,896,SMS,Surat,359586431221944
C002395,9553207492,9793681218,2026-04-14 23:08:49,747,SMS,Uran,353766596855086
C002328,8531529175,7164355506,2026-04-15 03:09:19,624,SMS,Nagpada,357270262249966
C000361,7113261119,8435190744,2026-04-15 07:19:51,359,VOICE,Bhiwandi,357365743286792
C001077,9932435933,7274556629,2026-04-15 08:36:47,224,VOICE,Nagpada,357122308246850
C000754,8509938173,7542743490,2026-04-15 10:50:49,369,VOICE,Sewri,357194939847413
C000193,6783091866,8712530467,2026-04-15 11:02:56,41,VOICE,Nhava Sheva,356236001168684
C001311,7840178422,7041867290,2026-04-15 11:08:52,562,VOICE,Bandra West,353415828385983
C002344,7164355506,8531529175,2026-04-15 11:47:24,618,VOICE,Dharavi,357504221689632
C001494,7274556629,9932435933,2026-04-15 12:06:08,28,SMS,Kalbadevi,358384682630303
C001184,8504779734,8484451242,2026-04-15 13:56:48,132,SMS,Alibaug,357190448800224
C001145,6896001550,9439133425,2026-04-15 14:41:18,636,VOICE,Ulhasnagar,357119059016670
C000319,7807849269,6874756217,2026-04-15 15:09:46,175,VOICE,Surat,353312188116800
C001089,8014428249,9446293690,2026-04-15 15:15:31,567,VOICE,Surat,352953415687512
C002286,9793681218,8531529175,2026-04-15 15:34:17,506,VOICE,Bhiwandi,355582551110274
C001813,8014428249,7113261119,2026-04-15 15:51:58,258,VOICE,Surat,352953415687512
C000301,7487467081,7422391172,2026-04-15 16:45:56,507,VOICE,Surat,350120612148912
C000763,7361747245,6874756217,2026-04-15 17:10:03,745,VOICE,Powai,359207454903376
C000164,7819703036,9765846476,2026-04-15 17:53:46,35,VOICE,Surat,353341443234274
C002466,8211132866,7990380175,2026-04-15 18:18:38,788,VOICE,Bandra West,354656450114498
C000573,8803876077,7145980393,2026-04-15 18:53:00,708,VOICE,Worli,359748262942044
C000898,8563171143,7728161355,2026-04-15 19:09:56,199,VOICE,Borivali,357354464962239
C000249,7145980393,9782002283,2026-04-15 19:12:26,343,VOICE,Chembur,357450258359959
C001803,9614393430,7960611844,2026-04-15 19:36:00,891,VOICE,Kalbadevi,354510361761252
C002550,7556029118,8531529175,2026-04-15 20:25:54,798,VOICE,Ghatkopar,350889959689984
C000895,8309143244,7902659660,2026-04-15 22:16:19,571,VOICE,Malad,355488929514758
C000660,8413064207,8621681069,2026-04-15 22:36:29,276,VOICE,Sewri,356363981391785
C002382,9793681218,9553207492,2026-04-15 23:03:01,462,SMS,Bhiwandi,355582551110274
C001871,9448375856,8614005020,2026-04-16 07:18:52,34,VOICE,Byculla,352890665759879
C001042,8563171143,7807849269,2026-04-16 08:00:51,91,VOICE,Borivali,357354464962239
C001237,7160292010,9290363962,2026-04-16 08:10:22,124,VOICE,Mira Road,357500646645688
C001299,6000839065,9446293690,2026-04-16 08:58:21,382,VOICE,Mumbra,350043224205387
C000402,9905406416,6874756217,2026-04-16 09:24:58,126,SMS,Worli,357042430169924
C000791,8435190744,8803876077,2026-04-16 09:32:34,353,VOICE,Vashi,356420812912845
C002555,7556029118,8040571307,2026-04-16 10:03:56,513,VOICE,Ghatkopar,350889959689984
C001895,6698231223,6000839065,2026-04-16 10:54:59,242,SMS,Vasco da Gama,355415111975042
C001473,9265641111,9932435933,2026-04-16 11:02:10,229,VOICE,Kurla,351237329393046
C000432,7542743490,8509938173,2026-04-16 11:48:51,774,VOICE,Worli,350859099136625
C001158,9374128579,8698373788,2026-04-16 12:00:03,663,VOICE,Kalbadevi,352116700760695
C000302,8809385077,7113261119,2026-04-16 13:01:32,602,SMS,Ghatkopar,359753445712105
C000424,7684964862,6919342369,2026-04-16 13:02:21,575,VOICE,Vasco da Gama,351823874776760
C001288,9765846476,8504779734,2026-04-16 13:13:48,97,VOICE,Panvel,355501841990582
C001420,8504779734,8484451242,2026-04-16 13:47:56,133,VOICE,Alibaug,357190448800224
C001829,7542743490,6324779857,2026-04-16 14:35:19,185,VOICE,Worli,350859099136625
C000189,8509938173,6070587565,2026-04-16 15:30:43,277,VOICE,Sewri,357194939847413
C001888,8698373788,7807849269,2026-04-16 15:48:07,894,VOICE,Thane,358294388684197
C002246,8573287057,6673937340,2026-04-16 15:53:33,722,VOICE,Dongri,357382007306842
C000671,6057175033,9905406416,2026-04-16 16:44:24,767,VOICE,Thane,350186802972477
C000417,7041867290,8809385077,2026-04-16 16:50:42,272,VOICE,Vasco da Gama,356593787039174
C001553,8614005020,8917172888,2026-04-16 19:37:28,571,VOICE,Panvel,358070645457146
C001380,6324779857,9905406416,2026-04-16 20:55:31,33,VOICE,Worli,352660447633248
C001863,9905406416,8809385077,2026-04-16 22:50:28,446,VOICE,Worli,357042430169924
C002483,8211132866,8040571307,2026-04-17 08:14:48,116,VOICE,Bandra West,354656450114498
C001322,7807849269,6451864322,2026-04-17 08:15:11,335,VOICE,Surat,353312188116800
C000529,9462726847,9446293690,2026-04-17 09:02:04,171,VOICE,Kondhwa,352940475894775
C001011,8809385077,6070587565,2026-04-17 09:03:01,327,VOICE,Ghatkopar,359753445712105
C002319,8531529175,6295445353,2026-04-17 09:47:06,318,VOICE,Nagpada,357270262249966
C000030,6000839065,6919342369,2026-04-17 10:13:34,459,VOICE,Mumbra,350043224205387
C001464,8563171143,6698231223,2026-04-17 12:51:35,730,SMS,Borivali,357354464962239
C001932,6451864322,7113261119,2026-04-17 12:52:36,805,VOICE,Worli,353593241553751
C000180,6698231223,8621681069,2026-04-17 13:10:22,788,VOICE,Vasco da Gama,355415111975042
C000858,6057175033,8014428249,2026-04-17 13:25:25,206,VOICE,Thane,350186802972477
C001881,8435190744,8803876077,2026-04-17 14:02:51,630,VOICE,Vashi,356420812912845
C002652,8068707468,9614393430,2026-04-17 14:59:50,717,VOICE,Kalyan,353094612785394
C001138,7113261119,6451864322,2026-04-17 15:05:38,761,VOICE,Bhiwandi,357365743286792
C000514,8309143244,9446293690,2026-04-17 16:00:05,451,SMS,Malad,355488929514758
C000134,7960611844,9376306192,2026-04-17 16:58:37,378,SMS,Nagpada,354323882051646
C001639,6698231223,7728161355,2026-04-17 17:24:10,474,SMS,Vasco da Gama,355415111975042
C000435,7542743490,7960611844,2026-04-17 18:16:30,892,SMS,Worli,350859099136625
C001906,8014428249,9782002283,2026-04-17 19:25:16,697,SMS,Surat,352953415687512
C000662,8509938173,7542743490,2026-04-17 20:16:10,56,SMS,Sewri,357194939847413
C000052,9932435933,7274556629,2026-04-17 22:32:28,395,SMS,Nagpada,357122308246850
C000388,9374128579,6324779857,2026-04-17 22:42:08,86,SMS,Kalbadevi,352116700760695
C001760,8621681069,6324779857,2026-04-17 22:51:52,394,VOICE,Uran,358095674604257
C002249,8573287057,6673937340,2026-04-18 03:54:16,82,SMS,Dongri,357382007306842
C001149,9265641111,9601811727,2026-04-18 07:19:35,652,SMS,Kurla,351237329393046
C001596,7902659660,6451864322,2026-04-18 08:37:19,267,SMS,Bhiwandi,354160585304890
C001127,8621681069,6324779857,2026-04-18 08:39:25,314,VOICE,Uran,358095674604257
C001376,7113261119,8014428249,2026-04-18 09:58:44,320,VOICE,Bhiwandi,357365743286792
C000256,6698231223,7840178422,2026-04-18 11:03:04,391,SMS,Vasco da Gama,355415111975042
C000869,9117554523,8563171143,2026-04-18 11:20:42,300,VOICE,Vashi,350248622680032
C001598,9439133425,9932435933,2026-04-18 11:27:27,852,VOICE,Kondhwa,352863979633543
C000463,6874756217,9782002283,2026-04-18 12:05:22,863,VOICE,Chembur,357062463948703
C002576,8335834126,8040571307,2026-04-18 13:49:32,532,SMS,Mumbra,355568116851673
C002112,7960611844,9439133425,2026-04-18 13:50:53,403,VOICE,Nagpada,354323882051646
C000774,7840178422,7145980393,2026-04-18 13:58:18,498,VOICE,Bandra West,353415828385983
C001784,8263114372,8917172888,2026-04-18 15:43:16,833,SMS,Vasco da Gama,354795786400177
C002461,7990380175,8040571307,2026-04-18 16:06:28,683,VOICE,Kalbadevi,354406340434749
C000565,8263114372,8809385077,2026-04-18 16:32:11,166,SMS,Vasco da Gama,354795786400177
C000946,8263114372,7422391172,2026-04-18 17:14:28,657,SMS,Vasco da Gama,354795786400177
C000634,9601811727,8633254907,2026-04-18 17:22:16,135,VOICE,Bhiwandi,354480322336962
C000882,8809385077,9905406416,2026-04-18 19:41:25,163,VOICE,Ghatkopar,359753445712105
C000543,9376306192,9738535633,2026-04-18 20:50:11,882,VOICE,Dongri,352118531115946
C001186,6057175033,8309143244,2026-04-18 22:15:34,898,SMS,Thane,350186802972477
C001866,6057175033,8621681069,2026-04-18 22:49:42,533,VOICE,Thane,350186802972477
C002607,9553207492,6269714996,2026-04-19 07:38:32,708,SMS,Uran,353766596855086
C001430,6919342369,8698373788,2026-04-19 07:58:51,495,VOICE,Chembur,357754601261712
C001980,7160292010,7017959495,2026-04-19 09:10:28,575,VOICE,Mira Road,357500646645688
C000921,7017959495,7807849269,2026-04-19 09:38:24,895,VOICE,Malad,356516601986066
C000025,9765846476,8049689229,2026-04-19 10:24:50,140,VOICE,Panvel,355501841990582
C002680,6509398630,8410062361,2026-04-19 10:27:58,112,VOICE,Borivali,354315529296969
C002238,8573287057,7497869350,2026-04-19 10:50:47,433,VOICE,Dongri,357382007306842
C000504,9905406416,9117554523,2026-04-19 11:16:32,439,SMS,Worli,357042430169924
C002119,8435190744,7113261119,2026-04-19 12:16:43,570,VOICE,Vashi,356420812912845
C002209,8573287057,7497869350,2026-04-19 12:18:53,322,VOICE,Dongri,357382007306842
C000888,6874756217,8435190744,2026-04-19 12:48:16,449,VOICE,Chembur,357062463948703
C002205,8573287057,7497869350,2026-04-19 13:09:31,780,VOICE,Dongri,357382007306842
C000096,8484451242,8504779734,2026-04-19 14:06:20,318,VOICE,Andheri East,356557570698072
C001719,7113261119,8908958826,2026-04-19 14:40:36,820,VOICE,Bhiwandi,357365743286792
C001524,9738535633,6070587565,2026-04-19 14:43:16,242,VOICE,Thane,355421879820322
C001474,6874756217,9782002283,2026-04-19 15:20:20,446,VOICE,Chembur,357062463948703
C000451,8410062361,7255549094,2026-04-19 15:55:09,347,VOICE,Bandra West,356361318822301
C001298,9905406416,6324779857,2026-04-19 17:20:28,518,VOICE,Worli,357042430169924
C001925,8504779734,6783091866,2026-04-19 17:32:51,68,VOICE,Alibaug,357190448800224
C002064,6698231223,7728161355,2026-04-19 18:13:18,720,SMS,Vasco da Gama,355415111975042
C002251,8573287057,6673937340,2026-04-19 18:22:49,586,VOICE,Dongri,357382007306842
C002296,8531529175,9793681218,2026-04-19 19:48:51,105,SMS,Nagpada,357270262249966
C000337,9374128579,7580593773,2026-04-19 19:50:22,477,VOICE,Kalbadevi,352116700760695
C002627,9248246355,6919342369,2026-04-19 22:23:34,686,VOICE,Mira Road,351184852310268
C001131,9462726847,7160292010,2026-04-19 22:31:50,319,VOICE,Kondhwa,352940475894775
C001428,8509938173,9376306192,2026-04-19 22:45:15,453,SMS,Sewri,357194939847413
C000690,7728161355,8263114372,2026-04-20 07:04:23,73,VOICE,Mumbra,352515011016845
C000341,6698231223,9376306192,2026-04-20 07:05:01,761,VOICE,Vasco da Gama,355415111975042
C002412,6295445353,9248246355,2026-04-20 07:09:29,570,VOICE,Kurla,352000943616276
C002065,8435190744,7728161355,2026-04-20 07:49:09,306,VOICE,Vashi,356420812912845
C000028,9376306192,9265641111,2026-04-20 09:24:22,557,VOICE,Dongri,352118531115946
C001258,6070587565,8917172888,2026-04-20 09:45:42,878,VOICE,Mumbra,350235731179539
C001877,6749574551,7684964862,2026-04-20 10:31:56,717,VOICE,Surat,356131417119493
C001482,7145980393,7840178422,2026-04-20 10:56:52,446,VOICE,Chembur,357450258359959
C002426,9248246355,6295445353,2026-04-20 11:33:00,681,VOICE,Mira Road,351184852310268
C002031,7361747245,9290363962,2026-04-20 13:22:13,601,VOICE,Powai,359207454903376
C000692,7422391172,9614393430,2026-04-20 13:44:26,831,VOICE,Mira Road,359951072909438
C001284,9462726847,7160292010,2026-04-20 13:51:48,502,VOICE,Kondhwa,352940475894775
C002250,8573287057,6673937340,2026-04-20 14:03:56,309,VOICE,Dongri,357382007306842
C002198,8712530467,9156069125,2026-04-20 14:36:08,568,SMS,Nagpada,358921907258563
C002285,9793681218,8531529175,2026-04-20 16:11:31,667,SMS,Bhiwandi,355582551110274
C000328,9765846476,8413064207,2026-04-20 17:46:28,261,VOICE,Panvel,355501841990582
C001989,7361747245,8413064207,2026-04-20 19:49:57,625,VOICE,Powai,359207454903376
C001363,8803876077,9601811727,2026-04-20 20:11:18,435,SMS,Worli,359748262942044
C002669,8211132866,6057175033,2026-04-20 20:27:03,271,VOICE,Bandra West,354656450114498
C001132,8413064207,9782002283,2026-04-20 20:37:05,619,SMS,Sewri,356363981391785
C000769,8484451242,6919342369,2026-04-20 21:22:16,408,VOICE,Andheri East,356557570698072
C002631,7556029118,8014428249,2026-04-20 22:36:07,644,VOICE,Ghatkopar,350889959689984
C002391,9553207492,9793681218,2026-04-21 00:35:09,313,VOICE,Uran,353766596855086
C002271,9793681218,8531529175,2026-04-21 02:49:27,731,SMS,Bhiwandi,355582551110274
C002584,8531529175,8068707468,2026-04-21 07:21:30,209,VOICE,Nagpada,357270262249966
C001235,9765846476,7113261119,2026-04-21 07:32:14,809,VOICE,Panvel,355501841990582
C000953,6874756217,9376306192,2026-04-21 08:54:52,71,VOICE,Chembur,357062463948703
C001587,9601811727,8633254907,2026-04-21 10:48:32,805,VOICE,Bhiwandi,354480322336962
C000493,8803876077,7017959495,2026-04-21 10:48:39,252,VOICE,Worli,359748262942044
C001556,7819703036,9446293690,2026-04-21 11:16:50,763,VOICE,Surat,353341443234274
C000533,7145980393,8809385077,2026-04-21 11:28:30,657,VOICE,Chembur,357450258359959
C000998,8504779734,6783091866,2026-04-21 12:35:33,505,VOICE,Alibaug,357190448800224
C002389,9553207492,9793681218,2026-04-21 14:25:09,832,VOICE,Uran,353766596855086
C001116,7580593773,8712530467,2026-04-21 14:27:23,179,VOICE,Dongri,350967321947834
C002521,6509398630,8211132866,2026-04-21 17:34:28,843,VOICE,Borivali,354315529296969
C001114,9439133425,8049689229,2026-04-21 18:51:47,476,VOICE,Kondhwa,352863979633543
C001119,8563171143,6422210580,2026-04-21 21:12:00,589,VOICE,Borivali,357354464962239
C000040,8918353735,7960611844,2026-04-21 22:34:29,740,VOICE,Bhiwandi,350632959036432
C002562,8531529175,7396427122,2026-04-22 01:49:55,230,VOICE,Nagpada,357270262249966
C001686,9290363962,8504779734,2026-04-22 08:08:00,260,VOICE,Powai,351315345743989
C000711,8309143244,9156069125,2026-04-22 08:38:34,41,VOICE,Malad,355488929514758
C001730,7819703036,9782002283,2026-04-22 09:16:46,569,SMS,Surat,353341443234274
C000291,7819703036,9738535633,2026-04-22 09:28:52,479,VOICE,Surat,353341443234274
C000944,6070587565,7487467081,2026-04-22 09:30:12,245,VOICE,Mumbra,350235731179539
C001115,6749574551,7960611844,2026-04-22 10:22:50,360,SMS,Surat,356131417119493
C001582,9446293690,6000839065,2026-04-22 11:42:40,337,VOICE,Andheri East,352888863909022
C000836,8049689229,7960611844,2026-04-22 12:19:25,768,VOICE,Panvel,353040453877407
C001029,8633254907,7361747245,2026-04-22 12:56:44,549,VOICE,Kurla,358124845036397
C001185,8563171143,8263114372,2026-04-22 13:56:54,677,VOICE,Borivali,357354464962239
C002033,9738535633,8413064207,2026-04-22 14:36:46,694,SMS,Thane,355421879820322
C001515,8809385077,9905406416,2026-04-22 14:42:07,774,SMS,Ghatkopar,359753445712105
C001717,6749574551,8809385077,2026-04-22 15:08:39,116,SMS,Surat,356131417119493
C000902,8809385077,7113261119,2026-04-22 15:44:45,517,SMS,Ghatkopar,359753445712105
C001399,9905406416,9117554523,2026-04-22 16:57:48,520,VOICE,Worli,357042430169924
C000840,6000839065,8563171143,2026-04-22 17:46:15,377,VOICE,Mumbra,350043224205387
C001491,6324779857,9905406416,2026-04-22 17:57:19,553,SMS,Worli,352660447633248
C000384,9439133425,9462726847,2026-04-22 18:14:58,530,SMS,Kondhwa,352863979633543
C000732,7580593773,7542743490,2026-04-22 18:31:01,657,SMS,Dongri,350967321947834
C000834,9462726847,9446293690,2026-04-22 18:56:29,544,VOICE,Kondhwa,352940475894775
C000741,7542743490,8712530467,2026-04-22 19:20:48,275,VOICE,Worli,350859099136625
C001600,7145980393,8809385077,2026-04-22 19:46:46,107,VOICE,Chembur,357450258359959
C000138,7274556629,6451864322,2026-04-22 22:15:14,466,VOICE,Kalbadevi,358384682630303
C002436,6295445353,7164355506,2026-04-22 22:18:33,761,VOICE,Kurla,352000943616276
C001512,6874756217,8410062361,2026-04-22 22:53:36,409,SMS,Chembur,357062463948703
C002321,6295445353,8531529175,2026-04-23 01:01:15,288,VOICE,Kurla,352000943616276
C002409,9553207492,9793681218,2026-04-23 02:04:21,552,VOICE,Uran,353766596855086
C000604,8917172888,8614005020,2026-04-23 08:27:17,482,SMS,Thane,350632016092819
C000724,8918353735,9932435933,2026-04-23 08:30:09,438,VOICE,Bhiwandi,350632959036432
C000089,9376306192,8509938173,2026-04-23 08:57:47,335,SMS,Dongri,352118531115946
C001974,6000839065,7041867290,2026-04-23 09:06:41,412,VOICE,Mumbra,350043224205387
C000003,7807849269,8410062361,2026-04-23 10:50:20,798,VOICE,Surat,353312188116800
C001342,9614393430,8803876077,2026-04-23 12:18:54,694,VOICE,Kalbadevi,354510361761252
C001407,7684964862,6919342369,2026-04-23 12:35:17,408,VOICE,Vasco da Gama,351823874776760
C001791,7728161355,7017959495,2026-04-23 12:57:47,34,SMS,Mumbra,352515011016845
C002301,8531529175,6295445353,2026-04-23 13:06:51,772,VOICE,Nagpada,357270262249966
C001973,8484451242,8413064207,2026-04-23 13:18:36,300,VOICE,Andheri East,356557570698072
C001595,8621681069,6698231223,2026-04-23 13:47:35,37,VOICE,Uran,358095674604257
C002179,9265641111,9932435933,2026-04-23 14:40:21,421,SMS,Kurla,351237329393046
C001955,7145980393,6451864322,2026-04-23 15:32:23,658,VOICE,Chembur,357450258359959
C000841,9374128579,7580593773,2026-04-23 15:44:21,627,VOICE,Kalbadevi,352116700760695
C000350,9376306192,8908958826,2026-04-23 15:55:37,255,VOICE,Dongri,352118531115946
C000579,8621681069,9376306192,2026-04-23 16:09:16,669,VOICE,Uran,358095674604257
C001402,9374128579,9265641111,2026-04-23 16:13:38,639,VOICE,Kalbadevi,352116700760695
C000612,6896001550,8435190744,2026-04-23 16:30:24,702,VOICE,Ulhasnagar,357119059016670
C000578,7580593773,9374128579,2026-04-23 17:22:34,538,VOICE,Dongri,350967321947834
C001649,7274556629,9932435933,2026-04-23 18:32:00,308,VOICE,Kalbadevi,358384682630303
C001356,9265641111,7017959495,2026-04-23 19:34:19,618,VOICE,Kurla,351237329393046
C001325,7160292010,8049689229,2026-04-23 19:36:36,820,VOICE,Mira Road,357500646645688
C002052,8712530467,7361747245,2026-04-23 20:12:35,175,VOICE,Nagpada,358921907258563
C000637,7041867290,6698231223,2026-04-23 22:07:22,77,VOICE,Vasco da Gama,356593787039174
C002214,7497869350,8573287057,2026-04-23 22:11:59,855,VOICE,Nagpada,350148239341998
C002130,7160292010,8014428249,2026-04-24 08:10:55,513,VOICE,Mira Road,357500646645688
C002590,6577461070,9376306192,2026-04-24 08:13:55,348,SMS,Dongri,354506368232793
C000541,9738535633,9376306192,2026-04-24 08:51:30,606,SMS,Thane,355421879820322
C000035,8633254907,9601811727,2026-04-24 09:19:21,188,VOICE,Kurla,358124845036397
C002474,7990380175,8211132866,2026-04-24 10:26:09,229,VOICE,Kalbadevi,354406340434749
C002115,6070587565,8809385077,2026-04-24 10:56:40,432,VOICE,Mumbra,350235731179539
C001839,8410062361,9446293690,2026-04-24 11:06:41,875,VOICE,Bandra West,356361318822301
C001306,9614393430,7960611844,2026-04-24 11:33:22,374,SMS,Kalbadevi,354510361761252
C000169,9156069125,9614393430,2026-04-24 11:38:15,252,VOICE,Vasco da Gama,350357643555674
C000057,7160292010,6749574551,2026-04-24 11:49:21,200,VOICE,Mira Road,357500646645688
C001775,7113261119,8809385077,2026-04-24 12:08:34,769,SMS,Bhiwandi,357365743286792
C000246,7274556629,8918353735,2026-04-24 12:10:58,653,VOICE,Kalbadevi,358384682630303
C001370,7580593773,8712530467,2026-04-24 13:03:04,215,VOICE,Dongri,350967321947834
C000674,9439133425,8803876077,2026-04-24 13:15:37,136,VOICE,Kondhwa,352863979633543
C001759,7113261119,6896001550,2026-04-24 13:49:20,302,VOICE,Bhiwandi,357365743286792
C001009,8435190744,6874756217,2026-04-24 14:27:42,169,VOICE,Vashi,356420812912845
C001885,7487467081,6070587565,2026-04-24 16:12:25,349,VOICE,Surat,350120612148912
C001004,8563171143,9462726847,2026-04-24 17:03:50,132,SMS,Borivali,357354464962239
C001425,9376306192,6698231223,2026-04-24 17:03:51,751,SMS,Dongri,352118531115946
C000229,6057175033,7960611844,2026-04-24 18:16:29,100,VOICE,Thane,350186802972477
C001241,6896001550,6070587565,2026-04-24 19:42:37,725,VOICE,Ulhasnagar,357119059016670
C000222,8563171143,7728161355,2026-04-24 20:08:39,849,VOICE,Borivali,357354464962239
C000445,7487467081,9446293690,2026-04-24 20:35:33,262,SMS,Surat,350120612148912
C002098,8263114372,7960611844,2026-04-25 07:04:25,643,VOICE,Vasco da Gama,354795786400177
C000119,7017959495,6000839065,2026-04-25 08:19:59,153,VOICE,Malad,356516601986066
C002516,6509398630,8211132866,2026-04-25 09:17:54,534,VOICE,Borivali,354315529296969
C002468,8211132866,7990380175,2026-04-25 11:59:55,28,VOICE,Bandra West,354656450114498
C001926,9782002283,7960611844,2026-04-25 12:15:54,335,VOICE,Mira Road,355553971859411
C001065,8484451242,8413064207,2026-04-25 13:56:05,883,VOICE,Andheri East,356557570698072
C001967,8698373788,8614005020,2026-04-25 15:35:02,719,SMS,Thane,358294388684197
C002500,8211132866,9085160582,2026-04-25 15:49:00,411,VOICE,Bandra West,354656450114498
C000488,9376306192,9290363962,2026-04-25 17:38:58,584,VOICE,Dongri,352118531115946
C000850,7819703036,7160292010,2026-04-25 18:10:37,376,VOICE,Surat,353341443234274
C000728,9439133425,8413064207,2026-04-25 18:39:57,881,SMS,Kondhwa,352863979633543
C002266,8531529175,9793681218,2026-04-25 21:40:52,399,VOICE,Nagpada,357270262249966
C002536,6509398630,8211132866,2026-04-25 21:43:40,318,VOICE,Borivali,354315529296969
C001156,7487467081,8504779734,2026-04-25 21:58:12,631,VOICE,Surat,350120612148912
C001372,8712530467,8614005020,2026-04-25 22:02:10,288,SMS,Nagpada,358921907258563
C000004,8504779734,8014428249,2026-04-26 07:43:40,91,VOICE,Alibaug,357190448800224
C001309,9117554523,6070587565,2026-04-26 11:42:41,610,VOICE,Vashi,350248622680032
C001062,6000839065,6698231223,2026-04-26 11:55:20,743,VOICE,Mumbra,350043224205387
C001100,8698373788,8918353735,2026-04-26 12:07:33,301,VOICE,Thane,358294388684197
C001928,7819703036,8504779734,2026-04-26 12:39:01,249,VOICE,Surat,353341443234274
C001666,8309143244,7840178422,2026-04-26 12:41:55,210,SMS,Malad,355488929514758
C001663,8410062361,9446293690,2026-04-26 12:57:57,572,SMS,Bandra West,356361318822301
C001096,6422210580,7255549094,2026-04-26 13:06:39,241,SMS,Sewri,353511414705530
C001328,8435190744,8803876077,2026-04-26 13:10:17,158,VOICE,Vashi,356420812912845
C001431,6324779857,8809385077,2026-04-26 13:27:05,723,SMS,Worli,352660447633248
C002041,7160292010,8908958826,2026-04-26 13:54:07,840,VOICE,Mira Road,357500646645688
C000862,6324779857,8621681069,2026-04-26 14:42:57,545,VOICE,Worli,352660447633248
C000987,6422210580,7145980393,2026-04-26 14:44:37,290,VOICE,Sewri,353511414705530
C002289,9793681218,8531529175,2026-04-26 16:36:48,225,SMS,Bhiwandi,355582551110274
C001123,8509938173,9117554523,2026-04-26 16:43:34,378,SMS,Sewri,357194939847413
C000154,7728161355,9601811727,2026-04-26 17:36:09,24,VOICE,Mumbra,352515011016845
C000236,8621681069,9376306192,2026-04-26 18:01:32,713,VOICE,Uran,358095674604257
C001787,8563171143,6000839065,2026-04-26 19:13:39,328,SMS,Borivali,357354464962239
C000752,6324779857,9905406416,2026-04-26 19:34:24,695,VOICE,Worli,352660447633248
C000122,9290363962,8614005020,2026-04-26 22:35:44,546,VOICE,Powai,351315345743989
C002559,7396427122,8531529175,2026-04-27 00:41:56,647,SMS,Chembur,359294342528593
C002204,7497869350,8573287057,2026-04-27 02:18:14,817,SMS,Nagpada,350148239341998
C002355,9248246355,8531529175,2026-04-27 03:20:57,880,SMS,Mira Road,351184852310268
C001771,9439133425,8803876077,2026-04-27 09:01:45,621,VOICE,Kondhwa,352863979633543
C001917,9439133425,6749574551,2026-04-27 09:21:48,612,VOICE,Kondhwa,352863979633543
C000935,8809385077,7361747245,2026-04-27 10:36:00,357,VOICE,Ghatkopar,359753445712105
C001817,7902659660,9738535633,2026-04-27 10:57:14,674,VOICE,Bhiwandi,354160585304890
C001324,9265641111,9374128579,2026-04-27 11:11:44,642,VOICE,Kurla,351237329393046
C002103,9117554523,8509938173,2026-04-27 12:09:36,439,VOICE,Vashi,350248622680032
C002062,8918353735,9932435933,2026-04-27 12:26:56,63,VOICE,Bhiwandi,350632959036432
C001959,9765846476,8504779734,2026-04-27 12:47:48,394,VOICE,Panvel,355501841990582
C000358,8712530467,6874756217,2026-04-27 13:44:23,774,SMS,Nagpada,358921907258563
C000864,8917172888,8263114372,2026-04-27 16:56:36,639,VOICE,Thane,350632016092819
C002050,8803876077,8049689229,2026-04-27 17:24:15,371,VOICE,Worli,359748262942044
C001254,7580593773,7684964862,2026-04-27 17:38:57,449,VOICE,Dongri,350967321947834
C000483,7160292010,6749574551,2026-04-27 18:32:46,675,SMS,Mira Road,357500646645688
C000770,6057175033,9738535633,2026-04-27 19:14:32,763,SMS,Thane,350186802972477
C001444,8621681069,7017959495,2026-04-27 19:58:49,480,SMS,Uran,358095674604257
C001721,7819703036,9738535633,2026-04-27 20:03:43,737,VOICE,Surat,353341443234274
C001110,8712530467,7361747245,2026-04-27 22:33:58,123,VOICE,Nagpada,358921907258563
C001708,8621681069,8413064207,2026-04-28 08:33:43,284,SMS,Uran,358095674604257
C000401,9374128579,7684964862,2026-04-28 08:48:12,475,VOICE,Kalbadevi,352116700760695
C000780,8049689229,7160292010,2026-04-28 09:08:23,152,VOICE,Panvel,353040453877407
C000962,7145980393,7840178422,2026-04-28 09:38:02,398,VOICE,Chembur,357450258359959
C000820,8413064207,8484451242,2026-04-28 10:36:49,71,VOICE,Sewri,356363981391785
C000284,8698373788,8803876077,2026-04-28 11:47:50,156,VOICE,Thane,358294388684197
C002660,7990380175,8633254907,2026-04-28 12:07:07,40,VOICE,Kalbadevi,354406340434749
C000322,9376306192,8908958826,2026-04-28 12:13:09,694,VOICE,Dongri,352118531115946
C001177,9265641111,9601811727,2026-04-28 12:40:23,379,SMS,Kurla,351237329393046
C001381,7580593773,9156069125,2026-04-28 12:46:12,451,VOICE,Dongri,350967321947834
C000575,8621681069,6057175033,2026-04-28 13:18:18,40,SMS,Uran,358095674604257
C002448,7990380175,8040571307,2026-04-28 13:26:25,409,SMS,Kalbadevi,354406340434749
C002611,9553207492,6698231223,2026-04-28 15:34:26,533,VOICE,Uran,353766596855086
C001378,8509938173,9117554523,2026-04-28 17:08:56,130,VOICE,Sewri,357194939847413
C001963,8633254907,8803876077,2026-04-28 17:45:09,58,VOICE,Kurla,358124845036397
C002655,8068707468,7902659660,2026-04-28 17:55:44,484,SMS,Kalyan,353094612785394
C000276,8509938173,6070587565,2026-04-28 18:01:43,784,VOICE,Sewri,357194939847413
C002522,8211132866,6509398630,2026-04-28 19:16:36,426,VOICE,Bandra West,354656450114498
C001165,7807849269,7684964862,2026-04-28 19:26:20,625,SMS,Surat,353312188116800
C001683,6057175033,8309143244,2026-04-28 19:37:45,75,VOICE,Thane,350186802972477
C000784,7960611844,8049689229,2026-04-28 20:31:15,206,VOICE,Nagpada,354323882051646
C001124,9290363962,7361747245,2026-04-28 21:02:36,113,VOICE,Powai,351315345743989
C000996,9156069125,8309143244,2026-04-28 21:07:15,680,VOICE,Vasco da Gama,350357643555674
C001359,6057175033,8309143244,2026-04-28 21:07:35,773,VOICE,Thane,350186802972477
C001939,9601811727,8014428249,2026-04-28 21:07:59,737,VOICE,Bhiwandi,354480322336962
C002158,8621681069,7819703036,2026-04-28 21:59:27,332,VOICE,Uran,358095674604257
C002415,9248246355,6295445353,2026-04-28 22:31:22,720,SMS,Mira Road,351184852310268
C001625,6749574551,8435190744,2026-04-28 22:40:15,401,VOICE,Surat,356131417119493
C002236,8573287057,7497869350,2026-04-28 23:13:34,284,VOICE,Dongri,357382007306842
C002572,8531529175,8335834126,2026-04-29 00:09:56,496,VOICE,Nagpada,357270262249966
C002269,9793681218,8531529175,2026-04-29 03:17:32,289,SMS,Bhiwandi,355582551110274
C000067,7580593773,7684964862,2026-04-29 08:03:48,586,VOICE,Dongri,350967321947834
C001122,6919342369,6000839065,2026-04-29 08:37:10,875,VOICE,Chembur,357754601261712
C000254,8435190744,7840178422,2026-04-29 08:50:12,897,VOICE,Vashi,356420812912845
C001205,6896001550,8435190744,2026-04-29 08:56:04,816,VOICE,Ulhasnagar,357119059016670
C002155,6919342369,7684964862,2026-04-29 09:24:39,196,VOICE,Chembur,357754601261712
C002685,6509398630,8917172888,2026-04-29 09:49:43,705,VOICE,Borivali,354315529296969
C002551,8531529175,7556029118,2026-04-29 10:27:28,667,VOICE,Nagpada,357270262249966
C002512,6509398630,8211132866,2026-04-29 10:41:50,159,SMS,Borivali,354315529296969
C000666,8563171143,7113261119,2026-04-29 10:41:53,486,VOICE,Borivali,357354464962239
C002498,8211132866,9085160582,2026-04-29 10:51:40,228,VOICE,Bandra West,354656450114498
C002477,7990380175,8211132866,2026-04-29 11:10:52,361,VOICE,Kalbadevi,354406340434749
C000971,9117554523,7422391172,2026-04-29 11:59:11,146,VOICE,Vashi,350248622680032
C000607,9446293690,9462726847,2026-04-29 12:26:59,542,VOICE,Andheri East,352888863909022
C002621,7164355506,7960611844,2026-04-29 12:43:13,438,VOICE,Dharavi,357504221689632
C001002,9782002283,8309143244,2026-04-29 13:28:19,485,VOICE,Mira Road,355553971859411
C002352,7164355506,8531529175,2026-04-29 14:10:30,91,VOICE,Dharavi,357504221689632
C001903,8917172888,6783091866,2026-04-29 15:14:05,92,SMS,Thane,350632016092819
C001446,6422210580,8504779734,2026-04-29 15:16:40,588,VOICE,Sewri,353511414705530
C000759,9614393430,8803876077,2026-04-29 17:39:32,596,VOICE,Kalbadevi,354510361761252
C002187,7542743490,8484451242,2026-04-29 17:50:41,784,VOICE,Worli,350859099136625
C001463,9738535633,9376306192,2026-04-29 18:15:42,207,VOICE,Thane,355421879820322
C001111,7041867290,6000839065,2026-04-29 18:21:38,64,VOICE,Vasco da Gama,356593787039174
C001621,8049689229,7160292010,2026-04-29 19:31:04,79,SMS,Panvel,353040453877407
C001952,7487467081,8918353735,2026-04-29 21:18:14,671,VOICE,Surat,350120612148912
C001948,8504779734,7487467081,2026-04-29 21:54:49,329,VOICE,Alibaug,357190448800224
C001559,7160292010,9462726847,2026-04-29 22:37:45,820,VOICE,Mira Road,357500646645688
