txn_id,timestamp,from_account,from_holder,from_bank,to_account,to_holder,to_bank,amount_inr,mode,remarks
T0001083,2026-01-01 07:13:04,802540435528,Kavita Menon,ICICI,328768438416,Francis Mhatre,SBI,433,NEFT,gift
T0001344,2026-01-01 07:55:40,328768438416,Francis Mhatre,SBI,89058180770725,Prakash Sawant,AXIS,37952,NEFT,
T0000096,2026-01-01 11:14:28,65763270177250,Peter Kamble,SBI,918233276921,Farhan Jain,AXIS,4409,UPI,rent
T0000282,2026-01-01 11:37:48,328768438416,Francis Mhatre,SBI,802540435528,Kavita Menon,ICICI,36370,UPI,gift
T0000044,2026-01-01 12:21:39,751195185598,Sanjay Iyer,ICICI,900013807410,Nikhil Kulkarni,AXIS,20522,UPI,gift
T0000604,2026-01-01 13:23:44,93109576525824,Nikhil Yadav,SBI,94125935585,Umesh Tiwari,KOTAK,2540,IMPS,shopping
T0001138,2026-01-01 13:38:38,480455297373,Meena D'Souza,SBI,65927486954424,Vijay Patil,KOTAK,4584,UPI,bill
T0000311,2026-01-01 14:31:17,154194361524,Francis More,SBI,14019074419368,Sanjay Pathan,AXIS,5566,UPI,loan
T0001061,2026-01-01 18:11:32,63660129995,Amit Joshi,SBI,74508478113612,Deepika Menon,HDFC,34719,IMPS,salary
T0000084,2026-01-02 07:25:41,494994551025,Tariq Sharma,KOTAK,65142908369,Meena Rodrigues,HDFC,4164,IMPS,salary
T0000694,2026-01-02 09:41:49,524287935222,Nikhil Qureshi,SBI,433614939807,Irfan Singh,HDFC,38554,NEFT,food
T0000422,2026-01-02 11:01:55,64239499288,Vijay Pathan,SBI,08219131027,Prakash Joshi,HDFC,37716,NEFT,loan
T0001506,2026-01-02 11:28:59,76021903463,Mahesh Jain,AXIS,84026309246391,Rafiq Sheikh,KOTAK,206629,NEFT,loan repayment
T0000409,2026-01-02 11:58:47,751195185598,Sanjay Iyer,ICICI,81623041254967,Joseph Shah,SBI,1389,NEFT,shopping
T0000959,2026-01-02 12:13:45,81623041254967,Joseph Shah,SBI,777625659668,Melwyn Kaur,HDFC,25461,UPI,salary
T0000026,2026-01-02 15:42:07,63660129995,Amit Joshi,SBI,165603869662,Simran Kamble,BOB,2724,UPI,salary
T0000495,2026-01-02 18:35:42,598626866231,Rohan Mishra,HDFC,069194169832,Kavita Kamble,HDFC,18320,IMPS,
T0000373,2026-01-02 19:29:18,697114719267,Vivaan Deshmukh,ICICI,929571000332,Pooja Mishra,HDFC,11159,IMPS,food
T0000882,2026-01-02 20:00:12,86017293030,Usha Ansari,KOTAK,433614939807,Irfan Singh,HDFC,34349,IMPS,
T0000052,2026-01-02 21:12:46,012865108110,Karan Pillai,KOTAK,500160303214,Manoj Pillai,KOTAK,2818,UPI,rent
T0000822,2026-01-02 21:38:13,480455297373,Meena D'Souza,SBI,52754957354,Rahul Salunkhe,BOB,15634,NEFT,salary
T0000325,2026-01-03 08:09:14,89058180770725,Prakash Sawant,AXIS,34051331503875,Simran Shah,AXIS,2097,UPI,shopping
T0001096,2026-01-03 09:28:39,500160303214,Manoj Pillai,KOTAK,02043849865,Mahesh Sawant,SBI,3896,IMPS,gift
T0000322,2026-01-03 14:00:47,34051331503875,Simran Shah,AXIS,039828649643,Shabana Dubey,AXIS,2596,IMPS,gift
T0001393,2026-01-03 14:32:27,66633413233,Santosh Khan,SBI,63660129995,Amit Joshi,SBI,3437,IMPS,bill
T0001347,2026-01-03 15:24:02,28110603535,Savio Naik,ICICI,802540435528,Kavita Menon,ICICI,3546,IMPS,rent
T0000406,2026-01-03 15:40:27,900013807410,Nikhil Kulkarni,AXIS,593166881925,Santosh Shinde,AXIS,6743,NEFT,
T0001073,2026-01-03 19:11:00,500160303214,Manoj Pillai,KOTAK,52636956382792,Ganesh Patil,AXIS,4590,UPI,
T0000518,2026-01-03 19:32:52,074347242223,Manoj Pandey,BOB,593166881925,Santosh Shinde,AXIS,9700,UPI,
T0001047,2026-01-03 20:28:53,86017293030,Usha Ansari,KOTAK,777625659668,Melwyn Kaur,HDFC,3876,UPI,
T0001167,2026-01-03 21:19:26,154194361524,Francis More,SBI,328768438416,Francis Mhatre,SBI,3834,NEFT,salary
T0000783,2026-01-03 21:27:55,524287935222,Nikhil Qureshi,SBI,31141778128,Joseph Chavan,HDFC,3389,UPI,
T0000121,2026-01-03 21:35:41,26080784998,Shabana More,HDFC,012769073620,Nitin Pawar,AXIS,3118,UPI,salary
T0000558,2026-01-04 11:09:03,918233276921,Farhan Jain,AXIS,37104794793,Tariq Dubey,BOB,15744,NEFT,food
T0000252,2026-01-04 13:03:46,296578084488,Savio Kamble,AXIS,069194169832,Kavita Kamble,HDFC,3585,IMPS,food
T0001343,2026-01-04 13:06:11,65927486954424,Vijay Patil,KOTAK,65763270177250,Peter Kamble,SBI,33347,IMPS,
T0001349,2026-01-04 13:20:06,97696240122,Tariq Kulkarni,AXIS,802540435528,Kavita Menon,ICICI,2701,IMPS,shopping
T0000777,2026-01-04 14:24:51,012769073620,Nitin Pawar,AXIS,08213336805,Pooja Shinde,ICICI,3698,UPI,rent
T0000830,2026-01-04 14:41:40,165603869662,Simran Kamble,BOB,328768438416,Francis Mhatre,SBI,21134,NEFT,food
T0000462,2026-01-04 14:54:06,37385473560588,Manoj Pathan,HDFC,480455297373,Meena D'Souza,SBI,2097,IMPS,shopping
T0000593,2026-01-04 16:45:04,66633413233,Santosh Khan,SBI,165603869662,Simran Kamble,BOB,2054,IMPS,food
T0000187,2026-01-04 17:03:52,74508478113612,Deepika Menon,HDFC,645915219459,Junaid Jain,SBI,3866,NEFT,food
T0000445,2026-01-04 18:22:45,039828649643,Shabana Dubey,AXIS,52636956382792,Ganesh Patil,AXIS,9085,IMPS,bill
T0000574,2026-01-04 20:52:56,49069208732489,Melwyn Shah,BOB,89058180770725,Prakash Sawant,AXIS,3084,NEFT,gift
T0001194,2026-01-04 22:49:17,593166881925,Santosh Shinde,AXIS,74508478113612,Deepika Menon,HDFC,13998,UPI,
T0000579,2026-01-05 07:03:55,52754957354,Rahul Salunkhe,BOB,133227518056,Kavita Memon,BOB,27450,NEFT,loan
T0000235,2026-01-05 08:43:04,95574642784640,Sachin Sayed,KOTAK,52636956382792,Ganesh Patil,AXIS,35049,IMPS,bill
T0000967,2026-01-05 09:43:53,35112204147,Zubair Jain,ICICI,37104794793,Tariq Dubey,BOB,3805,UPI,
T0000447,2026-01-05 09:47:50,95574642784640,Sachin Sayed,KOTAK,598626866231,Rohan Mishra,HDFC,36376,UPI,rent
T0000852,2026-01-05 10:53:35,31141778128,Joseph Chavan,HDFC,012865108110,Karan Pillai,KOTAK,1525,NEFT,loan
T0001315,2026-01-05 10:56:58,97696240122,Tariq Kulkarni,AXIS,074347242223,Manoj Pandey,BOB,27028,NEFT,rent
T0000602,2026-01-05 11:04:18,97696240122,Tariq Kulkarni,AXIS,37385473560588,Manoj Pathan,HDFC,4538,UPI,loan
T0000465,2026-01-05 11:20:26,95574642784640,Sachin Sayed,KOTAK,598626866231,Rohan Mishra,HDFC,2672,UPI,food
T0000726,2026-01-05 11:29:01,28110603535,Savio Naik,ICICI,440445477896,Naresh Memon,KOTAK,7745,IMPS,bill
T0000186,2026-01-05 13:02:10,97696240122,Tariq Kulkarni,AXIS,79209882490043,Sameer Memon,BOB,29637,NEFT,food
T0001364,2026-01-05 16:15:12,81623041254967,Joseph Shah,SBI,66633413233,Santosh Khan,SBI,27049,IMPS,rent
T0001340,2026-01-05 16:15:17,95574642784640,Sachin Sayed,KOTAK,593166881925,Santosh Shinde,AXIS,21927,UPI,gift
T0000976,2026-01-05 18:23:17,074347242223,Manoj Pandey,BOB,08213336805,Pooja Shinde,ICICI,4396,UPI,salary
T0000032,2026-01-05 18:27:56,08219131027,Prakash Joshi,HDFC,24942720935365,Farhan Qureshi,BOB,7667,NEFT,shopping
T0000867,2026-01-05 19:28:09,97696240122,Tariq Kulkarni,AXIS,433614939807,Irfan Singh,HDFC,2323,UPI,gift
T0000340,2026-01-05 19:37:02,08219131027,Prakash Joshi,HDFC,65763270177250,Peter Kamble,SBI,4494,UPI,food
T0000183,2026-01-05 20:58:11,08213336805,Pooja Shinde,ICICI,929571000332,Pooja Mishra,HDFC,4404,UPI,shopping
T0001183,2026-01-05 21:05:08,85500709922653,Lata Kadam,ICICI,774566430878,Karan Tiwari,ICICI,19093,NEFT,food
T0001314,2026-01-05 21:10:59,823945661629,Priyanka Jadhav,ICICI,751195185598,Sanjay Iyer,ICICI,1318,NEFT,bill
T0000870,2026-01-06 07:39:00,012769073620,Nitin Pawar,AXIS,26080784998,Shabana More,HDFC,288,NEFT,rent
T0001267,2026-01-06 08:34:48,85500709922653,Lata Kadam,ICICI,08219131027,Prakash Joshi,HDFC,4719,IMPS,loan
T0000551,2026-01-06 09:04:58,929571000332,Pooja Mishra,HDFC,37385473560588,Manoj Pathan,HDFC,21513,UPI,salary
T0001400,2026-01-06 09:24:27,52901494841638,Vikram Naik,AXIS,057301262000,Prakash Tiwari,AXIS,22194,NEFT,salary
T0000981,2026-01-06 09:45:40,85500709922653,Lata Kadam,ICICI,14019074419368,Sanjay Pathan,AXIS,2472,UPI,food
T0001345,2026-01-06 10:50:54,900013807410,Nikhil Kulkarni,AXIS,34051331503875,Simran Shah,AXIS,2504,IMPS,food
T0001401,2026-01-06 14:21:15,52901494841638,Vikram Naik,AXIS,64239499288,Vijay Pathan,SBI,10760,NEFT,salary
T0000039,2026-01-06 15:35:25,65142908369,Meena Rodrigues,HDFC,63660129995,Amit Joshi,SBI,14813,NEFT,food
T0000608,2026-01-06 17:51:16,154194361524,Francis More,SBI,328768438416,Francis Mhatre,SBI,3517,IMPS,gift
T0001283,2026-01-06 18:21:31,593166881925,Santosh Shinde,AXIS,074347242223,Manoj Pandey,BOB,33467,NEFT,shopping
T0000586,2026-01-06 19:11:46,433614939807,Irfan Singh,HDFC,52754957354,Rahul Salunkhe,BOB,34458,NEFT,gift
T0000154,2026-01-06 22:10:28,074347242223,Manoj Pandey,BOB,593166881925,Santosh Shinde,AXIS,37261,UPI,food
T0000300,2026-01-07 08:50:50,52754957354,Rahul Salunkhe,BOB,97696240122,Tariq Kulkarni,AXIS,39629,NEFT,shopping
T0000005,2026-01-07 09:24:13,645915219459,Junaid Jain,SBI,161549554077,Ganesh Kaur,AXIS,1755,UPI,food
T0000122,2026-01-07 10:48:30,31141778128,Joseph Chavan,HDFC,26080784998,Shabana More,HDFC,1263,NEFT,rent
T0001411,2026-01-07 12:25:56,10642738686,Mahesh Jain,ICICI,433614939807,Irfan Singh,HDFC,26989,NEFT,salary
T0000023,2026-01-07 12:29:33,95574642784640,Sachin Sayed,KOTAK,52636956382792,Ganesh Patil,AXIS,3100,IMPS,bill
T0001049,2026-01-07 13:44:02,52754957354,Rahul Salunkhe,BOB,433614939807,Irfan Singh,HDFC,1546,UPI,
T0000025,2026-01-07 15:01:05,823945661629,Priyanka Jadhav,ICICI,24942720935365,Farhan Qureshi,BOB,3546,UPI,
T0000653,2026-01-07 17:01:42,524287935222,Nikhil Qureshi,SBI,133227518056,Kavita Memon,BOB,29949,NEFT,
T0000505,2026-01-07 18:06:26,929571000332,Pooja Mishra,HDFC,36460355458,Melwyn Nair,KOTAK,3970,UPI,bill
T0000708,2026-01-07 18:21:01,598626866231,Rohan Mishra,HDFC,02043849865,Mahesh Sawant,SBI,24079,UPI,bill
T0001127,2026-01-07 18:57:58,63735786625989,Anjali Jain,SBI,802540435528,Kavita Menon,ICICI,15335,NEFT,food
T0000357,2026-01-08 08:38:44,14019074419368,Sanjay Pathan,AXIS,494994551025,Tariq Sharma,KOTAK,8734,UPI,salary
T0000385,2026-01-08 09:10:23,63660129995,Amit Joshi,SBI,65142908369,Meena Rodrigues,HDFC,4940,NEFT,shopping
T0000606,2026-01-08 10:43:25,36460355458,Melwyn Nair,KOTAK,65927486954424,Vijay Patil,KOTAK,29707,NEFT,salary
T0000011,2026-01-08 10:48:40,133227518056,Kavita Memon,BOB,63660129995,Amit Joshi,SBI,38699,IMPS,gift
T0000873,2026-01-08 13:31:09,074347242223,Manoj Pandey,BOB,598626866231,Rohan Mishra,HDFC,4383,UPI,shopping
T0000516,2026-01-08 13:36:59,039828649643,Shabana Dubey,AXIS,26080784998,Shabana More,HDFC,23837,UPI,rent
T0000806,2026-01-08 13:53:27,593166881925,Santosh Shinde,AXIS,693456768757,Harpreet Memon,KOTAK,5372,IMPS,food
T0000233,2026-01-08 14:36:59,161549554077,Ganesh Kaur,AXIS,645915219459,Junaid Jain,SBI,539,UPI,gift
T0000916,2026-01-08 15:06:33,93109576525824,Nikhil Yadav,SBI,777625659668,Melwyn Kaur,HDFC,17015,UPI,salary
T0000746,2026-01-08 15:42:27,93109576525824,Nikhil Yadav,SBI,94125935585,Umesh Tiwari,KOTAK,390,NEFT,food
T0000960,2026-01-08 16:16:19,65763270177250,Peter Kamble,SBI,918233276921,Farhan Jain,AXIS,3041,UPI,shopping
T0000733,2026-01-08 17:13:29,65142908369,Meena Rodrigues,HDFC,494994551025,Tariq Sharma,KOTAK,1366,UPI,food
T0001243,2026-01-08 19:06:43,823945661629,Priyanka Jadhav,ICICI,35112204147,Zubair Jain,ICICI,1387,IMPS,
T0000473,2026-01-08 19:09:34,012769073620,Nitin Pawar,AXIS,34051331503875,Simran Shah,AXIS,16846,NEFT,loan
T0001414,2026-01-09 07:33:11,10642738686,Mahesh Jain,ICICI,693456768757,Harpreet Memon,KOTAK,26569,NEFT,salary
T0000461,2026-01-09 10:27:00,08219131027,Prakash Joshi,HDFC,154194361524,Francis More,SBI,19682,UPI,loan
T0000145,2026-01-09 11:31:19,154194361524,Francis More,SBI,069194169832,Kavita Kamble,HDFC,24244,IMPS,food
T0000428,2026-01-09 12:04:08,74508478113612,Deepika Menon,HDFC,929571000332,Pooja Mishra,HDFC,16608,UPI,
T0000978,2026-01-09 12:29:24,133227518056,Kavita Memon,BOB,08213336805,Pooja Shinde,ICICI,3384,NEFT,shopping
T0000928,2026-01-09 13:38:56,08219131027,Prakash Joshi,HDFC,85500709922653,Lata Kadam,ICICI,2078,UPI,salary
T0001245,2026-01-09 17:19:04,296578084488,Savio Kamble,AXIS,31141778128,Joseph Chavan,HDFC,11179,NEFT,gift
T0000910,2026-01-09 18:46:51,012769073620,Nitin Pawar,AXIS,693456768757,Harpreet Memon,KOTAK,3345,NEFT,salary
T0000766,2026-01-09 18:58:38,472152454044,Vijay Gaikwad,AXIS,37104794793,Tariq Dubey,BOB,3523,IMPS,gift
T0001102,2026-01-09 19:08:02,65927486954424,Vijay Patil,KOTAK,97696240122,Tariq Kulkarni,AXIS,3135,NEFT,shopping
T0000367,2026-01-09 20:08:59,154194361524,Francis More,SBI,08219131027,Prakash Joshi,HDFC,2040,UPI,loan
T0000703,2026-01-10 07:17:37,777625659668,Melwyn Kaur,HDFC,97696240122,Tariq Kulkarni,AXIS,12618,IMPS,loan
T0000435,2026-01-10 08:35:11,14019074419368,Sanjay Pathan,AXIS,08213336805,Pooja Shinde,ICICI,30011,NEFT,loan
T0000392,2026-01-10 13:50:09,433614939807,Irfan Singh,HDFC,524287935222,Nikhil Qureshi,SBI,8244,NEFT,food
T0000937,2026-01-10 15:01:38,28110603535,Savio Naik,ICICI,06088010423,Michael Kulkarni,SBI,320,UPI,salary
T0001320,2026-01-10 15:55:30,069194169832,Kavita Kamble,HDFC,057301262000,Prakash Tiwari,AXIS,903,NEFT,rent
T0000179,2026-01-10 16:25:55,328768438416,Francis Mhatre,SBI,165603869662,Simran Kamble,BOB,12220,NEFT,salary
T0000172,2026-01-10 17:26:53,802540435528,Kavita Menon,ICICI,65927486954424,Vijay Patil,KOTAK,24500,IMPS,gift
T0000372,2026-01-10 19:12:13,850899727502,Simran Kadam,KOTAK,777625659668,Melwyn Kaur,HDFC,1680,NEFT,loan
T0000488,2026-01-10 20:21:42,697114719267,Vivaan Deshmukh,ICICI,598626866231,Rohan Mishra,HDFC,38663,UPI,
T0000559,2026-01-10 20:34:13,08213336805,Pooja Shinde,ICICI,412616498311,Aarav Mhatre,BOB,32649,UPI,
T0001274,2026-01-10 20:58:17,66633413233,Santosh Khan,SBI,49069208732489,Melwyn Shah,BOB,2317,IMPS,salary
T0000219,2026-01-10 21:45:57,24942720935365,Farhan Qureshi,BOB,74508478113612,Deepika Menon,HDFC,2534,NEFT,gift
T0000426,2026-01-11 09:19:53,751195185598,Sanjay Iyer,ICICI,900013807410,Nikhil Kulkarni,AXIS,27703,NEFT,food
T0001076,2026-01-11 10:33:43,918233276921,Farhan Jain,AXIS,65763270177250,Peter Kamble,SBI,30236,UPI,shopping
T0001100,2026-01-11 11:00:58,012865108110,Karan Pillai,KOTAK,31141778128,Joseph Chavan,HDFC,2181,UPI,shopping
T0000344,2026-01-11 12:56:51,039828649643,Shabana Dubey,AXIS,012769073620,Nitin Pawar,AXIS,15365,UPI,loan
T0001141,2026-01-11 13:00:32,85500709922653,Lata Kadam,ICICI,37385473560588,Manoj Pathan,HDFC,31261,UPI,
T0000971,2026-01-11 13:23:18,697114719267,Vivaan Deshmukh,ICICI,26080784998,Shabana More,HDFC,990,NEFT,loan
T0000953,2026-01-11 13:44:19,012865108110,Karan Pillai,KOTAK,074347242223,Manoj Pandey,BOB,2013,UPI,shopping
T0000741,2026-01-11 13:54:34,524287935222,Nikhil Qureshi,SBI,133227518056,Kavita Memon,BOB,828,IMPS,loan
T0000614,2026-01-11 14:00:21,63735786625989,Anjali Jain,SBI,142793348429,Francis Kaur,BOB,35694,UPI,loan
T0000704,2026-01-11 15:27:31,37104794793,Tariq Dubey,BOB,63660129995,Amit Joshi,SBI,32042,NEFT,bill
T0001336,2026-01-11 21:39:41,14019074419368,Sanjay Pathan,AXIS,823945661629,Priyanka Jadhav,ICICI,981,UPI,bill
T0001288,2026-01-11 22:00:09,039828649643,Shabana Dubey,AXIS,35112204147,Zubair Jain,ICICI,3347,UPI,shopping
T0000675,2026-01-12 08:19:44,95574642784640,Sachin Sayed,KOTAK,37104794793,Tariq Dubey,BOB,797,NEFT,gift
T0001195,2026-01-12 08:24:29,24942720935365,Farhan Qureshi,BOB,08219131027,Prakash Joshi,HDFC,4100,NEFT,rent
T0000877,2026-01-12 10:03:37,85500709922653,Lata Kadam,ICICI,774566430878,Karan Tiwari,ICICI,2321,IMPS,gift
T0000021,2026-01-12 12:35:53,66633413233,Santosh Khan,SBI,81623041254967,Joseph Shah,SBI,12071,UPI,
T0001312,2026-01-12 14:25:49,63660129995,Amit Joshi,SBI,133227518056,Kavita Memon,BOB,3496,IMPS,food
T0000723,2026-01-12 16:57:12,52754957354,Rahul Salunkhe,BOB,598626866231,Rohan Mishra,HDFC,4018,UPI,loan
T0000561,2026-01-12 17:59:05,296578084488,Savio Kamble,AXIS,900013807410,Nikhil Kulkarni,AXIS,18200,UPI,gift
T0000022,2026-01-12 18:29:40,142793348429,Francis Kaur,BOB,97696240122,Tariq Kulkarni,AXIS,10801,IMPS,gift
T0001140,2026-01-12 18:36:58,074347242223,Manoj Pandey,BOB,593166881925,Santosh Shinde,AXIS,32494,UPI,loan
T0001323,2026-01-12 19:49:54,472152454044,Vijay Gaikwad,AXIS,08213336805,Pooja Shinde,ICICI,35327,NEFT,
T0000286,2026-01-12 20:15:55,34051331503875,Simran Shah,AXIS,52636956382792,Ganesh Patil,AXIS,38045,NEFT,rent
T0000401,2026-01-12 20:46:19,524287935222,Nikhil Qureshi,SBI,31141778128,Joseph Chavan,HDFC,8618,IMPS,
T0000592,2026-01-12 21:20:13,94125935585,Umesh Tiwari,KOTAK,97696240122,Tariq Kulkarni,AXIS,37719,IMPS,rent
T0000317,2026-01-12 21:37:30,93109576525824,Nikhil Yadav,SBI,777625659668,Melwyn Kaur,HDFC,24493,NEFT,bill
T0001272,2026-01-12 22:00:58,296578084488,Savio Kamble,AXIS,14019074419368,Sanjay Pathan,AXIS,33735,UPI,food
T0000262,2026-01-13 08:33:55,24942720935365,Farhan Qureshi,BOB,08219131027,Prakash Joshi,HDFC,4299,NEFT,gift
T0000821,2026-01-13 09:21:31,500160303214,Manoj Pillai,KOTAK,645915219459,Junaid Jain,SBI,2952,NEFT,rent
T0001282,2026-01-13 09:54:07,296578084488,Savio Kamble,AXIS,472152454044,Vijay Gaikwad,AXIS,4325,UPI,food
T0000571,2026-01-13 09:57:50,012769073620,Nitin Pawar,AXIS,63660129995,Amit Joshi,SBI,2722,IMPS,
T0000065,2026-01-13 10:40:21,95574642784640,Sachin Sayed,KOTAK,593166881925,Santosh Shinde,AXIS,4131,IMPS,food
T0001118,2026-01-13 12:14:27,802540435528,Kavita Menon,ICICI,28110603535,Savio Naik,ICICI,39197,UPI,
T0001341,2026-01-13 12:16:47,14019074419368,Sanjay Pathan,AXIS,95574642784640,Sachin Sayed,KOTAK,4097,UPI,
T0000667,2026-01-13 17:41:04,64239499288,Vijay Pathan,SBI,412616498311,Aarav Mhatre,BOB,5523,UPI,bill
T0001371,2026-01-13 18:09:00,06088010423,Michael Kulkarni,SBI,64239499288,Vijay Pathan,SBI,255,IMPS,shopping
T0000104,2026-01-13 18:23:51,850899727502,Simran Kadam,KOTAK,74508478113612,Deepika Menon,HDFC,4003,UPI,loan
T0000049,2026-01-13 18:53:32,154194361524,Francis More,SBI,142793348429,Francis Kaur,BOB,16836,IMPS,shopping
T0001251,2026-01-13 21:09:47,057301262000,Prakash Tiwari,AXIS,65763270177250,Peter Kamble,SBI,10028,IMPS,gift
T0000817,2026-01-14 07:22:52,328768438416,Francis Mhatre,SBI,154194361524,Francis More,SBI,2220,NEFT,bill
T0000863,2026-01-14 09:40:11,94125935585,Umesh Tiwari,KOTAK,142793348429,Francis Kaur,BOB,6568,UPI,rent
T0000028,2026-01-14 10:01:28,06088010423,Michael Kulkarni,SBI,52636956382792,Ganesh Patil,AXIS,1511,UPI,loan
T0000059,2026-01-14 10:40:02,074347242223,Manoj Pandey,BOB,598626866231,Rohan Mishra,HDFC,33087,UPI,gift
T0000819,2026-01-14 18:37:51,440445477896,Naresh Memon,KOTAK,08213336805,Pooja Shinde,ICICI,4263,IMPS,food
T0000425,2026-01-14 18:53:04,02043849865,Mahesh Sawant,SBI,012769073620,Nitin Pawar,AXIS,26060,NEFT,gift
T0000242,2026-01-15 09:04:55,161549554077,Ganesh Kaur,AXIS,93109576525824,Nikhil Yadav,SBI,19465,IMPS,food
T0000854,2026-01-15 09:19:16,86017293030,Usha Ansari,KOTAK,057301262000,Prakash Tiwari,AXIS,26115,IMPS,
T0000038,2026-01-15 10:15:27,95574642784640,Sachin Sayed,KOTAK,14019074419368,Sanjay Pathan,AXIS,6942,NEFT,salary
T0000668,2026-01-15 10:47:02,524287935222,Nikhil Qureshi,SBI,433614939807,Irfan Singh,HDFC,4231,UPI,bill
T0000420,2026-01-15 13:01:24,645915219459,Junaid Jain,SBI,440445477896,Naresh Memon,KOTAK,3467,IMPS,salary
T0000290,2026-01-15 13:08:00,012769073620,Nitin Pawar,AXIS,693456768757,Harpreet Memon,KOTAK,10002,NEFT,
T0000371,2026-01-15 13:49:46,26080784998,Shabana More,HDFC,823945661629,Priyanka Jadhav,ICICI,2751,NEFT,
T0000925,2026-01-15 14:38:22,154194361524,Francis More,SBI,14019074419368,Sanjay Pathan,AXIS,1609,NEFT,bill
T0000092,2026-01-15 15:18:03,012769073620,Nitin Pawar,AXIS,02043849865,Mahesh Sawant,SBI,1046,IMPS,
T0000200,2026-01-15 15:46:41,480455297373,Meena D'Souza,SBI,296578084488,Savio Kamble,AXIS,26741,UPI,bill
T0001248,2026-01-15 16:37:01,057301262000,Prakash Tiwari,AXIS,069194169832,Kavita Kamble,HDFC,23933,NEFT,shopping
T0000885,2026-01-15 17:46:00,850899727502,Simran Kadam,KOTAK,693456768757,Harpreet Memon,KOTAK,18694,IMPS,food
T0000753,2026-01-15 18:30:23,24942720935365,Farhan Qureshi,BOB,85500709922653,Lata Kadam,ICICI,20137,IMPS,
T0000417,2026-01-16 07:26:52,76191714926,Sachin Nair,AXIS,64239499288,Vijay Pathan,SBI,28076,IMPS,food
T0000615,2026-01-16 07:56:39,31141778128,Joseph Chavan,HDFC,36460355458,Melwyn Nair,KOTAK,4847,NEFT,loan
T0000917,2026-01-16 09:31:26,36460355458,Melwyn Nair,KOTAK,95574642784640,Sachin Sayed,KOTAK,5000,UPI,salary
T0000943,2026-01-16 10:01:32,52754957354,Rahul Salunkhe,BOB,24942720935365,Farhan Qureshi,BOB,372,NEFT,shopping
T0000260,2026-01-16 10:16:39,76191714926,Sachin Nair,AXIS,598626866231,Rohan Mishra,HDFC,3960,NEFT,salary
T0001031,2026-01-16 13:20:58,918233276921,Farhan Jain,AXIS,069194169832,Kavita Kamble,HDFC,3504,NEFT,rent
T0000156,2026-01-16 13:52:04,802540435528,Kavita Menon,ICICI,89058180770725,Prakash Sawant,AXIS,30133,IMPS,
T0000823,2026-01-16 13:55:32,057301262000,Prakash Tiwari,AXIS,774566430878,Karan Tiwari,ICICI,3341,UPI,shopping
T0000472,2026-01-16 14:45:09,65763270177250,Peter Kamble,SBI,79209882490043,Sameer Memon,BOB,1592,NEFT,gift
T0000776,2026-01-16 16:03:19,296578084488,Savio Kamble,AXIS,480455297373,Meena D'Souza,SBI,5620,UPI,bill
T0001309,2026-01-16 16:04:34,63735786625989,Anjali Jain,SBI,012865108110,Karan Pillai,KOTAK,33947,NEFT,food
T0000718,2026-01-16 17:09:04,02043849865,Mahesh Sawant,SBI,34051331503875,Simran Shah,AXIS,302,IMPS,rent
T0000491,2026-01-16 18:19:19,49069208732489,Melwyn Shah,BOB,63660129995,Amit Joshi,SBI,24460,UPI,shopping
T0001362,2026-01-16 20:43:47,777625659668,Melwyn Kaur,HDFC,74508478113612,Deepika Menon,HDFC,1693,UPI,shopping
T0000316,2026-01-16 21:54:20,774566430878,Karan Tiwari,ICICI,74508478113612,Deepika Menon,HDFC,31943,UPI,gift
T0000471,2026-01-16 22:42:15,86017293030,Usha Ansari,KOTAK,64239499288,Vijay Pathan,SBI,3132,NEFT,food
T0000378,2026-01-17 07:14:59,79209882490043,Sameer Memon,BOB,645915219459,Junaid Jain,SBI,3047,UPI,bill
T0000124,2026-01-17 09:09:05,593166881925,Santosh Shinde,AXIS,693456768757,Harpreet Memon,KOTAK,29397,UPI,bill
T0000356,2026-01-17 10:18:36,598626866231,Rohan Mishra,HDFC,93109576525824,Nikhil Yadav,SBI,26461,IMPS,rent
T0000469,2026-01-17 12:34:34,76191714926,Sachin Nair,AXIS,35112204147,Zubair Jain,ICICI,34495,UPI,shopping
T0000301,2026-01-17 12:54:54,850899727502,Simran Kadam,KOTAK,069194169832,Kavita Kamble,HDFC,30101,NEFT,
T0001107,2026-01-17 14:09:02,433614939807,Irfan Singh,HDFC,52754957354,Rahul Salunkhe,BOB,4934,IMPS,salary
T0001143,2026-01-17 14:40:47,74508478113612,Deepika Menon,HDFC,593166881925,Santosh Shinde,AXIS,2371,IMPS,shopping
T0000927,2026-01-17 16:41:25,08219131027,Prakash Joshi,HDFC,039828649643,Shabana Dubey,AXIS,18263,UPI,loan
T0000136,2026-01-17 16:51:36,012769073620,Nitin Pawar,AXIS,645915219459,Junaid Jain,SBI,1715,IMPS,gift
T0000339,2026-01-17 17:11:10,94125935585,Umesh Tiwari,KOTAK,63735786625989,Anjali Jain,SBI,4877,NEFT,loan
T0001358,2026-01-17 19:47:17,929571000332,Pooja Mishra,HDFC,433614939807,Irfan Singh,HDFC,12867,IMPS,loan
T0001395,2026-01-17 22:50:23,66633413233,Santosh Khan,SBI,81623041254967,Joseph Shah,SBI,4174,IMPS,rent
T0000545,2026-01-18 09:00:58,823945661629,Priyanka Jadhav,ICICI,751195185598,Sanjay Iyer,ICICI,25247,NEFT,food
T0000828,2026-01-18 11:46:14,412616498311,Aarav Mhatre,BOB,593166881925,Santosh Shinde,AXIS,3138,NEFT,gift
T0001004,2026-01-18 12:56:36,918233276921,Farhan Jain,AXIS,37385473560588,Manoj Pathan,HDFC,4157,UPI,food
T0000394,2026-01-18 13:08:57,693456768757,Harpreet Memon,KOTAK,65763270177250,Peter Kamble,SBI,26276,UPI,salary
T0000166,2026-01-18 14:20:50,697114719267,Vivaan Deshmukh,ICICI,26080784998,Shabana More,HDFC,18947,UPI,shopping
T0000217,2026-01-18 14:33:03,524287935222,Nikhil Qureshi,SBI,63660129995,Amit Joshi,SBI,768,UPI,food
T0000721,2026-01-18 14:53:23,057301262000,Prakash Tiwari,AXIS,598626866231,Rohan Mishra,HDFC,37228,UPI,food
T0000382,2026-01-18 16:18:59,65763270177250,Peter Kamble,SBI,79209882490043,Sameer Memon,BOB,295,IMPS,rent
T0000033,2026-01-18 16:21:27,074347242223,Manoj Pandey,BOB,598626866231,Rohan Mishra,HDFC,4166,IMPS,food
T0000966,2026-01-18 16:58:29,37104794793,Tariq Dubey,BOB,28110603535,Savio Naik,ICICI,1604,UPI,gift
T0000591,2026-01-19 08:18:25,296578084488,Savio Kamble,AXIS,697114719267,Vivaan Deshmukh,ICICI,22859,IMPS,bill
T0000679,2026-01-19 10:47:45,328768438416,Francis Mhatre,SBI,89058180770725,Prakash Sawant,AXIS,8315,UPI,rent
T0000177,2026-01-19 13:40:35,823945661629,Priyanka Jadhav,ICICI,14019074419368,Sanjay Pathan,AXIS,2287,UPI,loan
T0001092,2026-01-19 14:44:31,89058180770725,Prakash Sawant,AXIS,074347242223,Manoj Pandey,BOB,3441,IMPS,
T0000869,2026-01-19 18:31:40,012769073620,Nitin Pawar,AXIS,26080784998,Shabana More,HDFC,961,UPI,rent
T0000926,2026-01-19 18:33:02,79209882490043,Sameer Memon,BOB,412616498311,Aarav Mhatre,BOB,3412,UPI,
T0000531,2026-01-19 19:29:07,154194361524,Francis More,SBI,328768438416,Francis Mhatre,SBI,33812,UPI,food
T0000387,2026-01-19 19:46:14,693456768757,Harpreet Memon,KOTAK,850899727502,Simran Kadam,KOTAK,1233,UPI,
T0001396,2026-01-19 20:59:33,81623041254967,Joseph Shah,SBI,26080784998,Shabana More,HDFC,6146,IMPS,salary
T0000686,2026-01-20 07:45:42,161549554077,Ganesh Kaur,AXIS,918233276921,Farhan Jain,AXIS,4422,IMPS,loan
T0000657,2026-01-20 08:33:28,929571000332,Pooja Mishra,HDFC,697114719267,Vivaan Deshmukh,ICICI,3625,NEFT,shopping
T0001518,2026-01-20 10:51:14,03709511881,Naik Cargo Movers Pvt Ltd,ICICI,40454760436077,Anthony D'Souza,AXIS,109871,NEFT,clearing charges
T0000236,2026-01-20 11:23:23,81623041254967,Joseph Shah,SBI,777625659668,Melwyn Kaur,HDFC,2871,IMPS,gift
T0000055,2026-01-20 11:37:47,154194361524,Francis More,SBI,494994551025,Tariq Sharma,KOTAK,20121,UPI,food
T0000974,2026-01-20 13:31:52,074347242223,Manoj Pandey,BOB,472152454044,Vijay Gaikwad,AXIS,33934,UPI,rent
T0000218,2026-01-20 14:07:25,36460355458,Melwyn Nair,KOTAK,412616498311,Aarav Mhatre,BOB,4734,IMPS,rent
T0001507,2026-01-20 17:55:50,76021903463,Mahesh Jain,AXIS,84026309246391,Rafiq Sheikh,KOTAK,151655,NEFT,loan repayment
T0001384,2026-01-20 18:10:05,074347242223,Manoj Pandey,BOB,08219131027,Prakash Joshi,HDFC,2181,IMPS,rent
T0001350,2026-01-20 18:26:18,850899727502,Simran Kadam,KOTAK,777625659668,Melwyn Kaur,HDFC,21366,NEFT,gift
T0000590,2026-01-20 18:35:55,36460355458,Melwyn Nair,KOTAK,412616498311,Aarav Mhatre,BOB,1575,IMPS,
T0001058,2026-01-20 19:14:22,069194169832,Kavita Kamble,HDFC,039828649643,Shabana Dubey,AXIS,1887,IMPS,loan
T0000393,2026-01-20 19:48:11,900013807410,Nikhil Kulkarni,AXIS,24942720935365,Farhan Qureshi,BOB,1709,UPI,bill
T0000324,2026-01-21 09:37:11,777625659668,Melwyn Kaur,HDFC,86017293030,Usha Ansari,KOTAK,20465,IMPS,food
T0000921,2026-01-21 11:32:59,296578084488,Savio Kamble,AXIS,598626866231,Rohan Mishra,HDFC,16946,NEFT,food
T0001318,2026-01-21 12:33:43,154194361524,Francis More,SBI,14019074419368,Sanjay Pathan,AXIS,3884,IMPS,gift
T0000125,2026-01-21 12:53:30,89058180770725,Prakash Sawant,AXIS,93109576525824,Nikhil Yadav,SBI,1904,IMPS,food
T0001021,2026-01-21 14:06:39,929571000332,Pooja Mishra,HDFC,593166881925,Santosh Shinde,AXIS,4910,IMPS,salary
T0000812,2026-01-21 14:08:23,52636956382792,Ganesh Patil,AXIS,06088010423,Michael Kulkarni,SBI,28140,NEFT,bill
T0000474,2026-01-21 14:53:16,24942720935365,Farhan Qureshi,BOB,65927486954424,Vijay Patil,KOTAK,4048,UPI,bill
T0000638,2026-01-21 15:04:29,34051331503875,Simran Shah,AXIS,65142908369,Meena Rodrigues,HDFC,4159,UPI,gift
T0000171,2026-01-21 15:18:40,65142908369,Meena Rodrigues,HDFC,34051331503875,Simran Shah,AXIS,27808,UPI,shopping
T0000502,2026-01-21 15:47:56,802540435528,Kavita Menon,ICICI,645915219459,Junaid Jain,SBI,1637,UPI,loan
T0001170,2026-01-21 18:38:44,850899727502,Simran Kadam,KOTAK,693456768757,Harpreet Memon,KOTAK,27910,NEFT,food
T0000321,2026-01-21 18:54:58,823945661629,Priyanka Jadhav,ICICI,900013807410,Nikhil Kulkarni,AXIS,3534,UPI,rent
T0000167,2026-01-21 19:29:39,08213336805,Pooja Shinde,ICICI,65927486954424,Vijay Patil,KOTAK,1992,IMPS,food
T0000255,2026-01-22 08:31:12,79209882490043,Sameer Memon,BOB,697114719267,Vivaan Deshmukh,ICICI,39787,IMPS,
T0000763,2026-01-22 08:53:40,86017293030,Usha Ansari,KOTAK,52754957354,Rahul Salunkhe,BOB,23271,UPI,loan
T0001391,2026-01-22 09:17:01,823945661629,Priyanka Jadhav,ICICI,52754957354,Rahul Salunkhe,BOB,2681,UPI,salary
T0000846,2026-01-22 11:15:02,433614939807,Irfan Singh,HDFC,524287935222,Nikhil Qureshi,SBI,1029,UPI,gift
T0000975,2026-01-22 11:21:43,777625659668,Melwyn Kaur,HDFC,802540435528,Kavita Menon,ICICI,26436,IMPS,salary
T0000991,2026-01-22 13:44:56,012769073620,Nitin Pawar,AXIS,34051331503875,Simran Shah,AXIS,15031,IMPS,shopping
T0000152,2026-01-22 14:04:02,472152454044,Vijay Gaikwad,AXIS,012769073620,Nitin Pawar,AXIS,2532,UPI,rent
T0000314,2026-01-22 14:47:08,850899727502,Simran Kadam,KOTAK,52636956382792,Ganesh Patil,AXIS,31800,UPI,bill
T0000120,2026-01-22 17:59:45,929571000332,Pooja Mishra,HDFC,37385473560588,Manoj Pathan,HDFC,21786,NEFT,gift
T0000210,2026-01-23 08:29:42,81623041254967,Joseph Shah,SBI,039828649643,Shabana Dubey,AXIS,1902,IMPS,salary
T0001379,2026-01-23 10:58:13,37104794793,Tariq Dubey,BOB,36460355458,Melwyn Nair,KOTAK,21988,NEFT,rent
T0000850,2026-01-23 12:44:37,65927486954424,Vijay Patil,KOTAK,24942720935365,Farhan Qureshi,BOB,376,UPI,salary
T0001307,2026-01-23 15:12:48,34051331503875,Simran Shah,AXIS,012769073620,Nitin Pawar,AXIS,32931,UPI,bill
T0000656,2026-01-23 16:19:41,97696240122,Tariq Kulkarni,AXIS,89058180770725,Prakash Sawant,AXIS,18265,NEFT,
T0000622,2026-01-23 17:12:30,36460355458,Melwyn Nair,KOTAK,31141778128,Joseph Chavan,HDFC,1427,UPI,food
T0000553,2026-01-23 18:08:59,593166881925,Santosh Shinde,AXIS,900013807410,Nikhil Kulkarni,AXIS,2776,NEFT,shopping
T0001237,2026-01-23 18:54:19,412616498311,Aarav Mhatre,BOB,34051331503875,Simran Shah,AXIS,2832,IMPS,
T0001231,2026-01-23 20:20:40,774566430878,Karan Tiwari,ICICI,02043849865,Mahesh Sawant,SBI,28804,UPI,loan
T0000719,2026-01-23 20:47:01,94125935585,Umesh Tiwari,KOTAK,774566430878,Karan Tiwari,ICICI,2245,NEFT,gift
T0000697,2026-01-24 07:21:22,918233276921,Farhan Jain,AXIS,133227518056,Kavita Memon,BOB,3283,IMPS,gift
T0000333,2026-01-24 07:55:28,500160303214,Manoj Pillai,KOTAK,012865108110,Karan Pillai,KOTAK,4006,IMPS,bill
T0000105,2026-01-24 08:23:24,433614939807,Irfan Singh,HDFC,524287935222,Nikhil Qureshi,SBI,10844,UPI,
T0000963,2026-01-24 09:48:24,06088010423,Michael Kulkarni,SBI,774566430878,Karan Tiwari,ICICI,1447,NEFT,loan
T0000223,2026-01-24 11:02:10,76191714926,Sachin Nair,AXIS,774566430878,Karan Tiwari,ICICI,2477,IMPS,shopping
T0000089,2026-01-24 11:27:04,154194361524,Francis More,SBI,14019074419368,Sanjay Pathan,AXIS,26593,IMPS,salary
T0001163,2026-01-24 12:29:25,433614939807,Irfan Singh,HDFC,328768438416,Francis Mhatre,SBI,14167,UPI,loan
T0000490,2026-01-24 12:31:40,069194169832,Kavita Kamble,HDFC,598626866231,Rohan Mishra,HDFC,14298,IMPS,loan
T0000905,2026-01-24 12:42:01,76191714926,Sachin Nair,AXIS,440445477896,Naresh Memon,KOTAK,2479,UPI,bill
T0000091,2026-01-24 13:47:44,433614939807,Irfan Singh,HDFC,598626866231,Rohan Mishra,HDFC,3041,UPI,bill
T0000196,2026-01-24 15:04:26,28110603535,Savio Naik,ICICI,94125935585,Umesh Tiwari,KOTAK,14079,UPI,rent
T0001278,2026-01-24 15:26:58,24942720935365,Farhan Qureshi,BOB,81623041254967,Joseph Shah,SBI,9231,IMPS,salary
T0000747,2026-01-24 15:56:13,598626866231,Rohan Mishra,HDFC,93109576525824,Nikhil Yadav,SBI,1104,UPI,bill
T0001113,2026-01-24 17:35:09,074347242223,Manoj Pandey,BOB,012769073620,Nitin Pawar,AXIS,33222,IMPS,bill
T0000446,2026-01-24 20:40:41,774566430878,Karan Tiwari,ICICI,06088010423,Michael Kulkarni,SBI,4748,IMPS,loan
T0001408,2026-01-25 08:14:26,353869342128,Rakesh Mehta,KOTAK,24942720935365,Farhan Qureshi,BOB,10936,NEFT,salary
T0001147,2026-01-25 09:02:13,64239499288,Vijay Pathan,SBI,06088010423,Michael Kulkarni,SBI,33144,NEFT,food
T0000648,2026-01-25 11:58:25,039828649643,Shabana Dubey,AXIS,012769073620,Nitin Pawar,AXIS,15935,IMPS,bill
T0000693,2026-01-25 12:34:30,802540435528,Kavita Menon,ICICI,645915219459,Junaid Jain,SBI,1200,IMPS,shopping
T0000308,2026-01-25 13:45:02,823945661629,Priyanka Jadhav,ICICI,64239499288,Vijay Pathan,SBI,24661,UPI,gift
T0000313,2026-01-25 15:53:49,08213336805,Pooja Shinde,ICICI,14019074419368,Sanjay Pathan,AXIS,3581,IMPS,shopping
T0000438,2026-01-25 16:12:34,328768438416,Francis Mhatre,SBI,63660129995,Amit Joshi,SBI,1400,UPI,gift
T0000366,2026-01-25 18:21:02,52754957354,Rahul Salunkhe,BOB,433614939807,Irfan Singh,HDFC,3997,UPI,bill
T0001265,2026-01-25 19:33:06,65142908369,Meena Rodrigues,HDFC,154194361524,Francis More,SBI,3150,IMPS,salary
T0001171,2026-01-25 20:14:31,49069208732489,Melwyn Shah,BOB,66633413233,Santosh Khan,SBI,1973,NEFT,
T0000630,2026-01-25 20:27:03,97696240122,Tariq Kulkarni,AXIS,593166881925,Santosh Shinde,AXIS,929,UPI,rent
T0000060,2026-01-25 20:53:55,97696240122,Tariq Kulkarni,AXIS,65927486954424,Vijay Patil,KOTAK,29216,UPI,rent
T0000240,2026-01-25 21:13:32,012769073620,Nitin Pawar,AXIS,26080784998,Shabana More,HDFC,39497,UPI,food
T0000956,2026-01-26 11:26:10,65763270177250,Peter Kamble,SBI,918233276921,Farhan Jain,AXIS,1150,UPI,salary
T0000727,2026-01-26 13:02:08,929571000332,Pooja Mishra,HDFC,480455297373,Meena D'Souza,SBI,18364,UPI,gift
T0001193,2026-01-26 13:30:59,165603869662,Simran Kamble,BOB,37104794793,Tariq Dubey,BOB,798,NEFT,rent
T0001166,2026-01-26 14:21:32,440445477896,Naresh Memon,KOTAK,08213336805,Pooja Shinde,ICICI,3131,UPI,rent
T0000270,2026-01-26 15:32:43,64239499288,Vijay Pathan,SBI,08219131027,Prakash Joshi,HDFC,30743,UPI,loan
T0000587,2026-01-26 17:40:01,63735786625989,Anjali Jain,SBI,012865108110,Karan Pillai,KOTAK,346,IMPS,
T0001132,2026-01-26 20:33:37,76191714926,Sachin Nair,AXIS,64239499288,Vijay Pathan,SBI,2908,NEFT,salary
T0000337,2026-01-27 07:49:43,65927486954424,Vijay Patil,KOTAK,36460355458,Melwyn Nair,KOTAK,8458,IMPS,bill
T0000918,2026-01-27 14:09:22,65927486954424,Vijay Patil,KOTAK,64239499288,Vijay Pathan,SBI,27226,NEFT,salary
T0001516,2026-01-27 14:43:47,03709511881,Naik Cargo Movers Pvt Ltd,ICICI,40454760436077,Anthony D'Souza,AXIS,91274,NEFT,clearing charges
T0000543,2026-01-27 15:26:43,142793348429,Francis Kaur,BOB,154194361524,Francis More,SBI,22752,NEFT,
T0000930,2026-01-27 19:44:14,65927486954424,Vijay Patil,KOTAK,24942720935365,Farhan Qureshi,BOB,1195,UPI,rent
T0000808,2026-01-27 20:16:21,97696240122,Tariq Kulkarni,AXIS,63735786625989,Anjali Jain,SBI,2582,NEFT,gift
T0000547,2026-01-27 21:21:51,49069208732489,Melwyn Shah,BOB,66633413233,Santosh Khan,SBI,4991,UPI,bill
T0000083,2026-01-27 21:58:49,645915219459,Junaid Jain,SBI,14019074419368,Sanjay Pathan,AXIS,26586,NEFT,loan
T0001356,2026-01-28 07:23:41,472152454044,Vijay Gaikwad,AXIS,52754957354,Rahul Salunkhe,BOB,3558,IMPS,salary
T0001123,2026-01-28 07:45:07,433614939807,Irfan Singh,HDFC,328768438416,Francis Mhatre,SBI,29247,UPI,
T0001179,2026-01-28 07:50:45,142793348429,Francis Kaur,BOB,63735786625989,Anjali Jain,SBI,4614,UPI,
T0000804,2026-01-28 09:20:32,81623041254967,Joseph Shah,SBI,142793348429,Francis Kaur,BOB,4916,IMPS,shopping
T0000256,2026-01-28 12:09:34,85500709922653,Lata Kadam,ICICI,08219131027,Prakash Joshi,HDFC,29352,UPI,bill
T0000730,2026-01-28 14:44:50,86017293030,Usha Ansari,KOTAK,52754957354,Rahul Salunkhe,BOB,2636,UPI,gift
T0000352,2026-01-28 18:53:34,693456768757,Harpreet Memon,KOTAK,012865108110,Karan Pillai,KOTAK,1933,IMPS,food
T0000655,2026-01-28 20:48:46,774566430878,Karan Tiwari,ICICI,06088010423,Michael Kulkarni,SBI,19461,UPI,
T0000504,2026-01-28 21:18:37,296578084488,Savio Kamble,AXIS,94125935585,Umesh Tiwari,KOTAK,4803,UPI,gift
T0000450,2026-01-28 22:00:12,693456768757,Harpreet Memon,KOTAK,012769073620,Nitin Pawar,AXIS,38127,UPI,loan
T0000046,2026-01-29 08:11:03,142793348429,Francis Kaur,BOB,52636956382792,Ganesh Patil,AXIS,1833,UPI,loan
T0001215,2026-01-29 08:30:53,296578084488,Savio Kamble,AXIS,480455297373,Meena D'Souza,SBI,9751,UPI,shopping
T0001145,2026-01-29 10:16:14,161549554077,Ganesh Kaur,AXIS,52754957354,Rahul Salunkhe,BOB,36971,UPI,loan
T0000228,2026-01-29 11:27:59,057301262000,Prakash Tiwari,AXIS,069194169832,Kavita Kamble,HDFC,33895,UPI,gift
T0001010,2026-01-29 11:37:51,929571000332,Pooja Mishra,HDFC,823945661629,Priyanka Jadhav,ICICI,3319,UPI,rent
T0000731,2026-01-29 15:09:46,296578084488,Savio Kamble,AXIS,36460355458,Melwyn Nair,KOTAK,4211,NEFT,loan
T0001290,2026-01-29 16:15:05,14019074419368,Sanjay Pathan,AXIS,057301262000,Prakash Tiwari,AXIS,436,UPI,bill
T0000405,2026-01-29 16:18:34,64239499288,Vijay Pathan,SBI,074347242223,Manoj Pandey,BOB,17942,UPI,
T0001228,2026-01-29 16:43:43,598626866231,Rohan Mishra,HDFC,24942720935365,Farhan Qureshi,BOB,2138,UPI,salary
T0000232,2026-01-29 19:11:15,328768438416,Francis Mhatre,SBI,89058180770725,Prakash Sawant,AXIS,1029,IMPS,gift
T0001198,2026-01-29 19:17:32,693456768757,Harpreet Memon,KOTAK,057301262000,Prakash Tiwari,AXIS,15626,UPI,
T0000722,2026-01-30 07:24:29,012769073620,Nitin Pawar,AXIS,039828649643,Shabana Dubey,AXIS,11891,NEFT,shopping
T0001005,2026-01-30 07:52:50,918233276921,Farhan Jain,AXIS,069194169832,Kavita Kamble,HDFC,2467,IMPS,
T0001374,2026-01-30 12:34:37,494994551025,Tariq Sharma,KOTAK,94125935585,Umesh Tiwari,KOTAK,4408,IMPS,gift
T0000424,2026-01-30 13:27:40,74508478113612,Deepika Menon,HDFC,697114719267,Vivaan Deshmukh,ICICI,19217,UPI,
T0001386,2026-01-30 18:47:10,52636956382792,Ganesh Patil,AXIS,34051331503875,Simran Shah,AXIS,1282,UPI,shopping
T0001027,2026-01-30 20:21:56,500160303214,Manoj Pillai,KOTAK,154194361524,Francis More,SBI,5277,NEFT,
T0000349,2026-01-30 22:22:36,751195185598,Sanjay Iyer,ICICI,823945661629,Priyanka Jadhav,ICICI,3317,UPI,loan
T0000221,2026-01-30 22:43:09,697114719267,Vivaan Deshmukh,ICICI,598626866231,Rohan Mishra,HDFC,1235,UPI,salary
T0001164,2026-01-31 07:58:18,35112204147,Zubair Jain,ICICI,645915219459,Junaid Jain,SBI,31252,IMPS,bill
T0001271,2026-01-31 10:13:23,24942720935365,Farhan Qureshi,BOB,85500709922653,Lata Kadam,ICICI,3670,IMPS,rent
T0000601,2026-01-31 11:48:46,34051331503875,Simran Shah,AXIS,161549554077,Ganesh Kaur,AXIS,1355,UPI,shopping
T0001519,2026-01-31 12:14:08,03709511881,Naik Cargo Movers Pvt Ltd,ICICI,40454760436077,Anthony D'Souza,AXIS,110541,NEFT,clearing charges
T0000459,2026-01-31 12:17:06,697114719267,Vivaan Deshmukh,ICICI,069194169832,Kavita Kamble,HDFC,8405,UPI,bill
T0000013,2026-01-31 12:40:47,08219131027,Prakash Joshi,HDFC,64239499288,Vijay Pathan,SBI,4966,UPI,loan
T0001148,2026-01-31 12:42:25,89058180770725,Prakash Sawant,AXIS,154194361524,Francis More,SBI,27914,UPI,
T0000595,2026-01-31 13:01:12,472152454044,Vijay Gaikwad,AXIS,802540435528,Kavita Menon,ICICI,23087,UPI,gift
T0000844,2026-01-31 13:19:00,412616498311,Aarav Mhatre,BOB,79209882490043,Sameer Memon,BOB,1159,NEFT,salary
T0001043,2026-01-31 16:12:54,37104794793,Tariq Dubey,BOB,074347242223,Manoj Pandey,BOB,20590,UPI,bill
T0001369,2026-01-31 17:56:55,433614939807,Irfan Singh,HDFC,328768438416,Francis Mhatre,SBI,3634,UPI,loan
T0000544,2026-01-31 18:24:30,02043849865,Mahesh Sawant,SBI,598626866231,Rohan Mishra,HDFC,4935,IMPS,
T0000994,2026-01-31 18:54:26,26080784998,Shabana More,HDFC,500160303214,Manoj Pillai,KOTAK,880,NEFT,food
T0000350,2026-01-31 19:18:41,74508478113612,Deepika Menon,HDFC,14019074419368,Sanjay Pathan,AXIS,31156,UPI,loan
T0000329,2026-01-31 19:19:12,500160303214,Manoj Pillai,KOTAK,057301262000,Prakash Tiwari,AXIS,1347,UPI,
T0000507,2026-01-31 20:35:26,900013807410,Nikhil Kulkarni,AXIS,751195185598,Sanjay Iyer,ICICI,4667,UPI,loan
T0000774,2026-02-01 08:06:59,165603869662,Simran Kamble,BOB,133227518056,Kavita Memon,BOB,6749,IMPS,gift
T0000318,2026-02-01 10:31:04,165603869662,Simran Kamble,BOB,328768438416,Francis Mhatre,SBI,3446,IMPS,bill
T0000162,2026-02-01 10:55:33,440445477896,Naresh Memon,KOTAK,645915219459,Junaid Jain,SBI,1493,IMPS,food
T0000984,2026-02-01 11:08:42,06088010423,Michael Kulkarni,SBI,64239499288,Vijay Pathan,SBI,2881,NEFT,shopping
T0001297,2026-02-01 11:54:26,069194169832,Kavita Kamble,HDFC,08213336805,Pooja Shinde,ICICI,999,UPI,loan
T0000794,2026-02-01 12:25:41,79209882490043,Sameer Memon,BOB,645915219459,Junaid Jain,SBI,637,UPI,food
T0000328,2026-02-01 13:44:03,039828649643,Shabana Dubey,AXIS,34051331503875,Simran Shah,AXIS,28648,NEFT,
T0000480,2026-02-01 14:05:52,598626866231,Rohan Mishra,HDFC,751195185598,Sanjay Iyer,ICICI,8758,UPI,rent
T0000696,2026-02-01 17:16:32,95574642784640,Sachin Sayed,KOTAK,37104794793,Tariq Dubey,BOB,18776,IMPS,gift
T0001316,2026-02-01 19:13:04,057301262000,Prakash Tiwari,AXIS,14019074419368,Sanjay Pathan,AXIS,1756,NEFT,salary
T0000224,2026-02-01 19:21:13,86017293030,Usha Ansari,KOTAK,52754957354,Rahul Salunkhe,BOB,11597,IMPS,salary
T0001023,2026-02-01 19:24:27,76191714926,Sachin Nair,AXIS,35112204147,Zubair Jain,ICICI,29342,IMPS,salary
T0000287,2026-02-01 20:41:02,645915219459,Junaid Jain,SBI,012769073620,Nitin Pawar,AXIS,2168,UPI,loan
T0001361,2026-02-01 21:13:34,65927486954424,Vijay Patil,KOTAK,918233276921,Farhan Jain,AXIS,20617,NEFT,bill
T0000596,2026-02-01 22:00:26,918233276921,Farhan Jain,AXIS,069194169832,Kavita Kamble,HDFC,1165,UPI,shopping
T0001276,2026-02-01 22:01:05,697114719267,Vivaan Deshmukh,ICICI,08213336805,Pooja Shinde,ICICI,4655,IMPS,food
T0000388,2026-02-01 22:04:54,918233276921,Farhan Jain,AXIS,774566430878,Karan Tiwari,ICICI,2314,UPI,gift
T0000197,2026-02-02 08:38:19,057301262000,Prakash Tiwari,AXIS,693456768757,Harpreet Memon,KOTAK,24312,UPI,shopping
T0001520,2026-02-02 09:10:24,03709511881,Naik Cargo Movers Pvt Ltd,ICICI,40454760436077,Anthony D'Souza,AXIS,125499,NEFT,clearing charges
T0000940,2026-02-02 14:10:44,142793348429,Francis Kaur,BOB,81623041254967,Joseph Shah,SBI,31989,NEFT,loan
T0000368,2026-02-02 14:34:23,52754957354,Rahul Salunkhe,BOB,35112204147,Zubair Jain,ICICI,19182,UPI,
T0001065,2026-02-02 18:38:57,472152454044,Vijay Gaikwad,AXIS,08219131027,Prakash Joshi,HDFC,33901,UPI,
T0000660,2026-02-02 20:15:19,328768438416,Francis Mhatre,SBI,63660129995,Amit Joshi,SBI,2047,NEFT,salary
T0001357,2026-02-02 21:19:57,777625659668,Melwyn Kaur,HDFC,97696240122,Tariq Kulkarni,AXIS,17265,NEFT,gift
T0000672,2026-02-02 22:40:50,074347242223,Manoj Pandey,BOB,751195185598,Sanjay Iyer,ICICI,8070,IMPS,food
T0001139,2026-02-03 07:04:55,500160303214,Manoj Pillai,KOTAK,433614939807,Irfan Singh,HDFC,2042,UPI,salary
T0000492,2026-02-03 07:25:26,08213336805,Pooja Shinde,ICICI,52754957354,Rahul Salunkhe,BOB,2052,IMPS,
T0000825,2026-02-03 08:47:22,918233276921,Farhan Jain,AXIS,774566430878,Karan Tiwari,ICICI,12939,UPI,loan
T0001007,2026-02-03 10:25:55,433614939807,Irfan Singh,HDFC,328768438416,Francis Mhatre,SBI,3166,UPI,loan
T0001329,2026-02-03 10:49:40,81623041254967,Joseph Shah,SBI,012769073620,Nitin Pawar,AXIS,34399,IMPS,rent
T0001428,2026-02-03 11:00:00,542436338398,Deepak Yadav,SBI,66959325415,Anita Shinde,BOB,47000,CDM,cash deposit
T0000778,2026-02-03 11:06:07,165603869662,Simran Kamble,BOB,494994551025,Tariq Sharma,KOTAK,30352,NEFT,
T0000238,2026-02-03 11:18:08,79209882490043,Sameer Memon,BOB,142793348429,Francis Kaur,BOB,2762,NEFT,gift
T0001431,2026-02-03 12:00:00,542436338398,Deepak Yadav,SBI,66959325415,Anita Shinde,BOB,47000,CDM,cash deposit
T0001435,2026-02-03 13:00:00,542436338398,Deepak Yadav,SBI,987873871971,Mohd Farhan,AXIS,48500,CDM,cash deposit
T0000738,2026-02-03 13:59:35,66633413233,Santosh Khan,SBI,328768438416,Francis Mhatre,SBI,38161,UPI,salary
T0001434,2026-02-03 15:00:00,542436338398,Deepak Yadav,SBI,987873871971,Mohd Farhan,AXIS,49000,CDM,cash deposit
T0000610,2026-02-03 15:27:12,64239499288,Vijay Pathan,SBI,472152454044,Vijay Gaikwad,AXIS,14092,NEFT,rent
T0001443,2026-02-03 16:00:00,542436338398,Deepak Yadav,SBI,20115633544300,Suresh Gaikwad,HDFC,48500,CDM,cash deposit
T0001427,2026-02-03 17:00:00,033488055048,Imran Ansari,HDFC,66959325415,Anita Shinde,BOB,48500,CDM,cash deposit
T0001429,2026-02-03 17:00:00,033488055048,Imran Ansari,HDFC,66959325415,Anita Shinde,BOB,49000,CDM,cash deposit
T0000631,2026-02-03 17:57:10,480455297373,Meena D'Souza,SBI,24942720935365,Farhan Qureshi,BOB,23651,IMPS,bill
T0000769,2026-02-03 18:37:24,65763270177250,Peter Kamble,SBI,693456768757,Harpreet Memon,KOTAK,22318,UPI,bill
T0001440,2026-02-03 21:00:00,38890897590,Sunil Pawar,HDFC,20115633544300,Suresh Gaikwad,HDFC,48500,CDM,cash deposit
T0001442,2026-02-03 22:00:00,38890897590,Sunil Pawar,HDFC,20115633544300,Suresh Gaikwad,HDFC,48500,CDM,cash deposit
T0001433,2026-02-03 23:00:00,033488055048,Imran Ansari,HDFC,987873871971,Mohd Farhan,AXIS,49000,CDM,cash deposit
T0001438,2026-02-04 00:00:00,542436338398,Deepak Yadav,SBI,987873871971,Mohd Farhan,AXIS,45000,CDM,cash deposit
T0001441,2026-02-04 01:00:00,38890897590,Sunil Pawar,HDFC,20115633544300,Suresh Gaikwad,HDFC,49000,CDM,cash deposit
T0001422,2026-02-04 05:00:00,38890897590,Sunil Pawar,HDFC,70499499343463,Ravi Kumar,ICICI,48500,CDM,cash deposit
T0001436,2026-02-04 07:00:00,542436338398,Deepak Yadav,SBI,987873871971,Mohd Farhan,AXIS,45000,CDM,cash deposit
T0000245,2026-02-04 07:02:16,63660129995,Amit Joshi,SBI,37104794793,Tariq Dubey,BOB,3421,IMPS,loan
T0000133,2026-02-04 10:11:17,74508478113612,Deepika Menon,HDFC,14019074419368,Sanjay Pathan,AXIS,7447,UPI,
T0000018,2026-02-04 11:45:17,37385473560588,Manoj Pathan,HDFC,97696240122,Tariq Kulkarni,AXIS,1944,UPI,salary
T0001423,2026-02-04 12:00:00,542436338398,Deepak Yadav,SBI,70499499343463,Ravi Kumar,ICICI,48500,CDM,cash deposit
T0001421,2026-02-04 15:00:00,542436338398,Deepak Yadav,SBI,70499499343463,Ravi Kumar,ICICI,48500,CDM,cash deposit
T0000285,2026-02-04 15:26:27,37104794793,Tariq Dubey,BOB,28110603535,Savio Naik,ICICI,1852,UPI,
T0001407,2026-02-04 16:52:39,353869342128,Rakesh Mehta,KOTAK,79209882490043,Sameer Memon,BOB,16573,NEFT,salary
T0001018,2026-02-04 17:59:31,28110603535,Savio Naik,ICICI,37385473560588,Manoj Pathan,HDFC,1725,UPI,rent
T0001425,2026-02-04 18:00:00,542436338398,Deepak Yadav,SBI,70499499343463,Ravi Kumar,ICICI,48500,CDM,cash deposit
T0001430,2026-02-04 18:00:00,542436338398,Deepak Yadav,SBI,66959325415,Anita Shinde,BOB,45000,CDM,cash deposit
T0001437,2026-02-04 18:00:00,033488055048,Imran Ansari,HDFC,987873871971,Mohd Farhan,AXIS,49900,CDM,cash deposit
T0000793,2026-02-04 18:34:32,774566430878,Karan Tiwari,ICICI,057301262000,Prakash Tiwari,AXIS,2250,NEFT,food
T0001439,2026-02-04 22:00:00,987873871971,Mohd Farhan,AXIS,52554550767732,Skyline Infra Ventures Pvt Ltd,AXIS,277808.0,RTGS,consultancy fee
T0001424,2026-02-04 23:00:00,033488055048,Imran Ansari,HDFC,70499499343463,Ravi Kumar,ICICI,45000,CDM,cash deposit
T0000069,2026-02-05 07:31:27,039828649643,Shabana Dubey,AXIS,35112204147,Zubair Jain,ICICI,3308,UPI,
T0001426,2026-02-05 08:00:00,70499499343463,Ravi Kumar,ICICI,52554550767732,Skyline Infra Ventures Pvt Ltd,AXIS,231830.0,RTGS,consultancy fee
T0001089,2026-02-05 08:29:12,02043849865,Mahesh Sawant,SBI,500160303214,Manoj Pillai,KOTAK,4680,IMPS,shopping
T0001332,2026-02-05 10:22:03,433614939807,Irfan Singh,HDFC,500160303214,Manoj Pillai,KOTAK,1288,NEFT,bill
T0000464,2026-02-05 11:16:29,074347242223,Manoj Pandey,BOB,012769073620,Nitin Pawar,AXIS,2024,UPI,gift
T0001200,2026-02-05 11:53:40,24942720935365,Farhan Qureshi,BOB,069194169832,Kavita Kamble,HDFC,9221,NEFT,rent
T0000677,2026-02-05 12:02:50,97696240122,Tariq Kulkarni,AXIS,76191714926,Sachin Nair,AXIS,35990,NEFT,rent
T0000483,2026-02-05 12:05:45,777625659668,Melwyn Kaur,HDFC,86017293030,Usha Ansari,KOTAK,4579,IMPS,shopping
T0000475,2026-02-05 12:20:10,296578084488,Savio Kamble,AXIS,480455297373,Meena D'Souza,SBI,19632,NEFT,bill
T0001126,2026-02-05 12:39:09,36460355458,Melwyn Nair,KOTAK,802540435528,Kavita Menon,ICICI,893,UPI,salary
T0000920,2026-02-05 14:18:53,49069208732489,Melwyn Shah,BOB,89058180770725,Prakash Sawant,AXIS,7025,IMPS,bill
T0000034,2026-02-05 15:20:59,63660129995,Amit Joshi,SBI,64239499288,Vijay Pathan,SBI,21213,UPI,gift
T0000430,2026-02-05 15:29:34,66633413233,Santosh Khan,SBI,36460355458,Melwyn Nair,KOTAK,802,IMPS,rent
T0001444,2026-02-05 16:00:00,20115633544300,Suresh Gaikwad,HDFC,52554550767732,Skyline Infra Ventures Pvt Ltd,AXIS,188665.0,RTGS,consultancy fee
T0001015,2026-02-05 16:38:43,012865108110,Karan Pillai,KOTAK,693456768757,Harpreet Memon,KOTAK,4754,NEFT,rent
T0000144,2026-02-05 17:26:49,64239499288,Vijay Pathan,SBI,66633413233,Santosh Khan,SBI,4292,NEFT,shopping
T0000758,2026-02-05 19:24:51,34051331503875,Simran Shah,AXIS,012769073620,Nitin Pawar,AXIS,20086,UPI,shopping
T0001432,2026-02-05 22:00:00,66959325415,Anita Shinde,BOB,52554550767732,Skyline Infra Ventures Pvt Ltd,AXIS,229405.0,RTGS,consultancy fee
T0000513,2026-02-06 07:00:41,65927486954424,Vijay Patil,KOTAK,64239499288,Vijay Pathan,SBI,1663,NEFT,loan
T0001317,2026-02-06 07:11:31,154194361524,Francis More,SBI,65142908369,Meena Rodrigues,HDFC,7651,NEFT,salary
T0001445,2026-02-06 08:00:00,52554550767732,Skyline Infra Ventures Pvt Ltd,AXIS,28379390395594,Jain Bullion & Traders,HDFC,881322.6,RTGS,purchase of goods
T0000887,2026-02-06 10:10:02,52754957354,Rahul Salunkhe,BOB,433614939807,Irfan Singh,HDFC,9403,UPI,bill
T0001142,2026-02-06 10:43:57,133227518056,Kavita Memon,BOB,480455297373,Meena D'Souza,SBI,10775,NEFT,loan
T0000436,2026-02-06 10:45:30,95574642784640,Sachin Sayed,KOTAK,36460355458,Melwyn Nair,KOTAK,1250,IMPS,
T0000534,2026-02-06 15:21:36,63735786625989,Anjali Jain,SBI,08213336805,Pooja Shinde,ICICI,2518,IMPS,shopping
T0001446,2026-02-06 16:00:00,28379390395594,Jain Bullion & Traders,HDFC,79256608510,Mehta Realty LLP,KOTAK,834937.2,RTGS,advance booking - Sky Residency
T0001050,2026-02-06 17:15:16,97696240122,Tariq Kulkarni,AXIS,37385473560588,Manoj Pathan,HDFC,2697,UPI,salary
T0000498,2026-02-06 18:19:43,480455297373,Meena D'Souza,SBI,697114719267,Vivaan Deshmukh,ICICI,3937,UPI,salary
T0001223,2026-02-06 18:35:14,08219131027,Prakash Joshi,HDFC,154194361524,Francis More,SBI,1826,IMPS,rent
T0000068,2026-02-06 21:35:15,161549554077,Ganesh Kaur,AXIS,37385473560588,Manoj Pathan,HDFC,2217,UPI,salary
T0001172,2026-02-07 07:01:09,64239499288,Vijay Pathan,SBI,06088010423,Michael Kulkarni,SBI,1779,NEFT,food
T0000913,2026-02-07 07:22:38,93109576525824,Nikhil Yadav,SBI,161549554077,Ganesh Kaur,AXIS,4199,NEFT,food
T0000654,2026-02-07 07:55:40,440445477896,Naresh Memon,KOTAK,74508478113612,Deepika Menon,HDFC,3480,UPI,gift
T0000837,2026-02-07 08:30:13,24942720935365,Farhan Qureshi,BOB,52754957354,Rahul Salunkhe,BOB,600,UPI,gift
T0000381,2026-02-07 11:28:32,14019074419368,Sanjay Pathan,AXIS,012769073620,Nitin Pawar,AXIS,4129,UPI,gift
T0001392,2026-02-07 12:09:38,97696240122,Tariq Kulkarni,AXIS,37385473560588,Manoj Pathan,HDFC,4043,IMPS,salary
T0001447,2026-02-07 14:00:00,79256608510,Mehta Realty LLP,KOTAK,87760978738002,Kiran Patel,BOB,371083.2,RTGS,investor payout
T0001045,2026-02-07 14:46:33,37385473560588,Manoj Pathan,HDFC,97696240122,Tariq Kulkarni,AXIS,774,IMPS,salary
T0001152,2026-02-07 15:51:56,161549554077,Ganesh Kaur,AXIS,645915219459,Junaid Jain,SBI,3795,NEFT,rent
T0001508,2026-02-07 16:06:57,76021903463,Mahesh Jain,AXIS,84026309246391,Rafiq Sheikh,KOTAK,94653,NEFT,loan repayment
T0000739,2026-02-07 16:33:54,85500709922653,Lata Kadam,ICICI,494994551025,Tariq Sharma,KOTAK,3890,UPI,loan
T0000160,2026-02-07 19:12:17,89058180770725,Prakash Sawant,AXIS,49069208732489,Melwyn Shah,BOB,2119,IMPS,salary
T0000201,2026-02-07 19:37:07,012865108110,Karan Pillai,KOTAK,31141778128,Joseph Chavan,HDFC,4273,NEFT,rent
T0000159,2026-02-07 20:27:51,918233276921,Farhan Jain,AXIS,14019074419368,Sanjay Pathan,AXIS,29091,IMPS,
T0000332,2026-02-07 20:38:35,86017293030,Usha Ansari,KOTAK,057301262000,Prakash Tiwari,AXIS,4605,IMPS,shopping
T0000123,2026-02-07 21:31:01,31141778128,Joseph Chavan,HDFC,37385473560588,Manoj Pathan,HDFC,17381,NEFT,salary
T0000993,2026-02-07 21:56:01,929571000332,Pooja Mishra,HDFC,36460355458,Melwyn Nair,KOTAK,1213,NEFT,loan
T0000261,2026-02-08 07:07:38,142793348429,Francis Kaur,BOB,97696240122,Tariq Kulkarni,AXIS,15559,IMPS,salary
T0000612,2026-02-08 09:07:53,65142908369,Meena Rodrigues,HDFC,08213336805,Pooja Shinde,ICICI,562,IMPS,salary
T0000690,2026-02-08 09:11:24,751195185598,Sanjay Iyer,ICICI,142793348429,Francis Kaur,BOB,1368,UPI,bill
T0000568,2026-02-08 11:34:20,823945661629,Priyanka Jadhav,ICICI,900013807410,Nikhil Kulkarni,AXIS,30006,UPI,gift
T0000855,2026-02-08 11:35:06,65927486954424,Vijay Patil,KOTAK,24942720935365,Farhan Qureshi,BOB,18590,UPI,salary
T0000781,2026-02-08 11:55:37,751195185598,Sanjay Iyer,ICICI,81623041254967,Joseph Shah,SBI,31585,UPI,shopping
T0000575,2026-02-08 15:51:39,76191714926,Sachin Nair,AXIS,774566430878,Karan Tiwari,ICICI,3085,NEFT,rent
T0001348,2026-02-08 17:05:34,81623041254967,Joseph Shah,SBI,823945661629,Priyanka Jadhav,ICICI,1719,UPI,loan
T0000599,2026-02-08 18:25:44,52754957354,Rahul Salunkhe,BOB,24942720935365,Farhan Qureshi,BOB,18479,IMPS,food
T0001523,2026-02-08 19:05:57,66186311139,Salim Qureshi,ICICI,03709511881,Naik Cargo Movers Pvt Ltd,ICICI,276674,RTGS,transport
T0000225,2026-02-08 19:08:50,08219131027,Prakash Joshi,HDFC,039828649643,Shabana Dubey,AXIS,4053,UPI,
T0000073,2026-02-08 19:37:08,34051331503875,Simran Shah,AXIS,012769073620,Nitin Pawar,AXIS,4052,NEFT,food
T0000408,2026-02-08 20:23:33,24942720935365,Farhan Qureshi,BOB,85500709922653,Lata Kadam,ICICI,1094,NEFT,rent
T0000990,2026-02-08 20:58:07,472152454044,Vijay Gaikwad,AXIS,37104794793,Tariq Dubey,BOB,12326,UPI,
T0001131,2026-02-08 22:26:54,296578084488,Savio Kamble,AXIS,480455297373,Meena D'Souza,SBI,38045,UPI,shopping
T0000680,2026-02-08 22:37:21,76191714926,Sachin Nair,AXIS,598626866231,Rohan Mishra,HDFC,12172,UPI,gift
T0001246,2026-02-09 10:26:11,49069208732489,Melwyn Shah,BOB,328768438416,Francis Mhatre,SBI,2656,NEFT,food
T0001082,2026-02-09 11:22:31,94125935585,Umesh Tiwari,KOTAK,64239499288,Vijay Pathan,SBI,3780,IMPS,shopping
T0000396,2026-02-09 11:38:19,86017293030,Usha Ansari,KOTAK,777625659668,Melwyn Kaur,HDFC,31180,UPI,
T0000573,2026-02-09 11:56:48,63735786625989,Anjali Jain,SBI,94125935585,Umesh Tiwari,KOTAK,976,UPI,
T0000640,2026-02-09 14:52:50,751195185598,Sanjay Iyer,ICICI,64239499288,Vijay Pathan,SBI,3537,NEFT,gift
T0000908,2026-02-09 15:24:38,74508478113612,Deepika Menon,HDFC,593166881925,Santosh Shinde,AXIS,13409,IMPS,
T0000431,2026-02-09 16:27:30,76191714926,Sachin Nair,AXIS,64239499288,Vijay Pathan,SBI,34396,IMPS,
T0001296,2026-02-09 17:24:52,02043849865,Mahesh Sawant,SBI,774566430878,Karan Tiwari,ICICI,3536,NEFT,salary
T0000226,2026-02-09 18:53:48,697114719267,Vivaan Deshmukh,ICICI,79209882490043,Sameer Memon,BOB,10172,UPI,rent
T0000117,2026-02-09 20:09:59,328768438416,Francis Mhatre,SBI,069194169832,Kavita Kamble,HDFC,1054,NEFT,bill
T0000875,2026-02-09 20:51:09,693456768757,Harpreet Memon,KOTAK,36460355458,Melwyn Nair,KOTAK,12531,NEFT,loan
T0000247,2026-02-09 21:46:14,900013807410,Nikhil Kulkarni,AXIS,31141778128,Joseph Chavan,HDFC,2355,UPI,salary
T0000957,2026-02-09 22:27:26,433614939807,Irfan Singh,HDFC,069194169832,Kavita Kamble,HDFC,2729,NEFT,bill
T0000637,2026-02-10 07:15:30,039828649643,Shabana Dubey,AXIS,52636956382792,Ganesh Patil,AXIS,3958,UPI,
T0001333,2026-02-10 08:17:53,49069208732489,Melwyn Shah,BOB,89058180770725,Prakash Sawant,AXIS,1858,IMPS,food
T0000510,2026-02-10 14:15:47,64239499288,Vijay Pathan,SBI,074347242223,Manoj Pandey,BOB,16453,NEFT,gift
T0000182,2026-02-10 14:44:26,751195185598,Sanjay Iyer,ICICI,81623041254967,Joseph Shah,SBI,1717,IMPS,rent
T0000533,2026-02-10 15:52:33,26080784998,Shabana More,HDFC,31141778128,Joseph Chavan,HDFC,14934,NEFT,shopping
T0000482,2026-02-10 17:49:22,79209882490043,Sameer Memon,BOB,49069208732489,Melwyn Shah,BOB,2875,NEFT,gift
T0000010,2026-02-10 18:57:21,850899727502,Simran Kadam,KOTAK,64239499288,Vijay Pathan,SBI,2571,UPI,
T0000566,2026-02-10 19:01:15,918233276921,Farhan Jain,AXIS,774566430878,Karan Tiwari,ICICI,24234,NEFT,
T0000661,2026-02-10 19:15:29,85500709922653,Lata Kadam,ICICI,494994551025,Tariq Sharma,KOTAK,17221,NEFT,gift
T0000230,2026-02-10 19:46:04,65763270177250,Peter Kamble,SBI,412616498311,Aarav Mhatre,BOB,7686,UPI,salary
T0001024,2026-02-10 20:59:27,328768438416,Francis Mhatre,SBI,154194361524,Francis More,SBI,24670,UPI,
T0001410,2026-02-10 22:07:37,10642738686,Mahesh Jain,ICICI,64239499288,Vijay Pathan,SBI,32045,NEFT,salary
T0000500,2026-02-10 22:37:17,08219131027,Prakash Joshi,HDFC,37385473560588,Manoj Pathan,HDFC,7831,NEFT,salary
T0000173,2026-02-11 07:12:37,165603869662,Simran Kamble,BOB,328768438416,Francis Mhatre,SBI,4506,NEFT,bill
T0000948,2026-02-11 08:14:34,165603869662,Simran Kamble,BOB,012865108110,Karan Pillai,KOTAK,34664,UPI,
T0001413,2026-02-11 08:35:36,10642738686,Mahesh Jain,ICICI,08213336805,Pooja Shinde,ICICI,16174,NEFT,salary
T0000969,2026-02-11 08:53:54,412616498311,Aarav Mhatre,BOB,069194169832,Kavita Kamble,HDFC,4728,NEFT,rent
T0001363,2026-02-11 09:55:23,76191714926,Sachin Nair,AXIS,598626866231,Rohan Mishra,HDFC,37122,IMPS,food
T0001130,2026-02-11 10:47:37,28110603535,Savio Naik,ICICI,593166881925,Santosh Shinde,AXIS,28212,UPI,rent
T0001368,2026-02-11 14:37:59,697114719267,Vivaan Deshmukh,ICICI,74508478113612,Deepika Menon,HDFC,679,UPI,rent
T0001155,2026-02-11 16:59:11,14019074419368,Sanjay Pathan,AXIS,296578084488,Savio Kamble,AXIS,27352,IMPS,gift
T0000361,2026-02-11 18:51:11,133227518056,Kavita Memon,BOB,777625659668,Melwyn Kaur,HDFC,1609,NEFT,
T0000506,2026-02-11 20:38:01,36460355458,Melwyn Nair,KOTAK,94125935585,Umesh Tiwari,KOTAK,1591,UPI,rent
T0001124,2026-02-11 20:43:58,494994551025,Tariq Sharma,KOTAK,165603869662,Simran Kamble,BOB,24525,UPI,
T0000570,2026-02-11 21:18:26,24942720935365,Farhan Qureshi,BOB,08219131027,Prakash Joshi,HDFC,18883,IMPS,salary
T0000062,2026-02-11 22:40:31,63735786625989,Anjali Jain,SBI,598626866231,Rohan Mishra,HDFC,20426,IMPS,food
T0001019,2026-02-11 22:56:26,14019074419368,Sanjay Pathan,AXIS,95574642784640,Sachin Sayed,KOTAK,2884,NEFT,salary
T0001263,2026-02-12 08:47:28,500160303214,Manoj Pillai,KOTAK,012865108110,Karan Pillai,KOTAK,2780,NEFT,gift
T0000658,2026-02-12 12:31:26,06088010423,Michael Kulkarni,SBI,52636956382792,Ganesh Patil,AXIS,2807,UPI,shopping
T0000514,2026-02-12 13:18:12,31141778128,Joseph Chavan,HDFC,63735786625989,Anjali Jain,SBI,956,UPI,food
T0001134,2026-02-12 14:11:44,76191714926,Sachin Nair,AXIS,35112204147,Zubair Jain,ICICI,4785,IMPS,rent
T0000999,2026-02-12 14:58:06,63660129995,Amit Joshi,SBI,49069208732489,Melwyn Shah,BOB,4592,UPI,shopping
T0000876,2026-02-12 15:30:08,26080784998,Shabana More,HDFC,31141778128,Joseph Chavan,HDFC,3533,UPI,gift
T0001281,2026-02-12 15:53:53,24942720935365,Farhan Qureshi,BOB,74508478113612,Deepika Menon,HDFC,538,NEFT,
T0000954,2026-02-12 16:14:31,02043849865,Mahesh Sawant,SBI,94125935585,Umesh Tiwari,KOTAK,4563,NEFT,gift
T0000079,2026-02-12 19:18:19,823945661629,Priyanka Jadhav,ICICI,81623041254967,Joseph Shah,SBI,38903,IMPS,rent
T0000477,2026-02-12 19:32:21,823945661629,Priyanka Jadhav,ICICI,929571000332,Pooja Mishra,HDFC,2136,IMPS,loan
T0000390,2026-02-12 21:36:35,069194169832,Kavita Kamble,HDFC,751195185598,Sanjay Iyer,ICICI,2159,UPI,shopping
T0000520,2026-02-12 22:41:32,65763270177250,Peter Kamble,SBI,693456768757,Harpreet Memon,KOTAK,21842,UPI,gift
T0000129,2026-02-13 07:12:44,86017293030,Usha Ansari,KOTAK,777625659668,Melwyn Kaur,HDFC,4239,UPI,food
T0000992,2026-02-13 07:45:14,24942720935365,Farhan Qureshi,BOB,069194169832,Kavita Kamble,HDFC,22343,UPI,gift
T0001308,2026-02-13 07:46:28,142793348429,Francis Kaur,BOB,79209882490043,Sameer Memon,BOB,2174,UPI,shopping
T0000448,2026-02-13 09:28:42,296578084488,Savio Kamble,AXIS,823945661629,Priyanka Jadhav,ICICI,1638,UPI,gift
T0000702,2026-02-13 14:17:34,35112204147,Zubair Jain,ICICI,645915219459,Junaid Jain,SBI,7511,UPI,rent
T0000127,2026-02-13 15:40:17,057301262000,Prakash Tiwari,AXIS,693456768757,Harpreet Memon,KOTAK,16424,UPI,food
T0000017,2026-02-13 18:40:27,593166881925,Santosh Shinde,AXIS,28110603535,Savio Naik,ICICI,655,UPI,
T0000176,2026-02-14 07:14:19,36460355458,Melwyn Nair,KOTAK,929571000332,Pooja Mishra,HDFC,38860,IMPS,loan
T0000342,2026-02-14 08:18:50,08213336805,Pooja Shinde,ICICI,074347242223,Manoj Pandey,BOB,2647,IMPS,gift
T0000955,2026-02-14 08:49:15,074347242223,Manoj Pandey,BOB,97696240122,Tariq Kulkarni,AXIS,1721,IMPS,
T0001230,2026-02-14 09:32:05,057301262000,Prakash Tiwari,AXIS,774566430878,Karan Tiwari,ICICI,3575,IMPS,loan
T0001153,2026-02-14 11:46:13,64239499288,Vijay Pathan,SBI,65927486954424,Vijay Patil,KOTAK,24728,UPI,salary
T0000893,2026-02-14 14:29:48,693456768757,Harpreet Memon,KOTAK,697114719267,Vivaan Deshmukh,ICICI,4996,UPI,food
T0000889,2026-02-14 14:47:57,154194361524,Francis More,SBI,31141778128,Joseph Chavan,HDFC,1584,UPI,loan
T0000580,2026-02-14 14:57:31,012769073620,Nitin Pawar,AXIS,693456768757,Harpreet Memon,KOTAK,1392,UPI,loan
T0000293,2026-02-14 15:03:30,777625659668,Melwyn Kaur,HDFC,850899727502,Simran Kadam,KOTAK,1080,NEFT,
T0001389,2026-02-14 17:06:25,039828649643,Shabana Dubey,AXIS,774566430878,Karan Tiwari,ICICI,5212,UPI,loan
T0000369,2026-02-14 19:15:01,02043849865,Mahesh Sawant,SBI,918233276921,Farhan Jain,AXIS,568,NEFT,
T0000037,2026-02-14 22:24:44,66633413233,Santosh Khan,SBI,328768438416,Francis Mhatre,SBI,15029,IMPS,shopping
T0001022,2026-02-14 22:26:59,850899727502,Simran Kadam,KOTAK,777625659668,Melwyn Kaur,HDFC,817,UPI,bill
T0000706,2026-02-15 09:38:36,34051331503875,Simran Shah,AXIS,900013807410,Nikhil Kulkarni,AXIS,36079,IMPS,
T0000190,2026-02-15 09:55:36,440445477896,Naresh Memon,KOTAK,74508478113612,Deepika Menon,HDFC,33896,UPI,loan
T0000832,2026-02-15 10:35:51,36460355458,Melwyn Nair,KOTAK,802540435528,Kavita Menon,ICICI,1245,IMPS,food
T0001064,2026-02-15 11:05:03,693456768757,Harpreet Memon,KOTAK,26080784998,Shabana More,HDFC,865,IMPS,
T0000958,2026-02-15 11:10:06,494994551025,Tariq Sharma,KOTAK,929571000332,Pooja Mishra,HDFC,1455,UPI,bill
T0000137,2026-02-15 11:36:31,500160303214,Manoj Pillai,KOTAK,929571000332,Pooja Mishra,HDFC,33730,NEFT,salary
T0000259,2026-02-15 11:48:51,26080784998,Shabana More,HDFC,069194169832,Kavita Kamble,HDFC,4181,NEFT,gift
T0000169,2026-02-15 14:26:32,774566430878,Karan Tiwari,ICICI,02043849865,Mahesh Sawant,SBI,32926,IMPS,rent
T0001399,2026-02-15 14:39:22,52901494841638,Vikram Naik,AXIS,93109576525824,Nikhil Yadav,SBI,23322,NEFT,salary
T0000249,2026-02-15 16:08:59,900013807410,Nikhil Kulkarni,AXIS,34051331503875,Simran Shah,AXIS,5464,UPI,
T0000800,2026-02-15 16:43:08,24942720935365,Farhan Qureshi,BOB,74508478113612,Deepika Menon,HDFC,29113,UPI,
T0000961,2026-02-15 21:36:13,63660129995,Amit Joshi,SBI,94125935585,Umesh Tiwari,KOTAK,37603,IMPS,shopping
T0000140,2026-02-15 21:43:23,49069208732489,Melwyn Shah,BOB,89058180770725,Prakash Sawant,AXIS,914,UPI,food
T0000572,2026-02-15 22:18:04,777625659668,Melwyn Kaur,HDFC,929571000332,Pooja Mishra,HDFC,14879,NEFT,loan
T0000403,2026-02-15 22:24:24,31141778128,Joseph Chavan,HDFC,472152454044,Vijay Gaikwad,AXIS,1901,UPI,
T0000871,2026-02-16 07:55:00,64239499288,Vijay Pathan,SBI,36460355458,Melwyn Nair,KOTAK,457,NEFT,loan
T0000636,2026-02-16 08:02:32,296578084488,Savio Kamble,AXIS,31141778128,Joseph Chavan,HDFC,18905,UPI,
T0000732,2026-02-16 10:45:55,165603869662,Simran Kamble,BOB,97696240122,Tariq Kulkarni,AXIS,1965,UPI,
T0000264,2026-02-16 12:38:06,65927486954424,Vijay Patil,KOTAK,480455297373,Meena D'Souza,SBI,3850,UPI,shopping
T0000268,2026-02-16 14:05:14,645915219459,Junaid Jain,SBI,35112204147,Zubair Jain,ICICI,3352,UPI,rent
T0000872,2026-02-16 14:05:48,26080784998,Shabana More,HDFC,31141778128,Joseph Chavan,HDFC,4349,IMPS,shopping
T0000842,2026-02-16 14:11:09,35112204147,Zubair Jain,ICICI,645915219459,Junaid Jain,SBI,541,UPI,gift
T0001273,2026-02-16 14:59:27,52754957354,Rahul Salunkhe,BOB,97696240122,Tariq Kulkarni,AXIS,1687,IMPS,rent
T0001144,2026-02-16 15:59:09,93109576525824,Nikhil Yadav,SBI,598626866231,Rohan Mishra,HDFC,18149,UPI,rent
T0000303,2026-02-16 16:44:48,500160303214,Manoj Pillai,KOTAK,26080784998,Shabana More,HDFC,2406,UPI,
T0000016,2026-02-16 18:29:16,524287935222,Nikhil Qureshi,SBI,31141778128,Joseph Chavan,HDFC,902,NEFT,loan
T0000833,2026-02-17 07:31:27,057301262000,Prakash Tiwari,AXIS,65763270177250,Peter Kamble,SBI,17789,IMPS,
T0000207,2026-02-17 08:22:20,900013807410,Nikhil Kulkarni,AXIS,697114719267,Vivaan Deshmukh,ICICI,6280,NEFT,
T0000110,2026-02-17 08:39:25,433614939807,Irfan Singh,HDFC,52754957354,Rahul Salunkhe,BOB,11486,IMPS,loan
T0000757,2026-02-17 09:42:37,34051331503875,Simran Shah,AXIS,412616498311,Aarav Mhatre,BOB,4382,IMPS,gift
T0001409,2026-02-17 11:35:23,10642738686,Mahesh Jain,ICICI,74508478113612,Deepika Menon,HDFC,28864,NEFT,salary
T0001525,2026-02-17 13:07:32,66186311139,Salim Qureshi,ICICI,03709511881,Naik Cargo Movers Pvt Ltd,ICICI,270611,RTGS,transport
T0001090,2026-02-17 15:29:07,751195185598,Sanjay Iyer,ICICI,81623041254967,Joseph Shah,SBI,3006,IMPS,bill
T0000866,2026-02-17 20:05:17,777625659668,Melwyn Kaur,HDFC,74508478113612,Deepika Menon,HDFC,21957,NEFT,loan
T0000407,2026-02-17 21:08:29,494994551025,Tariq Sharma,KOTAK,296578084488,Savio Kamble,AXIS,4521,IMPS,loan
T0000789,2026-02-17 22:24:11,012769073620,Nitin Pawar,AXIS,34051331503875,Simran Shah,AXIS,989,UPI,bill
T0001013,2026-02-17 22:57:34,74508478113612,Deepika Menon,HDFC,63660129995,Amit Joshi,SBI,5101,UPI,loan
T0001057,2026-02-18 08:28:33,069194169832,Kavita Kamble,HDFC,328768438416,Francis Mhatre,SBI,949,UPI,salary
T0000907,2026-02-18 10:30:01,154194361524,Francis More,SBI,08219131027,Prakash Joshi,HDFC,4837,UPI,loan
T0001342,2026-02-18 11:02:04,774566430878,Karan Tiwari,ICICI,057301262000,Prakash Tiwari,AXIS,766,UPI,bill
T0000628,2026-02-18 11:59:04,14019074419368,Sanjay Pathan,AXIS,93109576525824,Nikhil Yadav,SBI,36461,UPI,shopping
T0000031,2026-02-18 12:21:33,850899727502,Simran Kadam,KOTAK,472152454044,Vijay Gaikwad,AXIS,23046,NEFT,food
T0000208,2026-02-18 13:57:20,593166881925,Santosh Shinde,AXIS,74508478113612,Deepika Menon,HDFC,20500,NEFT,gift
T0000799,2026-02-18 14:48:08,74508478113612,Deepika Menon,HDFC,93109576525824,Nikhil Yadav,SBI,1707,NEFT,shopping
T0000841,2026-02-18 15:18:28,777625659668,Melwyn Kaur,HDFC,36460355458,Melwyn Nair,KOTAK,12400,NEFT,
T0000101,2026-02-18 15:19:27,35112204147,Zubair Jain,ICICI,039828649643,Shabana Dubey,AXIS,28895,UPI,shopping
T0000439,2026-02-18 17:52:12,154194361524,Francis More,SBI,65142908369,Meena Rodrigues,HDFC,4473,NEFT,loan
T0001406,2026-02-18 17:53:31,353869342128,Rakesh Mehta,KOTAK,36460355458,Melwyn Nair,KOTAK,33039,NEFT,salary
T0000749,2026-02-18 19:20:27,14019074419368,Sanjay Pathan,AXIS,93109576525824,Nikhil Yadav,SBI,19001,UPI,bill
T0001229,2026-02-18 19:59:34,777625659668,Melwyn Kaur,HDFC,133227518056,Kavita Memon,BOB,35959,UPI,rent
T0001003,2026-02-19 08:12:14,08219131027,Prakash Joshi,HDFC,598626866231,Rohan Mishra,HDFC,38665,NEFT,shopping
T0001233,2026-02-19 08:46:08,93109576525824,Nikhil Yadav,SBI,802540435528,Kavita Menon,ICICI,2696,UPI,
T0000139,2026-02-19 09:12:57,012865108110,Karan Pillai,KOTAK,012769073620,Nitin Pawar,AXIS,1718,UPI,salary
T0001417,2026-02-19 09:38:21,04320423681302,Priya Deshmukh,KOTAK,850899727502,Simran Kadam,KOTAK,19404,NEFT,salary
T0001352,2026-02-19 11:11:24,133227518056,Kavita Memon,BOB,524287935222,Nikhil Qureshi,SBI,4958,UPI,gift
T0001094,2026-02-19 11:14:04,65763270177250,Peter Kamble,SBI,65927486954424,Vijay Patil,KOTAK,1231,UPI,rent
T0001259,2026-02-19 11:59:20,79209882490043,Sameer Memon,BOB,697114719267,Vivaan Deshmukh,ICICI,3249,NEFT,bill
T0000199,2026-02-19 12:30:29,95574642784640,Sachin Sayed,KOTAK,598626866231,Rohan Mishra,HDFC,25343,NEFT,bill
T0000973,2026-02-19 14:00:30,64239499288,Vijay Pathan,SBI,94125935585,Umesh Tiwari,KOTAK,4627,IMPS,food
T0000413,2026-02-19 18:33:02,49069208732489,Melwyn Shah,BOB,751195185598,Sanjay Iyer,ICICI,546,IMPS,
T0000184,2026-02-19 18:40:21,52636956382792,Ganesh Patil,AXIS,95574642784640,Sachin Sayed,KOTAK,4389,UPI,rent
T0000175,2026-02-19 19:03:41,06088010423,Michael Kulkarni,SBI,34051331503875,Simran Shah,AXIS,555,NEFT,loan
T0001165,2026-02-19 19:31:30,31141778128,Joseph Chavan,HDFC,26080784998,Shabana More,HDFC,8078,UPI,shopping
T0001186,2026-02-19 20:40:10,85500709922653,Lata Kadam,ICICI,494994551025,Tariq Sharma,KOTAK,500,NEFT,bill
T0001224,2026-02-19 20:43:52,65927486954424,Vijay Patil,KOTAK,08213336805,Pooja Shinde,ICICI,35855,IMPS,gift
T0001002,2026-02-19 20:54:08,133227518056,Kavita Memon,BOB,81623041254967,Joseph Shah,SBI,26899,NEFT,gift
T0001214,2026-02-19 22:01:20,63660129995,Amit Joshi,SBI,66633413233,Santosh Khan,SBI,14949,IMPS,salary
T0000195,2026-02-19 22:53:28,79209882490043,Sameer Memon,BOB,645915219459,Junaid Jain,SBI,1710,UPI,bill
T0000094,2026-02-20 09:33:01,14019074419368,Sanjay Pathan,AXIS,154194361524,Francis More,SBI,37988,UPI,bill
T0001103,2026-02-20 11:44:56,494994551025,Tariq Sharma,KOTAK,929571000332,Pooja Mishra,HDFC,10677,NEFT,food
T0000836,2026-02-20 12:18:43,823945661629,Priyanka Jadhav,ICICI,28110603535,Savio Naik,ICICI,1113,UPI,salary
T0001125,2026-02-20 14:09:28,35112204147,Zubair Jain,ICICI,494994551025,Tariq Sharma,KOTAK,14191,IMPS,loan
T0001063,2026-02-20 14:37:35,412616498311,Aarav Mhatre,BOB,79209882490043,Sameer Memon,BOB,1553,IMPS,rent
T0001241,2026-02-20 15:48:13,08213336805,Pooja Shinde,ICICI,14019074419368,Sanjay Pathan,AXIS,34070,UPI,rent
T0000014,2026-02-20 16:27:10,165603869662,Simran Kamble,BOB,85500709922653,Lata Kadam,ICICI,1778,IMPS,food
T0000348,2026-02-20 18:05:23,433614939807,Irfan Singh,HDFC,524287935222,Nikhil Qureshi,SBI,17450,NEFT,rent
T0001322,2026-02-20 18:19:59,65763270177250,Peter Kamble,SBI,057301262000,Prakash Tiwari,AXIS,24128,NEFT,rent
T0001068,2026-02-20 19:47:48,929571000332,Pooja Mishra,HDFC,524287935222,Nikhil Qureshi,SBI,250,NEFT,salary
T0001110,2026-02-20 19:50:47,79209882490043,Sameer Memon,BOB,02043849865,Mahesh Sawant,SBI,17158,UPI,rent
T0000768,2026-02-20 21:39:53,133227518056,Kavita Memon,BOB,81623041254967,Joseph Shah,SBI,1795,UPI,food
T0000835,2026-02-21 07:07:54,039828649643,Shabana Dubey,AXIS,823945661629,Priyanka Jadhav,ICICI,1318,UPI,shopping
T0000128,2026-02-21 08:22:33,074347242223,Manoj Pandey,BOB,472152454044,Vijay Gaikwad,AXIS,34448,UPI,salary
T0001122,2026-02-21 08:45:24,593166881925,Santosh Shinde,AXIS,900013807410,Nikhil Kulkarni,AXIS,7858,IMPS,
T0000476,2026-02-21 10:09:08,76191714926,Sachin Nair,AXIS,97696240122,Tariq Kulkarni,AXIS,34819,IMPS,loan
T0000364,2026-02-21 11:13:31,074347242223,Manoj Pandey,BOB,97696240122,Tariq Kulkarni,AXIS,1459,UPI,rent
T0000246,2026-02-21 14:52:04,37104794793,Tariq Dubey,BOB,66633413233,Santosh Khan,SBI,36915,NEFT,loan
T0000849,2026-02-21 15:07:03,480455297373,Meena D'Souza,SBI,65927486954424,Vijay Patil,KOTAK,2523,UPI,shopping
T0000309,2026-02-21 16:20:37,929571000332,Pooja Mishra,HDFC,697114719267,Vivaan Deshmukh,ICICI,2560,UPI,salary
T0001366,2026-02-21 16:28:54,593166881925,Santosh Shinde,AXIS,693456768757,Harpreet Memon,KOTAK,9489,UPI,bill
T0001511,2026-02-21 18:09:40,76021903463,Mahesh Jain,AXIS,84026309246391,Rafiq Sheikh,KOTAK,160795,NEFT,loan repayment
T0000816,2026-02-21 18:16:24,81623041254967,Joseph Shah,SBI,412616498311,Aarav Mhatre,BOB,2938,UPI,
T0000843,2026-02-21 20:11:48,494994551025,Tariq Sharma,KOTAK,929571000332,Pooja Mishra,HDFC,1273,UPI,bill
T0000269,2026-02-22 08:28:51,65142908369,Meena Rodrigues,HDFC,34051331503875,Simran Shah,AXIS,2787,IMPS,
T0000712,2026-02-22 17:44:38,751195185598,Sanjay Iyer,ICICI,069194169832,Kavita Kamble,HDFC,4163,NEFT,salary
T0000652,2026-02-22 21:17:01,31141778128,Joseph Chavan,HDFC,14019074419368,Sanjay Pathan,AXIS,4084,UPI,bill
T0001175,2026-02-23 09:30:37,494994551025,Tariq Sharma,KOTAK,296578084488,Savio Kamble,AXIS,440,NEFT,food
T0000319,2026-02-23 09:54:55,52754957354,Rahul Salunkhe,BOB,433614939807,Irfan Singh,HDFC,13141,IMPS,loan
T0000383,2026-02-23 13:20:49,06088010423,Michael Kulkarni,SBI,52636956382792,Ganesh Patil,AXIS,3943,UPI,rent
T0000950,2026-02-23 13:52:05,165603869662,Simran Kamble,BOB,494994551025,Tariq Sharma,KOTAK,30910,UPI,loan
T0000066,2026-02-23 13:56:22,012769073620,Nitin Pawar,AXIS,850899727502,Simran Kadam,KOTAK,36485,IMPS,salary
T0000501,2026-02-23 16:34:46,328768438416,Francis Mhatre,SBI,66633413233,Santosh Khan,SBI,4409,NEFT,shopping
T0000061,2026-02-23 18:07:38,06088010423,Michael Kulkarni,SBI,52636956382792,Ganesh Patil,AXIS,27414,IMPS,loan
T0000351,2026-02-23 19:09:54,89058180770725,Prakash Sawant,AXIS,012865108110,Karan Pillai,KOTAK,3841,NEFT,salary
T0001247,2026-02-23 19:38:36,823945661629,Priyanka Jadhav,ICICI,14019074419368,Sanjay Pathan,AXIS,9291,UPI,rent
T0001159,2026-02-23 19:46:14,49069208732489,Melwyn Shah,BOB,63660129995,Amit Joshi,SBI,7396,UPI,gift
T0000564,2026-02-23 19:51:32,49069208732489,Melwyn Shah,BOB,751195185598,Sanjay Iyer,ICICI,37459,UPI,loan
T0001062,2026-02-23 21:00:38,593166881925,Santosh Shinde,AXIS,74508478113612,Deepika Menon,HDFC,35206,NEFT,bill
T0001220,2026-02-23 21:02:38,593166881925,Santosh Shinde,AXIS,412616498311,Aarav Mhatre,BOB,843,UPI,loan
T0000384,2026-02-23 21:20:50,89058180770725,Prakash Sawant,AXIS,97696240122,Tariq Kulkarni,AXIS,11986,NEFT,shopping
T0001360,2026-02-24 08:22:43,49069208732489,Melwyn Shah,BOB,63660129995,Amit Joshi,SBI,4236,NEFT,shopping
T0000898,2026-02-24 08:26:22,918233276921,Farhan Jain,AXIS,069194169832,Kavita Kamble,HDFC,1784,IMPS,rent
T0001287,2026-02-24 09:10:01,76191714926,Sachin Nair,AXIS,35112204147,Zubair Jain,ICICI,250,NEFT,bill
T0000909,2026-02-24 11:08:39,63735786625989,Anjali Jain,SBI,328768438416,Francis Mhatre,SBI,30085,NEFT,rent
T0000451,2026-02-24 11:55:17,89058180770725,Prakash Sawant,AXIS,34051331503875,Simran Shah,AXIS,2079,UPI,bill
T0000251,2026-02-24 12:29:09,697114719267,Vivaan Deshmukh,ICICI,26080784998,Shabana More,HDFC,9417,NEFT,shopping
T0000312,2026-02-24 14:28:48,35112204147,Zubair Jain,ICICI,823945661629,Priyanka Jadhav,ICICI,19664,IMPS,bill
T0001310,2026-02-24 16:08:37,440445477896,Naresh Memon,KOTAK,28110603535,Savio Naik,ICICI,3586,IMPS,gift
T0001372,2026-02-24 19:11:07,412616498311,Aarav Mhatre,BOB,65763270177250,Peter Kamble,SBI,375,UPI,gift
T0000455,2026-02-24 20:43:17,65927486954424,Vijay Patil,KOTAK,24942720935365,Farhan Qureshi,BOB,26841,NEFT,bill
T0000737,2026-02-24 21:02:04,65763270177250,Peter Kamble,SBI,057301262000,Prakash Tiwari,AXIS,3546,UPI,salary
T0000487,2026-02-24 22:18:21,412616498311,Aarav Mhatre,BOB,64239499288,Vijay Pathan,SBI,16888,UPI,rent
T0000279,2026-02-25 08:36:52,08219131027,Prakash Joshi,HDFC,823945661629,Priyanka Jadhav,ICICI,39167,UPI,shopping
T0000964,2026-02-25 08:47:19,057301262000,Prakash Tiwari,AXIS,693456768757,Harpreet Memon,KOTAK,11838,UPI,bill
T0001388,2026-02-25 10:33:06,645915219459,Junaid Jain,SBI,14019074419368,Sanjay Pathan,AXIS,32199,IMPS,bill
T0000594,2026-02-25 10:50:59,02043849865,Mahesh Sawant,SBI,49069208732489,Melwyn Shah,BOB,1258,NEFT,loan
T0001197,2026-02-25 11:16:37,929571000332,Pooja Mishra,HDFC,480455297373,Meena D'Souza,SBI,1934,UPI,gift
T0001412,2026-02-25 11:46:20,10642738686,Mahesh Jain,ICICI,85500709922653,Lata Kadam,ICICI,14706,NEFT,salary
T0000284,2026-02-25 12:51:23,81623041254967,Joseph Shah,SBI,012769073620,Nitin Pawar,AXIS,7022,IMPS,bill
T0001351,2026-02-25 12:55:28,06088010423,Michael Kulkarni,SBI,52636956382792,Ganesh Patil,AXIS,11818,UPI,bill
T0001150,2026-02-25 13:40:30,412616498311,Aarav Mhatre,BOB,08213336805,Pooja Shinde,ICICI,3340,UPI,
T0000856,2026-02-25 15:17:03,440445477896,Naresh Memon,KOTAK,74508478113612,Deepika Menon,HDFC,12056,UPI,
T0000715,2026-02-25 16:33:06,074347242223,Manoj Pandey,BOB,64239499288,Vijay Pathan,SBI,20504,IMPS,gift
T0000616,2026-02-25 17:04:35,929571000332,Pooja Mishra,HDFC,500160303214,Manoj Pillai,KOTAK,3525,UPI,shopping
T0000537,2026-02-25 19:11:53,65927486954424,Vijay Patil,KOTAK,97696240122,Tariq Kulkarni,AXIS,27215,UPI,salary
T0000540,2026-02-25 19:16:08,012865108110,Karan Pillai,KOTAK,97696240122,Tariq Kulkarni,AXIS,17339,UPI,rent
T0001105,2026-02-25 20:26:53,900013807410,Nikhil Kulkarni,AXIS,296578084488,Savio Kamble,AXIS,2277,UPI,food
T0000724,2026-02-25 22:31:59,97696240122,Tariq Kulkarni,AXIS,37385473560588,Manoj Pathan,HDFC,4457,UPI,food
T0000576,2026-02-25 22:38:48,74508478113612,Deepika Menon,HDFC,24942720935365,Farhan Qureshi,BOB,15807,UPI,rent
T0000552,2026-02-25 22:45:32,65927486954424,Vijay Patil,KOTAK,480455297373,Meena D'Souza,SBI,15184,UPI,food
T0000272,2026-02-26 08:54:28,296578084488,Savio Kamble,AXIS,823945661629,Priyanka Jadhav,ICICI,14656,NEFT,shopping
T0001295,2026-02-26 10:52:58,900013807410,Nikhil Kulkarni,AXIS,751195185598,Sanjay Iyer,ICICI,4827,UPI,shopping
T0001339,2026-02-26 11:29:45,440445477896,Naresh Memon,KOTAK,52754957354,Rahul Salunkhe,BOB,10119,UPI,salary
T0000320,2026-02-26 12:14:40,693456768757,Harpreet Memon,KOTAK,012769073620,Nitin Pawar,AXIS,33375,UPI,food
T0001012,2026-02-26 12:38:08,802540435528,Kavita Menon,ICICI,63735786625989,Anjali Jain,SBI,3282,NEFT,food
T0000635,2026-02-26 14:42:35,645915219459,Junaid Jain,SBI,14019074419368,Sanjay Pathan,AXIS,271,NEFT,
T0000111,2026-02-26 15:40:15,63735786625989,Anjali Jain,SBI,24942720935365,Farhan Qureshi,BOB,11747,IMPS,salary
T0000191,2026-02-26 16:10:59,63660129995,Amit Joshi,SBI,74508478113612,Deepika Menon,HDFC,2586,NEFT,
T0001121,2026-02-26 17:45:39,64239499288,Vijay Pathan,SBI,94125935585,Umesh Tiwari,KOTAK,2713,UPI,bill
T0000900,2026-02-26 18:05:59,645915219459,Junaid Jain,SBI,26080784998,Shabana More,HDFC,1421,NEFT,rent
T0001204,2026-02-26 18:22:32,94125935585,Umesh Tiwari,KOTAK,494994551025,Tariq Sharma,KOTAK,31396,UPI,bill
T0000670,2026-02-26 19:03:18,08213336805,Pooja Shinde,ICICI,697114719267,Vivaan Deshmukh,ICICI,39616,UPI,loan
T0001146,2026-02-26 22:26:34,85500709922653,Lata Kadam,ICICI,494994551025,Tariq Sharma,KOTAK,3384,NEFT,gift
T0000716,2026-02-27 07:15:46,057301262000,Prakash Tiwari,AXIS,14019074419368,Sanjay Pathan,AXIS,8059,IMPS,salary
T0000288,2026-02-27 07:56:22,440445477896,Naresh Memon,KOTAK,34051331503875,Simran Shah,AXIS,18052,UPI,bill
T0000107,2026-02-27 11:26:20,64239499288,Vijay Pathan,SBI,751195185598,Sanjay Iyer,ICICI,777,UPI,bill
T0000042,2026-02-27 11:42:01,154194361524,Francis More,SBI,24942720935365,Farhan Qureshi,BOB,11694,NEFT,gift
T0001286,2026-02-27 14:41:38,069194169832,Kavita Kamble,HDFC,039828649643,Shabana Dubey,AXIS,323,NEFT,gift
T0001268,2026-02-27 15:05:35,433614939807,Irfan Singh,HDFC,154194361524,Francis More,SBI,1985,UPI,bill
T0001225,2026-02-27 15:12:29,900013807410,Nikhil Kulkarni,AXIS,296578084488,Savio Kamble,AXIS,28985,UPI,salary
T0001086,2026-02-27 15:57:35,08219131027,Prakash Joshi,HDFC,133227518056,Kavita Memon,BOB,516,UPI,shopping
T0000402,2026-02-27 15:59:51,26080784998,Shabana More,HDFC,412616498311,Aarav Mhatre,BOB,25567,NEFT,
T0001161,2026-02-27 16:16:38,65927486954424,Vijay Patil,KOTAK,08213336805,Pooja Shinde,ICICI,2763,UPI,shopping
T0000485,2026-02-27 18:34:52,65142908369,Meena Rodrigues,HDFC,494994551025,Tariq Sharma,KOTAK,23634,IMPS,shopping
T0001208,2026-02-27 19:30:43,154194361524,Francis More,SBI,069194169832,Kavita Kamble,HDFC,3335,NEFT,loan
T0001330,2026-02-27 19:47:24,154194361524,Francis More,SBI,142793348429,Francis Kaur,BOB,3880,UPI,salary
T0000291,2026-02-27 22:18:37,63660129995,Amit Joshi,SBI,64239499288,Vijay Pathan,SBI,24704,NEFT,rent
T0001284,2026-02-28 08:03:54,751195185598,Sanjay Iyer,ICICI,823945661629,Priyanka Jadhav,ICICI,10367,UPI,loan
T0000929,2026-02-28 08:43:57,774566430878,Karan Tiwari,ICICI,02043849865,Mahesh Sawant,SBI,292,IMPS,gift
T0000554,2026-02-28 08:44:58,34051331503875,Simran Shah,AXIS,900013807410,Nikhil Kulkarni,AXIS,7084,NEFT,salary
T0000045,2026-02-28 10:51:29,751195185598,Sanjay Iyer,ICICI,598626866231,Rohan Mishra,HDFC,10656,NEFT,rent
T0000338,2026-02-28 14:49:19,35112204147,Zubair Jain,ICICI,76191714926,Sachin Nair,AXIS,2767,UPI,food
T0000419,2026-02-28 15:04:11,26080784998,Shabana More,HDFC,697114719267,Vivaan Deshmukh,ICICI,5434,NEFT,gift
T0001071,2026-02-28 15:07:06,76191714926,Sachin Nair,AXIS,598626866231,Rohan Mishra,HDFC,797,UPI,food
T0000163,2026-02-28 15:08:19,79209882490043,Sameer Memon,BOB,02043849865,Mahesh Sawant,SBI,27563,UPI,loan
T0001099,2026-02-28 16:31:35,26080784998,Shabana More,HDFC,012865108110,Karan Pillai,KOTAK,4325,UPI,bill
T0000972,2026-02-28 17:04:18,057301262000,Prakash Tiwari,AXIS,65763270177250,Peter Kamble,SBI,9560,IMPS,food
T0000093,2026-02-28 18:40:18,161549554077,Ganesh Kaur,AXIS,37385473560588,Manoj Pathan,HDFC,33835,UPI,loan
T0000762,2026-02-28 19:29:40,133227518056,Kavita Memon,BOB,598626866231,Rohan Mishra,HDFC,11362,UPI,bill
T0001098,2026-02-28 20:25:34,593166881925,Santosh Shinde,AXIS,26080784998,Shabana More,HDFC,1380,UPI,rent
T0001293,2026-02-28 21:49:01,500160303214,Manoj Pillai,KOTAK,057301262000,Prakash Tiwari,AXIS,4109,UPI,gift
T0000496,2026-02-28 21:54:48,500160303214,Manoj Pillai,KOTAK,26080784998,Shabana More,HDFC,904,NEFT,loan
T0000030,2026-03-01 09:36:43,65763270177250,Peter Kamble,SBI,918233276921,Farhan Jain,AXIS,2249,UPI,salary
T0000603,2026-03-01 13:43:33,02043849865,Mahesh Sawant,SBI,918233276921,Farhan Jain,AXIS,37846,UPI,bill
T0000453,2026-03-01 13:47:50,039828649643,Shabana Dubey,AXIS,35112204147,Zubair Jain,ICICI,2471,IMPS,
T0000895,2026-03-01 14:25:39,24942720935365,Farhan Qureshi,BOB,74508478113612,Deepika Menon,HDFC,1785,IMPS,gift
T0000641,2026-03-01 14:42:43,472152454044,Vijay Gaikwad,AXIS,31141778128,Joseph Chavan,HDFC,32843,UPI,shopping
T0000598,2026-03-01 15:15:59,057301262000,Prakash Tiwari,AXIS,14019074419368,Sanjay Pathan,AXIS,32392,UPI,salary
T0001048,2026-03-01 16:38:25,52636956382792,Ganesh Patil,AXIS,95574642784640,Sachin Sayed,KOTAK,19700,UPI,loan
T0000479,2026-03-01 16:51:35,057301262000,Prakash Tiwari,AXIS,069194169832,Kavita Kamble,HDFC,3700,IMPS,rent
T0000086,2026-03-01 18:23:47,500160303214,Manoj Pillai,KOTAK,802540435528,Kavita Menon,ICICI,3179,UPI,food
T0000095,2026-03-01 19:01:37,08219131027,Prakash Joshi,HDFC,823945661629,Priyanka Jadhav,ICICI,4511,IMPS,bill
T0000914,2026-03-02 10:03:39,598626866231,Rohan Mishra,HDFC,08219131027,Prakash Joshi,HDFC,4155,NEFT,loan
T0000148,2026-03-02 10:37:29,94125935585,Umesh Tiwari,KOTAK,06088010423,Michael Kulkarni,SBI,35371,UPI,food
T0000986,2026-03-02 11:59:15,52636956382792,Ganesh Patil,AXIS,850899727502,Simran Kadam,KOTAK,26180,IMPS,bill
T0001256,2026-03-02 13:03:15,069194169832,Kavita Kamble,HDFC,751195185598,Sanjay Iyer,ICICI,15764,NEFT,shopping
T0000327,2026-03-02 13:03:33,26080784998,Shabana More,HDFC,823945661629,Priyanka Jadhav,ICICI,2999,NEFT,shopping
T0000203,2026-03-02 15:31:56,52636956382792,Ganesh Patil,AXIS,039828649643,Shabana Dubey,AXIS,4445,NEFT,rent
T0000292,2026-03-02 18:13:22,472152454044,Vijay Gaikwad,AXIS,37104794793,Tariq Dubey,BOB,13903,IMPS,
T0001201,2026-03-02 20:15:28,296578084488,Savio Kamble,AXIS,31141778128,Joseph Chavan,HDFC,21945,NEFT,
T0000685,2026-03-02 20:25:59,850899727502,Simran Kadam,KOTAK,472152454044,Vijay Gaikwad,AXIS,284,NEFT,food
T0001280,2026-03-02 20:32:31,74508478113612,Deepika Menon,HDFC,593166881925,Santosh Shinde,AXIS,2794,NEFT,gift
T0000331,2026-03-02 21:35:49,697114719267,Vivaan Deshmukh,ICICI,08213336805,Pooja Shinde,ICICI,25466,UPI,food
T0000860,2026-03-02 22:50:48,94125935585,Umesh Tiwari,KOTAK,296578084488,Savio Kamble,AXIS,4759,UPI,
T0001074,2026-03-03 07:29:14,86017293030,Usha Ansari,KOTAK,37104794793,Tariq Dubey,BOB,30695,UPI,food
T0000919,2026-03-03 09:41:28,777625659668,Melwyn Kaur,HDFC,165603869662,Simran Kamble,BOB,2526,UPI,shopping
T0001390,2026-03-03 09:59:36,774566430878,Karan Tiwari,ICICI,039828649643,Shabana Dubey,AXIS,17491,UPI,loan
T0000780,2026-03-03 11:21:35,08219131027,Prakash Joshi,HDFC,24942720935365,Farhan Qureshi,BOB,39492,IMPS,food
T0000209,2026-03-03 13:24:06,74508478113612,Deepika Menon,HDFC,86017293030,Usha Ansari,KOTAK,38765,UPI,food
T0000988,2026-03-03 13:56:56,850899727502,Simran Kadam,KOTAK,49069208732489,Melwyn Shah,BOB,36371,UPI,food
T0001521,2026-03-03 15:55:19,66186311139,Salim Qureshi,ICICI,03709511881,Naik Cargo Movers Pvt Ltd,ICICI,290831,RTGS,transport
T0000934,2026-03-03 16:23:52,49069208732489,Melwyn Shah,BOB,95574642784640,Sachin Sayed,KOTAK,5455,IMPS,food
T0000683,2026-03-03 16:57:55,133227518056,Kavita Memon,BOB,524287935222,Nikhil Qureshi,SBI,760,NEFT,rent
T0000020,2026-03-03 18:53:18,012865108110,Karan Pillai,KOTAK,97696240122,Tariq Kulkarni,AXIS,34550,NEFT,food
T0000979,2026-03-03 20:52:52,133227518056,Kavita Memon,BOB,97696240122,Tariq Kulkarni,AXIS,10888,UPI,gift
T0000560,2026-03-03 20:54:50,52636956382792,Ganesh Patil,AXIS,802540435528,Kavita Menon,ICICI,4786,IMPS,salary
T0001202,2026-03-03 21:24:37,154194361524,Francis More,SBI,14019074419368,Sanjay Pathan,AXIS,8142,UPI,
T0000056,2026-03-03 22:03:08,328768438416,Francis Mhatre,SBI,154194361524,Francis More,SBI,5579,IMPS,shopping
T0001185,2026-03-04 08:04:38,64239499288,Vijay Pathan,SBI,823945661629,Priyanka Jadhav,ICICI,3371,UPI,rent
T0000633,2026-03-04 10:40:38,697114719267,Vivaan Deshmukh,ICICI,26080784998,Shabana More,HDFC,31929,IMPS,salary
T0000499,2026-03-04 11:32:38,433614939807,Irfan Singh,HDFC,524287935222,Nikhil Qureshi,SBI,1080,NEFT,food
T0000676,2026-03-04 12:12:51,65763270177250,Peter Kamble,SBI,37385473560588,Manoj Pathan,HDFC,8370,UPI,rent
T0001385,2026-03-04 12:42:54,93109576525824,Nikhil Yadav,SBI,74508478113612,Deepika Menon,HDFC,19579,UPI,salary
T0000411,2026-03-04 13:45:55,65927486954424,Vijay Patil,KOTAK,36460355458,Melwyn Nair,KOTAK,36275,UPI,gift
T0000063,2026-03-04 14:42:50,069194169832,Kavita Kamble,HDFC,412616498311,Aarav Mhatre,BOB,20449,UPI,shopping
T0000214,2026-03-04 15:21:23,65927486954424,Vijay Patil,KOTAK,65763270177250,Peter Kamble,SBI,14265,NEFT,food
T0000815,2026-03-04 16:05:52,161549554077,Ganesh Kaur,AXIS,34051331503875,Simran Shah,AXIS,3103,NEFT,salary
T0001375,2026-03-04 17:02:30,480455297373,Meena D'Souza,SBI,85500709922653,Lata Kadam,ICICI,3897,IMPS,loan
T0001054,2026-03-04 17:09:13,52636956382792,Ganesh Patil,AXIS,133227518056,Kavita Memon,BOB,4302,IMPS,gift
T0000265,2026-03-04 17:28:22,28110603535,Savio Naik,ICICI,08213336805,Pooja Shinde,ICICI,23254,NEFT,rent
T0001383,2026-03-04 17:41:18,142793348429,Francis Kaur,BOB,472152454044,Vijay Gaikwad,AXIS,3370,NEFT,food
T0001190,2026-03-04 19:58:20,480455297373,Meena D'Souza,SBI,823945661629,Priyanka Jadhav,ICICI,18316,UPI,shopping
T0000665,2026-03-04 21:23:39,52754957354,Rahul Salunkhe,BOB,08213336805,Pooja Shinde,ICICI,1961,UPI,food
T0000689,2026-03-04 22:25:53,074347242223,Manoj Pandey,BOB,777625659668,Melwyn Kaur,HDFC,1914,IMPS,loan
T0001149,2026-03-04 22:26:56,918233276921,Farhan Jain,AXIS,35112204147,Zubair Jain,ICICI,7812,UPI,food
T0000143,2026-03-05 08:35:05,012769073620,Nitin Pawar,AXIS,34051331503875,Simran Shah,AXIS,4963,NEFT,food
T0001394,2026-03-05 08:40:17,165603869662,Simran Kamble,BOB,328768438416,Francis Mhatre,SBI,39300,IMPS,shopping
T0000157,2026-03-05 12:22:23,645915219459,Junaid Jain,SBI,900013807410,Nikhil Kulkarni,AXIS,32802,UPI,rent
T0000299,2026-03-05 12:47:36,79209882490043,Sameer Memon,BOB,95574642784640,Sachin Sayed,KOTAK,13502,UPI,food
T0001324,2026-03-05 13:13:27,52754957354,Rahul Salunkhe,BOB,08213336805,Pooja Shinde,ICICI,32337,UPI,salary
T0000275,2026-03-05 14:44:12,433614939807,Irfan Singh,HDFC,52754957354,Rahul Salunkhe,BOB,1917,NEFT,shopping
T0000427,2026-03-05 17:36:36,154194361524,Francis More,SBI,08219131027,Prakash Joshi,HDFC,3313,UPI,bill
T0001154,2026-03-05 20:11:01,02043849865,Mahesh Sawant,SBI,500160303214,Manoj Pillai,KOTAK,7365,UPI,loan
T0001196,2026-03-05 21:23:26,02043849865,Mahesh Sawant,SBI,79209882490043,Sameer Memon,BOB,19030,UPI,loan
T0000416,2026-03-05 22:05:47,751195185598,Sanjay Iyer,ICICI,36460355458,Melwyn Nair,KOTAK,966,UPI,rent
T0000489,2026-03-06 07:05:44,433614939807,Irfan Singh,HDFC,069194169832,Kavita Kamble,HDFC,1880,IMPS,rent
T0000421,2026-03-06 09:07:21,37385473560588,Manoj Pathan,HDFC,64239499288,Vijay Pathan,SBI,1541,UPI,shopping
T0001119,2026-03-06 11:11:26,693456768757,Harpreet Memon,KOTAK,012769073620,Nitin Pawar,AXIS,19815,IMPS,gift
T0000801,2026-03-06 12:13:33,35112204147,Zubair Jain,ICICI,08213336805,Pooja Shinde,ICICI,19842,UPI,rent
T0000302,2026-03-06 17:40:43,97696240122,Tariq Kulkarni,AXIS,165603869662,Simran Kamble,BOB,16615,UPI,rent
T0000818,2026-03-06 18:39:04,26080784998,Shabana More,HDFC,039828649643,Shabana Dubey,AXIS,3676,NEFT,rent
T0001334,2026-03-06 19:02:29,35112204147,Zubair Jain,ICICI,08213336805,Pooja Shinde,ICICI,6696,UPI,salary
T0001211,2026-03-06 20:15:57,697114719267,Vivaan Deshmukh,ICICI,598626866231,Rohan Mishra,HDFC,24005,UPI,food
T0001270,2026-03-06 21:08:08,598626866231,Rohan Mishra,HDFC,97696240122,Tariq Kulkarni,AXIS,4489,UPI,
T0000802,2026-03-06 21:15:24,26080784998,Shabana More,HDFC,039828649643,Shabana Dubey,AXIS,4867,UPI,salary
T0000647,2026-03-07 07:41:17,802540435528,Kavita Menon,ICICI,472152454044,Vijay Gaikwad,AXIS,2424,UPI,shopping
T0001066,2026-03-07 08:15:45,76191714926,Sachin Nair,AXIS,35112204147,Zubair Jain,ICICI,847,NEFT,bill
T0001266,2026-03-07 08:43:02,777625659668,Melwyn Kaur,HDFC,97696240122,Tariq Kulkarni,AXIS,9247,NEFT,gift
T0000035,2026-03-07 08:59:19,94125935585,Umesh Tiwari,KOTAK,66633413233,Santosh Khan,SBI,1190,UPI,loan
T0001097,2026-03-07 09:54:49,412616498311,Aarav Mhatre,BOB,36460355458,Melwyn Nair,KOTAK,4649,NEFT,salary
T0001055,2026-03-07 10:52:01,850899727502,Simran Kadam,KOTAK,79209882490043,Sameer Memon,BOB,4675,NEFT,gift
T0000883,2026-03-07 11:06:06,823945661629,Priyanka Jadhav,ICICI,08219131027,Prakash Joshi,HDFC,2001,IMPS,bill
T0000097,2026-03-07 13:59:15,777625659668,Melwyn Kaur,HDFC,74508478113612,Deepika Menon,HDFC,30303,IMPS,salary
T0000102,2026-03-07 15:53:55,774566430878,Karan Tiwari,ICICI,039828649643,Shabana Dubey,AXIS,534,UPI,loan
T0000650,2026-03-07 16:53:25,480455297373,Meena D'Souza,SBI,65927486954424,Vijay Patil,KOTAK,11515,IMPS,food
T0000891,2026-03-07 20:04:06,697114719267,Vivaan Deshmukh,ICICI,74508478113612,Deepika Menon,HDFC,32537,UPI,food
T0000359,2026-03-07 20:11:56,524287935222,Nikhil Qureshi,SBI,31141778128,Joseph Chavan,HDFC,2065,UPI,food
T0001000,2026-03-08 07:26:02,66633413233,Santosh Khan,SBI,49069208732489,Melwyn Shah,BOB,13030,IMPS,salary
T0000015,2026-03-08 07:50:59,494994551025,Tariq Sharma,KOTAK,165603869662,Simran Kamble,BOB,25988,UPI,
T0000081,2026-03-08 07:55:21,36460355458,Melwyn Nair,KOTAK,66633413233,Santosh Khan,SBI,1866,UPI,loan
T0001404,2026-03-08 08:07:58,353869342128,Rakesh Mehta,KOTAK,039828649643,Shabana Dubey,AXIS,14608,NEFT,salary
T0000085,2026-03-08 08:53:35,81623041254967,Joseph Shah,SBI,24942720935365,Farhan Qureshi,BOB,28002,UPI,bill
T0000744,2026-03-08 09:13:04,79209882490043,Sameer Memon,BOB,412616498311,Aarav Mhatre,BOB,22474,UPI,shopping
T0001181,2026-03-08 09:45:30,161549554077,Ganesh Kaur,AXIS,52754957354,Rahul Salunkhe,BOB,3652,UPI,bill
T0000838,2026-03-08 09:47:42,85500709922653,Lata Kadam,ICICI,774566430878,Karan Tiwari,ICICI,27177,UPI,bill
T0000790,2026-03-08 11:17:34,142793348429,Francis Kaur,BOB,154194361524,Francis More,SBI,4211,UPI,salary
T0000646,2026-03-08 11:24:40,65927486954424,Vijay Patil,KOTAK,24942720935365,Farhan Qureshi,BOB,16276,UPI,food
T0001095,2026-03-08 12:38:59,472152454044,Vijay Gaikwad,AXIS,142793348429,Francis Kaur,BOB,2983,UPI,salary
T0001331,2026-03-08 15:08:28,412616498311,Aarav Mhatre,BOB,069194169832,Kavita Kamble,HDFC,1298,NEFT,salary
T0000047,2026-03-08 15:54:42,918233276921,Farhan Jain,AXIS,850899727502,Simran Kadam,KOTAK,32228,NEFT,
T0000797,2026-03-08 16:31:18,918233276921,Farhan Jain,AXIS,069194169832,Kavita Kamble,HDFC,3195,NEFT,bill
T0000942,2026-03-08 20:31:01,328768438416,Francis Mhatre,SBI,900013807410,Nikhil Kulkarni,AXIS,4402,NEFT,gift
T0000215,2026-03-09 07:46:31,412616498311,Aarav Mhatre,BOB,89058180770725,Prakash Sawant,AXIS,1891,NEFT,rent
T0001217,2026-03-09 08:10:41,154194361524,Francis More,SBI,31141778128,Joseph Chavan,HDFC,673,UPI,gift
T0001354,2026-03-09 08:58:28,24942720935365,Farhan Qureshi,BOB,74508478113612,Deepika Menon,HDFC,4904,UPI,rent
T0000457,2026-03-09 11:49:39,76191714926,Sachin Nair,AXIS,97696240122,Tariq Kulkarni,AXIS,7455,UPI,gift
T0000222,2026-03-09 13:34:05,64239499288,Vijay Pathan,SBI,65927486954424,Vijay Patil,KOTAK,17701,UPI,food
T0000397,2026-03-09 13:37:49,412616498311,Aarav Mhatre,BOB,36460355458,Melwyn Nair,KOTAK,39569,IMPS,
T0001505,2026-03-09 14:42:33,76021903463,Mahesh Jain,AXIS,84026309246391,Rafiq Sheikh,KOTAK,164316,NEFT,loan repayment
T0000811,2026-03-09 15:40:24,012865108110,Karan Pillai,KOTAK,31141778128,Joseph Chavan,HDFC,33502,NEFT,rent
T0001070,2026-03-09 15:40:42,02043849865,Mahesh Sawant,SBI,012769073620,Nitin Pawar,AXIS,7188,IMPS,rent
T0000126,2026-03-09 17:23:13,37385473560588,Manoj Pathan,HDFC,65763270177250,Peter Kamble,SBI,2415,NEFT,loan
T0000521,2026-03-09 17:46:15,069194169832,Kavita Kamble,HDFC,057301262000,Prakash Tiwari,AXIS,16738,UPI,loan
T0000041,2026-03-09 20:38:14,26080784998,Shabana More,HDFC,500160303214,Manoj Pillai,KOTAK,1538,UPI,
T0000557,2026-03-09 21:36:37,89058180770725,Prakash Sawant,AXIS,49069208732489,Melwyn Shah,BOB,4801,UPI,shopping
T0000584,2026-03-09 21:49:57,86017293030,Usha Ansari,KOTAK,37104794793,Tariq Dubey,BOB,4134,UPI,bill
T0000189,2026-03-10 08:26:44,751195185598,Sanjay Iyer,ICICI,49069208732489,Melwyn Shah,BOB,4057,UPI,loan
T0000555,2026-03-10 08:44:21,524287935222,Nikhil Qureshi,SBI,63660129995,Amit Joshi,SBI,15987,NEFT,
T0000946,2026-03-10 14:07:04,296578084488,Savio Kamble,AXIS,31141778128,Joseph Chavan,HDFC,33906,UPI,loan
T0000607,2026-03-10 17:28:58,012769073620,Nitin Pawar,AXIS,08213336805,Pooja Shinde,ICICI,2312,NEFT,bill
T0000901,2026-03-10 18:52:15,93109576525824,Nikhil Yadav,SBI,598626866231,Rohan Mishra,HDFC,32071,UPI,
T0000467,2026-03-10 19:49:07,645915219459,Junaid Jain,SBI,012769073620,Nitin Pawar,AXIS,4886,NEFT,
T0000695,2026-03-10 20:11:24,31141778128,Joseph Chavan,HDFC,012865108110,Karan Pillai,KOTAK,4127,IMPS,loan
T0001219,2026-03-10 20:44:28,52754957354,Rahul Salunkhe,BOB,433614939807,Irfan Singh,HDFC,38810,UPI,
T0000858,2026-03-10 21:25:06,154194361524,Francis More,SBI,069194169832,Kavita Kamble,HDFC,4927,NEFT,food
T0000206,2026-03-11 07:10:11,79209882490043,Sameer Memon,BOB,697114719267,Vivaan Deshmukh,ICICI,9474,NEFT,shopping
T0001512,2026-03-11 09:09:03,76021903463,Mahesh Jain,AXIS,84026309246391,Rafiq Sheikh,KOTAK,123444,NEFT,loan repayment
T0000335,2026-03-11 10:50:35,97696240122,Tariq Kulkarni,AXIS,89058180770725,Prakash Sawant,AXIS,15803,UPI,gift
T0000779,2026-03-11 10:51:22,65763270177250,Peter Kamble,SBI,37385473560588,Manoj Pathan,HDFC,17216,IMPS,rent
T0000530,2026-03-11 11:28:06,012865108110,Karan Pillai,KOTAK,693456768757,Harpreet Memon,KOTAK,5396,NEFT,
T0000003,2026-03-11 20:21:20,81623041254967,Joseph Shah,SBI,66633413233,Santosh Khan,SBI,23697,IMPS,food
T0001129,2026-03-11 20:42:00,850899727502,Simran Kadam,KOTAK,472152454044,Vijay Gaikwad,AXIS,326,NEFT,rent
T0000565,2026-03-12 08:04:09,65763270177250,Peter Kamble,SBI,693456768757,Harpreet Memon,KOTAK,2219,UPI,food
T0000714,2026-03-12 08:20:03,65142908369,Meena Rodrigues,HDFC,34051331503875,Simran Shah,AXIS,11916,NEFT,shopping
T0000754,2026-03-12 09:50:58,24942720935365,Farhan Qureshi,BOB,593166881925,Santosh Shinde,AXIS,14915,UPI,salary
T0001449,2026-03-12 10:00:00,542436338398,Deepak Yadav,SBI,70499499343463,Ravi Kumar,ICICI,45000,CDM,cash deposit
T0000298,2026-03-12 14:03:44,79209882490043,Sameer Memon,BOB,412616498311,Aarav Mhatre,BOB,2801,UPI,shopping
T0000241,2026-03-12 15:11:35,49069208732489,Melwyn Shah,BOB,65763270177250,Peter Kamble,SBI,33221,NEFT,
T0001108,2026-03-12 15:47:56,81623041254967,Joseph Shah,SBI,494994551025,Tariq Sharma,KOTAK,2451,UPI,rent
T0000861,2026-03-12 16:46:52,81623041254967,Joseph Shah,SBI,412616498311,Aarav Mhatre,BOB,4901,UPI,food
T0001452,2026-03-12 17:00:00,38890897590,Sunil Pawar,HDFC,70499499343463,Ravi Kumar,ICICI,49900,CDM,cash deposit
T0001455,2026-03-12 17:00:00,033488055048,Imran Ansari,HDFC,66959325415,Anita Shinde,BOB,49900,CDM,cash deposit
T0001463,2026-03-12 18:00:00,033488055048,Imran Ansari,HDFC,987873871971,Mohd Farhan,AXIS,45000,CDM,cash deposit
T0000688,2026-03-12 18:14:33,93109576525824,Nikhil Yadav,SBI,24942720935365,Farhan Qureshi,BOB,37705,UPI,gift
T0001453,2026-03-12 19:00:00,033488055048,Imran Ansari,HDFC,70499499343463,Ravi Kumar,ICICI,47000,CDM,cash deposit
T0001457,2026-03-12 21:00:00,033488055048,Imran Ansari,HDFC,66959325415,Anita Shinde,BOB,49500,CDM,cash deposit
T0000700,2026-03-12 21:11:53,012769073620,Nitin Pawar,AXIS,08213336805,Pooja Shinde,ICICI,2238,UPI,shopping
T0001456,2026-03-12 22:00:00,033488055048,Imran Ansari,HDFC,66959325415,Anita Shinde,BOB,49500,CDM,cash deposit
T0000306,2026-03-12 22:54:21,28110603535,Savio Naik,ICICI,52754957354,Rahul Salunkhe,BOB,3337,UPI,gift
T0001469,2026-03-12 23:00:00,38890897590,Sunil Pawar,HDFC,20115633544300,Suresh Gaikwad,HDFC,49000,CDM,cash deposit
T0001465,2026-03-13 01:00:00,542436338398,Deepak Yadav,SBI,987873871971,Mohd Farhan,AXIS,47000,CDM,cash deposit
T0000735,2026-03-13 07:47:30,161549554077,Ganesh Kaur,AXIS,34051331503875,Simran Shah,AXIS,3184,UPI,shopping
T0001212,2026-03-13 08:38:32,480455297373,Meena D'Souza,SBI,296578084488,Savio Kamble,AXIS,3568,IMPS,bill
T0001464,2026-03-13 10:00:00,542436338398,Deepak Yadav,SBI,987873871971,Mohd Farhan,AXIS,49500,CDM,cash deposit
T0001471,2026-03-13 11:00:00,38890897590,Sunil Pawar,HDFC,20115633544300,Suresh Gaikwad,HDFC,49000,CDM,cash deposit
T0000404,2026-03-13 11:46:07,52754957354,Rahul Salunkhe,BOB,472152454044,Vijay Gaikwad,AXIS,1152,NEFT,
T0001380,2026-03-13 12:34:20,63735786625989,Anjali Jain,SBI,012865108110,Karan Pillai,KOTAK,31878,NEFT,loan
T0001470,2026-03-13 14:00:00,38890897590,Sunil Pawar,HDFC,20115633544300,Suresh Gaikwad,HDFC,47000,CDM,cash deposit
T0000375,2026-03-13 14:57:24,95574642784640,Sachin Sayed,KOTAK,14019074419368,Sanjay Pathan,AXIS,21557,IMPS,rent
T0001459,2026-03-13 16:00:00,033488055048,Imran Ansari,HDFC,66959325415,Anita Shinde,BOB,49000,CDM,cash deposit
T0001450,2026-03-13 17:00:00,033488055048,Imran Ansari,HDFC,70499499343463,Ravi Kumar,ICICI,49500,CDM,cash deposit
T0001451,2026-03-13 17:00:00,542436338398,Deepak Yadav,SBI,70499499343463,Ravi Kumar,ICICI,48500,CDM,cash deposit
T0001461,2026-03-13 18:00:00,033488055048,Imran Ansari,HDFC,987873871971,Mohd Farhan,AXIS,49500,CDM,cash deposit
T0001236,2026-03-13 18:15:44,08213336805,Pooja Shinde,ICICI,63735786625989,Anjali Jain,SBI,13438,UPI,
T0000170,2026-03-13 18:56:41,02043849865,Mahesh Sawant,SBI,93109576525824,Nikhil Yadav,SBI,4468,UPI,gift
T0001458,2026-03-13 19:00:00,542436338398,Deepak Yadav,SBI,66959325415,Anita Shinde,BOB,49900,CDM,cash deposit
T0001353,2026-03-13 19:02:46,777625659668,Melwyn Kaur,HDFC,774566430878,Karan Tiwari,ICICI,1239,NEFT,bill
T0000526,2026-03-13 19:19:49,52636956382792,Ganesh Patil,AXIS,850899727502,Simran Kadam,KOTAK,3988,UPI,shopping
T0001472,2026-03-13 20:00:00,542436338398,Deepak Yadav,SBI,20115633544300,Suresh Gaikwad,HDFC,49000,CDM,cash deposit
T0001454,2026-03-13 21:00:00,70499499343463,Ravi Kumar,ICICI,52554550767732,Skyline Infra Ventures Pvt Ltd,AXIS,281106.0,RTGS,consultancy fee
T0001466,2026-03-13 21:00:00,38890897590,Sunil Pawar,HDFC,987873871971,Mohd Farhan,AXIS,48500,CDM,cash deposit
T0000728,2026-03-13 21:00:40,472152454044,Vijay Gaikwad,AXIS,074347242223,Manoj Pandey,BOB,39428,NEFT,food
T0000072,2026-03-13 21:52:42,012769073620,Nitin Pawar,AXIS,850899727502,Simran Kadam,KOTAK,5600,UPI,shopping
T0001462,2026-03-13 22:00:00,38890897590,Sunil Pawar,HDFC,987873871971,Mohd Farhan,AXIS,45000,CDM,cash deposit
T0001468,2026-03-13 23:00:00,033488055048,Imran Ansari,HDFC,20115633544300,Suresh Gaikwad,HDFC,49000,CDM,cash deposit
T0001473,2026-03-13 23:00:00,38890897590,Sunil Pawar,HDFC,20115633544300,Suresh Gaikwad,HDFC,49900,CDM,cash deposit
T0001448,2026-03-14 02:00:00,542436338398,Deepak Yadav,SBI,70499499343463,Ravi Kumar,ICICI,49900,CDM,cash deposit
T0000886,2026-03-14 07:44:17,95574642784640,Sachin Sayed,KOTAK,598626866231,Rohan Mishra,HDFC,4525,UPI,loan
T0001474,2026-03-14 08:00:00,20115633544300,Suresh Gaikwad,HDFC,52554550767732,Skyline Infra Ventures Pvt Ltd,AXIS,284113.0,RTGS,consultancy fee
T0000904,2026-03-14 09:14:10,08219131027,Prakash Joshi,HDFC,823945661629,Priyanka Jadhav,ICICI,30764,UPI,shopping
T0001515,2026-03-14 09:31:39,03709511881,Naik Cargo Movers Pvt Ltd,ICICI,40454760436077,Anthony D'Souza,AXIS,84348,NEFT,clearing charges
T0000178,2026-03-14 10:57:03,63735786625989,Anjali Jain,SBI,94125935585,Umesh Tiwari,KOTAK,2251,UPI,loan
T0000130,2026-03-14 11:55:11,63735786625989,Anjali Jain,SBI,142793348429,Francis Kaur,BOB,1226,NEFT,food
T0000840,2026-03-14 12:29:57,81623041254967,Joseph Shah,SBI,24942720935365,Farhan Qureshi,BOB,18023,IMPS,
T0001460,2026-03-14 14:00:00,66959325415,Anita Shinde,BOB,52554550767732,Skyline Infra Ventures Pvt Ltd,AXIS,240366.0,RTGS,consultancy fee
T0001419,2026-03-14 14:26:19,04320423681302,Priya Deshmukh,KOTAK,494994551025,Tariq Sharma,KOTAK,34190,NEFT,salary
T0000147,2026-03-14 15:11:32,14019074419368,Sanjay Pathan,AXIS,823945661629,Priyanka Jadhav,ICICI,1744,NEFT,shopping
T0000532,2026-03-14 17:29:51,693456768757,Harpreet Memon,KOTAK,65763270177250,Peter Kamble,SBI,1465,UPI,bill
T0001467,2026-03-14 19:00:00,987873871971,Mohd Farhan,AXIS,52554550767732,Skyline Infra Ventures Pvt Ltd,AXIS,275965.0,RTGS,consultancy fee
T0001101,2026-03-14 19:30:31,81623041254967,Joseph Shah,SBI,142793348429,Francis Kaur,BOB,2006,UPI,salary
T0000765,2026-03-14 20:08:25,069194169832,Kavita Kamble,HDFC,328768438416,Francis Mhatre,SBI,28897,UPI,bill
T0000977,2026-03-14 20:11:34,039828649643,Shabana Dubey,AXIS,823945661629,Priyanka Jadhav,ICICI,36762,NEFT,salary
T0000669,2026-03-14 21:34:31,645915219459,Junaid Jain,SBI,161549554077,Ganesh Kaur,AXIS,31245,UPI,salary
T0000970,2026-03-14 21:57:38,433614939807,Irfan Singh,HDFC,65142908369,Meena Rodrigues,HDFC,1345,UPI,shopping
T0000193,2026-03-15 07:09:59,328768438416,Francis Mhatre,SBI,165603869662,Simran Kamble,BOB,390,UPI,gift
T0000423,2026-03-15 07:48:56,02043849865,Mahesh Sawant,SBI,074347242223,Manoj Pandey,BOB,1408,UPI,food
T0001475,2026-03-15 08:00:00,52554550767732,Skyline Infra Ventures Pvt Ltd,AXIS,28379390395594,Jain Bullion & Traders,HDFC,1027472.5,RTGS,purchase of goods
T0000682,2026-03-15 08:21:43,86017293030,Usha Ansari,KOTAK,37104794793,Tariq Dubey,BOB,2858,UPI,salary
T0000736,2026-03-15 08:48:52,328768438416,Francis Mhatre,SBI,154194361524,Francis More,SBI,1232,IMPS,rent
T0000803,2026-03-15 12:33:07,08213336805,Pooja Shinde,ICICI,472152454044,Vijay Gaikwad,AXIS,13206,NEFT,rent
T0000884,2026-03-15 13:47:55,480455297373,Meena D'Souza,SBI,37385473560588,Manoj Pathan,HDFC,3795,IMPS,shopping
T0001476,2026-03-15 16:00:00,28379390395594,Jain Bullion & Traders,HDFC,79256608510,Mehta Realty LLP,KOTAK,973395.0,RTGS,advance booking - Sky Residency
T0000271,2026-03-15 16:05:20,86017293030,Usha Ansari,KOTAK,777625659668,Melwyn Kaur,HDFC,17801,UPI,salary
T0001137,2026-03-15 21:17:32,900013807410,Nikhil Kulkarni,AXIS,593166881925,Santosh Shinde,AXIS,5469,NEFT,food
T0000674,2026-03-15 21:33:11,057301262000,Prakash Tiwari,AXIS,89058180770725,Prakash Sawant,AXIS,3037,UPI,
T0000752,2026-03-16 10:50:39,850899727502,Simran Kadam,KOTAK,012769073620,Nitin Pawar,AXIS,4103,UPI,salary
T0000671,2026-03-16 12:36:08,433614939807,Irfan Singh,HDFC,524287935222,Nikhil Qureshi,SBI,4505,IMPS,salary
T0001477,2026-03-16 14:00:00,79256608510,Mehta Realty LLP,KOTAK,87760978738002,Kiran Patel,BOB,432620.0,RTGS,investor payout
T0001377,2026-03-16 14:30:35,480455297373,Meena D'Souza,SBI,823945661629,Priyanka Jadhav,ICICI,1439,IMPS,
T0000278,2026-03-16 15:34:58,08219131027,Prakash Joshi,HDFC,85500709922653,Lata Kadam,ICICI,33756,UPI,shopping
T0001151,2026-03-16 17:02:19,49069208732489,Melwyn Shah,BOB,751195185598,Sanjay Iyer,ICICI,3580,UPI,loan
T0001367,2026-03-16 21:00:46,161549554077,Ganesh Kaur,AXIS,52754957354,Rahul Salunkhe,BOB,28891,NEFT,shopping
T0001254,2026-03-16 22:01:00,057301262000,Prakash Tiwari,AXIS,86017293030,Usha Ansari,KOTAK,1978,IMPS,
T0000709,2026-03-16 22:03:46,069194169832,Kavita Kamble,HDFC,918233276921,Farhan Jain,AXIS,9625,NEFT,shopping
T0000036,2026-03-17 07:45:44,057301262000,Prakash Tiwari,AXIS,500160303214,Manoj Pillai,KOTAK,29403,UPI,
T0001509,2026-03-17 08:42:00,76021903463,Mahesh Jain,AXIS,84026309246391,Rafiq Sheikh,KOTAK,170391,NEFT,loan repayment
T0001191,2026-03-17 09:37:49,900013807410,Nikhil Kulkarni,AXIS,65927486954424,Vijay Patil,KOTAK,34317,IMPS,rent
T0000878,2026-03-17 10:10:16,693456768757,Harpreet Memon,KOTAK,598626866231,Rohan Mishra,HDFC,2851,UPI,rent
T0000577,2026-03-17 12:09:12,039828649643,Shabana Dubey,AXIS,774566430878,Karan Tiwari,ICICI,12363,IMPS,gift
T0000497,2026-03-17 12:20:07,34051331503875,Simran Shah,AXIS,039828649643,Shabana Dubey,AXIS,13499,NEFT,shopping
T0000168,2026-03-17 14:45:25,63735786625989,Anjali Jain,SBI,850899727502,Simran Kadam,KOTAK,1267,IMPS,food
T0001040,2026-03-17 17:13:09,08219131027,Prakash Joshi,HDFC,823945661629,Priyanka Jadhav,ICICI,36706,NEFT,loan
T0000965,2026-03-17 17:19:39,85500709922653,Lata Kadam,ICICI,08219131027,Prakash Joshi,HDFC,1401,UPI,shopping
T0000347,2026-03-17 18:50:53,039828649643,Shabana Dubey,AXIS,069194169832,Kavita Kamble,HDFC,3525,UPI,salary
T0000707,2026-03-17 19:46:08,900013807410,Nikhil Kulkarni,AXIS,697114719267,Vivaan Deshmukh,ICICI,20791,NEFT,loan
T0001111,2026-03-17 20:13:15,823945661629,Priyanka Jadhav,ICICI,751195185598,Sanjay Iyer,ICICI,4351,UPI,shopping
T0000998,2026-03-17 20:49:57,65142908369,Meena Rodrigues,HDFC,08213336805,Pooja Shinde,ICICI,7359,UPI,bill
T0001253,2026-03-17 21:52:04,79209882490043,Sameer Memon,BOB,645915219459,Junaid Jain,SBI,13517,UPI,loan
T0000398,2026-03-18 07:33:02,480455297373,Meena D'Souza,SBI,918233276921,Farhan Jain,AXIS,851,IMPS,salary
T0000090,2026-03-18 07:59:34,774566430878,Karan Tiwari,ICICI,918233276921,Farhan Jain,AXIS,4872,UPI,salary
T0000912,2026-03-18 09:39:51,66633413233,Santosh Khan,SBI,49069208732489,Melwyn Shah,BOB,1619,UPI,gift
T0000600,2026-03-18 10:00:12,37385473560588,Manoj Pathan,HDFC,929571000332,Pooja Mishra,HDFC,4614,IMPS,rent
T0000813,2026-03-18 11:12:45,697114719267,Vivaan Deshmukh,ICICI,79209882490043,Sameer Memon,BOB,9133,NEFT,gift
T0000103,2026-03-18 13:09:53,36460355458,Melwyn Nair,KOTAK,412616498311,Aarav Mhatre,BOB,1164,NEFT,rent
T0000755,2026-03-18 13:17:19,751195185598,Sanjay Iyer,ICICI,36460355458,Melwyn Nair,KOTAK,21124,UPI,food
T0000698,2026-03-18 13:42:45,645915219459,Junaid Jain,SBI,26080784998,Shabana More,HDFC,28455,UPI,
T0000987,2026-03-18 13:56:07,433614939807,Irfan Singh,HDFC,31141778128,Joseph Chavan,HDFC,3626,NEFT,food
T0001234,2026-03-18 15:07:15,693456768757,Harpreet Memon,KOTAK,95574642784640,Sachin Sayed,KOTAK,1741,UPI,shopping
T0000444,2026-03-18 18:04:39,14019074419368,Sanjay Pathan,AXIS,95574642784640,Sachin Sayed,KOTAK,4048,UPI,rent
T0001084,2026-03-18 19:50:18,900013807410,Nikhil Kulkarni,AXIS,751195185598,Sanjay Iyer,ICICI,1458,NEFT,gift
T0001008,2026-03-18 19:53:30,65763270177250,Peter Kamble,SBI,49069208732489,Melwyn Shah,BOB,1879,UPI,loan
T0000400,2026-03-18 20:46:54,74508478113612,Deepika Menon,HDFC,81623041254967,Joseph Shah,SBI,2596,NEFT,loan
T0001294,2026-03-18 21:33:15,900013807410,Nikhil Kulkarni,AXIS,31141778128,Joseph Chavan,HDFC,775,IMPS,food
T0000071,2026-03-19 08:39:03,97696240122,Tariq Kulkarni,AXIS,37385473560588,Manoj Pathan,HDFC,1729,IMPS,food
T0000134,2026-03-19 08:48:21,774566430878,Karan Tiwari,ICICI,057301262000,Prakash Tiwari,AXIS,27643,IMPS,bill
T0001176,2026-03-19 09:30:47,49069208732489,Melwyn Shah,BOB,63660129995,Amit Joshi,SBI,1542,NEFT,food
T0000004,2026-03-19 11:51:52,24942720935365,Farhan Qureshi,BOB,74508478113612,Deepika Menon,HDFC,1492,UPI,loan
T0001275,2026-03-19 13:57:10,472152454044,Vijay Gaikwad,AXIS,52636956382792,Ganesh Patil,AXIS,4640,UPI,gift
T0000787,2026-03-19 17:53:57,06088010423,Michael Kulkarni,SBI,94125935585,Umesh Tiwari,KOTAK,15850,NEFT,loan
T0000149,2026-03-19 19:27:06,133227518056,Kavita Memon,BOB,97696240122,Tariq Kulkarni,AXIS,3393,NEFT,rent
T0000865,2026-03-20 07:16:04,79209882490043,Sameer Memon,BOB,850899727502,Simran Kadam,KOTAK,1641,UPI,rent
T0000304,2026-03-20 07:52:46,751195185598,Sanjay Iyer,ICICI,823945661629,Priyanka Jadhav,ICICI,36193,NEFT,shopping
T0000643,2026-03-20 09:55:22,480455297373,Meena D'Souza,SBI,65927486954424,Vijay Patil,KOTAK,4106,UPI,salary
T0001158,2026-03-20 12:08:32,161549554077,Ganesh Kaur,AXIS,52754957354,Rahul Salunkhe,BOB,1771,UPI,shopping
T0000008,2026-03-20 14:22:12,012865108110,Karan Pillai,KOTAK,24942720935365,Farhan Qureshi,BOB,22006,NEFT,bill
T0001044,2026-03-20 15:25:26,929571000332,Pooja Mishra,HDFC,14019074419368,Sanjay Pathan,AXIS,1496,NEFT,rent
T0001029,2026-03-20 19:22:00,328768438416,Francis Mhatre,SBI,165603869662,Simran Kamble,BOB,2733,IMPS,food
T0000770,2026-03-20 19:38:18,777625659668,Melwyn Kaur,HDFC,93109576525824,Nikhil Yadav,SBI,3461,UPI,loan
T0001077,2026-03-20 19:39:26,86017293030,Usha Ansari,KOTAK,057301262000,Prakash Tiwari,AXIS,4887,UPI,loan
T0001041,2026-03-20 19:51:40,65927486954424,Vijay Patil,KOTAK,64239499288,Vijay Pathan,SBI,2451,IMPS,rent
T0000211,2026-03-21 07:12:22,14019074419368,Sanjay Pathan,AXIS,057301262000,Prakash Tiwari,AXIS,18818,UPI,food
T0000791,2026-03-21 07:32:22,697114719267,Vivaan Deshmukh,ICICI,74508478113612,Deepika Menon,HDFC,3274,NEFT,salary
T0001156,2026-03-21 09:11:22,823945661629,Priyanka Jadhav,ICICI,28110603535,Savio Naik,ICICI,4306,NEFT,food
T0000080,2026-03-21 09:41:00,34051331503875,Simran Shah,AXIS,06088010423,Michael Kulkarni,SBI,1748,NEFT,salary
T0001189,2026-03-21 09:45:41,52636956382792,Ganesh Patil,AXIS,26080784998,Shabana More,HDFC,10905,UPI,shopping
T0000911,2026-03-21 10:10:52,34051331503875,Simran Shah,AXIS,161549554077,Ganesh Kaur,AXIS,24396,IMPS,shopping
T0000897,2026-03-21 11:36:39,433614939807,Irfan Singh,HDFC,86017293030,Usha Ansari,KOTAK,2342,UPI,food
T0000613,2026-03-21 12:04:16,500160303214,Manoj Pillai,KOTAK,057301262000,Prakash Tiwari,AXIS,28685,NEFT,salary
T0001206,2026-03-21 12:37:51,64239499288,Vijay Pathan,SBI,86017293030,Usha Ansari,KOTAK,18317,NEFT,shopping
T0000353,2026-03-21 12:38:37,65142908369,Meena Rodrigues,HDFC,598626866231,Rohan Mishra,HDFC,1010,IMPS,rent
T0000826,2026-03-21 12:49:05,074347242223,Manoj Pandey,BOB,751195185598,Sanjay Iyer,ICICI,17248,IMPS,
T0000437,2026-03-21 15:27:13,64239499288,Vijay Pathan,SBI,66633413233,Santosh Khan,SBI,35613,UPI,bill
T0000729,2026-03-21 15:50:23,645915219459,Junaid Jain,SBI,26080784998,Shabana More,HDFC,608,NEFT,salary
T0001009,2026-03-21 15:58:53,900013807410,Nikhil Kulkarni,AXIS,593166881925,Santosh Shinde,AXIS,1913,NEFT,
T0000827,2026-03-21 16:16:09,26080784998,Shabana More,HDFC,645915219459,Junaid Jain,SBI,4731,UPI,loan
T0000743,2026-03-21 19:05:12,774566430878,Karan Tiwari,ICICI,74508478113612,Deepika Menon,HDFC,28810,NEFT,salary
T0000562,2026-03-21 19:17:39,645915219459,Junaid Jain,SBI,35112204147,Zubair Jain,ICICI,2813,UPI,gift
T0000343,2026-03-21 20:44:41,36460355458,Melwyn Nair,KOTAK,412616498311,Aarav Mhatre,BOB,33367,IMPS,rent
T0000088,2026-03-21 21:21:40,296578084488,Savio Kamble,AXIS,133227518056,Kavita Memon,BOB,2714,UPI,gift
T0000839,2026-03-21 21:39:48,65142908369,Meena Rodrigues,HDFC,08219131027,Prakash Joshi,HDFC,651,NEFT,rent
T0001250,2026-03-21 21:53:33,802540435528,Kavita Menon,ICICI,645915219459,Junaid Jain,SBI,23093,UPI,gift
T0000605,2026-03-22 07:35:09,52636956382792,Ganesh Patil,AXIS,039828649643,Shabana Dubey,AXIS,2633,UPI,gift
T0000415,2026-03-22 08:47:16,76191714926,Sachin Nair,AXIS,35112204147,Zubair Jain,ICICI,37354,IMPS,rent
T0001370,2026-03-22 09:37:05,08213336805,Pooja Shinde,ICICI,14019074419368,Sanjay Pathan,AXIS,5955,UPI,rent
T0000760,2026-03-22 10:55:21,65927486954424,Vijay Patil,KOTAK,36460355458,Melwyn Nair,KOTAK,1078,NEFT,bill
T0000529,2026-03-22 11:01:55,63735786625989,Anjali Jain,SBI,142793348429,Francis Kaur,BOB,4524,UPI,salary
T0000742,2026-03-22 11:18:20,693456768757,Harpreet Memon,KOTAK,012865108110,Karan Pillai,KOTAK,730,UPI,bill
T0001305,2026-03-22 11:51:07,64239499288,Vijay Pathan,SBI,074347242223,Manoj Pandey,BOB,3744,UPI,gift
T0001038,2026-03-22 12:52:04,36460355458,Melwyn Nair,KOTAK,751195185598,Sanjay Iyer,ICICI,23691,IMPS,food
T0001255,2026-03-22 13:18:05,14019074419368,Sanjay Pathan,AXIS,645915219459,Junaid Jain,SBI,4404,UPI,
T0000589,2026-03-22 14:48:28,480455297373,Meena D'Souza,SBI,296578084488,Savio Kamble,AXIS,4097,IMPS,food
T0000155,2026-03-22 16:37:55,296578084488,Savio Kamble,AXIS,900013807410,Nikhil Kulkarni,AXIS,16968,UPI,salary
T0000161,2026-03-22 16:40:31,76191714926,Sachin Nair,AXIS,598626866231,Rohan Mishra,HDFC,4301,IMPS,salary
T0000644,2026-03-22 19:30:43,154194361524,Francis More,SBI,89058180770725,Prakash Sawant,AXIS,3916,IMPS,gift
T0000588,2026-03-22 19:48:46,133227518056,Kavita Memon,BOB,63660129995,Amit Joshi,SBI,1420,UPI,loan
T0001264,2026-03-23 08:31:47,850899727502,Simran Kadam,KOTAK,79209882490043,Sameer Memon,BOB,11971,UPI,shopping
T0000051,2026-03-23 11:21:53,133227518056,Kavita Memon,BOB,524287935222,Nikhil Qureshi,SBI,4641,IMPS,shopping
T0000881,2026-03-23 13:10:30,85500709922653,Lata Kadam,ICICI,08219131027,Prakash Joshi,HDFC,2793,NEFT,food
T0001188,2026-03-23 16:42:25,08219131027,Prakash Joshi,HDFC,65142908369,Meena Rodrigues,HDFC,2808,NEFT,food
T0000512,2026-03-23 17:42:02,472152454044,Vijay Gaikwad,AXIS,074347242223,Manoj Pandey,BOB,20023,IMPS,bill
T0000434,2026-03-23 18:17:55,918233276921,Farhan Jain,AXIS,480455297373,Meena D'Souza,SBI,1604,IMPS,gift
T0000323,2026-03-23 19:42:57,65763270177250,Peter Kamble,SBI,49069208732489,Melwyn Shah,BOB,1941,IMPS,loan
T0000639,2026-03-24 08:15:22,524287935222,Nikhil Qureshi,SBI,31141778128,Joseph Chavan,HDFC,2074,IMPS,food
T0000380,2026-03-24 08:30:37,598626866231,Rohan Mishra,HDFC,693456768757,Harpreet Memon,KOTAK,25866,IMPS,
T0001042,2026-03-24 11:56:41,142793348429,Francis Kaur,BOB,472152454044,Vijay Gaikwad,AXIS,506,NEFT,
T0000248,2026-03-24 12:59:52,36460355458,Melwyn Nair,KOTAK,929571000332,Pooja Mishra,HDFC,3768,NEFT,
T0001025,2026-03-24 14:48:01,472152454044,Vijay Gaikwad,AXIS,66633413233,Santosh Khan,SBI,4580,NEFT,
T0001182,2026-03-24 18:00:26,06088010423,Michael Kulkarni,SBI,52636956382792,Ganesh Patil,AXIS,4039,IMPS,gift
T0001337,2026-03-24 18:28:22,28110603535,Savio Naik,ICICI,37385473560588,Manoj Pathan,HDFC,2576,IMPS,shopping
T0000701,2026-03-24 19:54:49,79209882490043,Sameer Memon,BOB,142793348429,Francis Kaur,BOB,4789,NEFT,shopping
T0001402,2026-03-24 20:51:17,52901494841638,Vikram Naik,AXIS,823945661629,Priyanka Jadhav,ICICI,22394,NEFT,salary
T0001037,2026-03-24 20:59:15,012865108110,Karan Pillai,KOTAK,26080784998,Shabana More,HDFC,7976,UPI,
T0000002,2026-03-24 21:34:46,412616498311,Aarav Mhatre,BOB,34051331503875,Simran Shah,AXIS,490,UPI,bill
T0001226,2026-03-24 22:10:22,057301262000,Prakash Tiwari,AXIS,89058180770725,Prakash Sawant,AXIS,24794,UPI,
T0001378,2026-03-25 10:03:47,81623041254967,Joseph Shah,SBI,26080784998,Shabana More,HDFC,18300,IMPS,bill
T0000019,2026-03-25 12:59:01,823945661629,Priyanka Jadhav,ICICI,929571000332,Pooja Mishra,HDFC,23616,UPI,bill
T0001311,2026-03-25 14:07:53,79209882490043,Sameer Memon,BOB,94125935585,Umesh Tiwari,KOTAK,997,IMPS,salary
T0000239,2026-03-25 15:16:45,593166881925,Santosh Shinde,AXIS,693456768757,Harpreet Memon,KOTAK,3575,IMPS,shopping
T0000192,2026-03-25 15:55:48,37385473560588,Manoj Pathan,HDFC,65763270177250,Peter Kamble,SBI,3619,UPI,food
T0000460,2026-03-25 16:39:49,774566430878,Karan Tiwari,ICICI,02043849865,Mahesh Sawant,SBI,2332,UPI,salary
T0001081,2026-03-25 17:24:43,480455297373,Meena D'Souza,SBI,133227518056,Kavita Memon,BOB,1315,UPI,food
T0001524,2026-03-25 18:33:07,66186311139,Salim Qureshi,ICICI,03709511881,Naik Cargo Movers Pvt Ltd,ICICI,187143,RTGS,transport
T0000360,2026-03-25 19:58:05,65142908369,Meena Rodrigues,HDFC,08213336805,Pooja Shinde,ICICI,27203,UPI,salary
T0000493,2026-03-25 20:43:05,480455297373,Meena D'Souza,SBI,823945661629,Priyanka Jadhav,ICICI,14783,NEFT,rent
T0000853,2026-03-25 22:15:58,36460355458,Melwyn Nair,KOTAK,66633413233,Santosh Khan,SBI,690,UPI,shopping
T0000336,2026-03-26 07:35:45,142793348429,Francis Kaur,BOB,97696240122,Tariq Kulkarni,AXIS,4675,UPI,bill
T0000341,2026-03-26 09:33:30,81623041254967,Joseph Shah,SBI,494994551025,Tariq Sharma,KOTAK,4702,NEFT,shopping
T0001304,2026-03-26 09:33:52,057301262000,Prakash Tiwari,AXIS,89058180770725,Prakash Sawant,AXIS,5871,IMPS,food
T0000165,2026-03-26 10:29:23,65927486954424,Vijay Patil,KOTAK,64239499288,Vijay Pathan,SBI,3986,IMPS,loan
T0000713,2026-03-26 11:11:04,480455297373,Meena D'Souza,SBI,133227518056,Kavita Memon,BOB,1581,IMPS,salary
T0000751,2026-03-26 11:14:46,52636956382792,Ganesh Patil,AXIS,039828649643,Shabana Dubey,AXIS,16286,UPI,gift
T0000549,2026-03-26 12:03:59,76191714926,Sachin Nair,AXIS,774566430878,Karan Tiwari,ICICI,18407,UPI,
T0000106,2026-03-26 12:10:16,165603869662,Simran Kamble,BOB,777625659668,Melwyn Kaur,HDFC,30556,UPI,shopping
T0000924,2026-03-26 14:49:09,76191714926,Sachin Nair,AXIS,97696240122,Tariq Kulkarni,AXIS,4955,NEFT,gift
T0001289,2026-03-26 16:52:59,85500709922653,Lata Kadam,ICICI,14019074419368,Sanjay Pathan,AXIS,525,IMPS,bill
T0001242,2026-03-26 17:38:02,49069208732489,Melwyn Shah,BOB,66633413233,Santosh Khan,SBI,388,IMPS,gift
T0000503,2026-03-26 19:12:20,66633413233,Santosh Khan,SBI,26080784998,Shabana More,HDFC,3455,IMPS,gift
T0000745,2026-03-26 19:23:55,65763270177250,Peter Kamble,SBI,802540435528,Kavita Menon,ICICI,26712,NEFT,food
T0001160,2026-03-26 21:01:31,850899727502,Simran Kadam,KOTAK,472152454044,Vijay Gaikwad,AXIS,2778,UPI,
T0001174,2026-03-26 22:06:20,500160303214,Manoj Pillai,KOTAK,433614939807,Irfan Singh,HDFC,13515,NEFT,bill
T0001397,2026-03-27 08:55:58,52901494841638,Vikram Naik,AXIS,97696240122,Tariq Kulkarni,AXIS,12416,NEFT,salary
T0000414,2026-03-27 11:21:24,63660129995,Amit Joshi,SBI,524287935222,Nikhil Qureshi,SBI,17579,NEFT,food
T0000442,2026-03-27 11:59:11,480455297373,Meena D'Souza,SBI,08213336805,Pooja Shinde,ICICI,1092,UPI,
T0000539,2026-03-27 12:30:11,012865108110,Karan Pillai,KOTAK,89058180770725,Prakash Sawant,AXIS,2850,UPI,gift
T0000941,2026-03-27 12:31:44,777625659668,Melwyn Kaur,HDFC,74508478113612,Deepika Menon,HDFC,4551,NEFT,loan
T0000377,2026-03-27 13:46:52,777625659668,Melwyn Kaur,HDFC,36460355458,Melwyn Nair,KOTAK,34195,IMPS,food
T0000624,2026-03-27 16:12:16,165603869662,Simran Kamble,BOB,86017293030,Usha Ansari,KOTAK,25592,UPI,salary
T0000334,2026-03-27 16:42:56,31141778128,Joseph Chavan,HDFC,296578084488,Savio Kamble,AXIS,1448,NEFT,gift
T0001279,2026-03-27 21:55:01,06088010423,Michael Kulkarni,SBI,52636956382792,Ganesh Patil,AXIS,1118,UPI,rent
T0001221,2026-03-27 22:19:28,645915219459,Junaid Jain,SBI,79209882490043,Sameer Memon,BOB,27442,UPI,bill
T0000058,2026-03-28 07:14:51,76191714926,Sachin Nair,AXIS,64239499288,Vijay Pathan,SBI,25089,IMPS,bill
T0000814,2026-03-28 09:07:58,697114719267,Vivaan Deshmukh,ICICI,74508478113612,Deepika Menon,HDFC,2781,UPI,
T0000699,2026-03-28 09:37:01,142793348429,Francis Kaur,BOB,81623041254967,Joseph Shah,SBI,1934,UPI,bill
T0000862,2026-03-28 09:37:09,012769073620,Nitin Pawar,AXIS,52636956382792,Ganesh Patil,AXIS,6515,NEFT,bill
T0001177,2026-03-28 09:52:22,802540435528,Kavita Menon,ICICI,86017293030,Usha Ansari,KOTAK,1515,NEFT,loan
T0001072,2026-03-28 10:35:42,28110603535,Savio Naik,ICICI,593166881925,Santosh Shinde,AXIS,14200,UPI,loan
T0000538,2026-03-28 11:11:17,777625659668,Melwyn Kaur,HDFC,165603869662,Simran Kamble,BOB,35021,UPI,rent
T0000227,2026-03-28 11:12:37,142793348429,Francis Kaur,BOB,79209882490043,Sameer Memon,BOB,31294,NEFT,rent
T0001382,2026-03-28 11:43:36,02043849865,Mahesh Sawant,SBI,500160303214,Manoj Pillai,KOTAK,35334,NEFT,
T0000276,2026-03-28 12:07:45,65927486954424,Vijay Patil,KOTAK,08213336805,Pooja Shinde,ICICI,39098,IMPS,shopping
T0000734,2026-03-28 12:32:25,900013807410,Nikhil Kulkarni,AXIS,645915219459,Junaid Jain,SBI,32935,UPI,loan
T0001051,2026-03-28 14:12:37,93109576525824,Nikhil Yadav,SBI,94125935585,Umesh Tiwari,KOTAK,12447,NEFT,loan
T0000902,2026-03-29 09:25:45,86017293030,Usha Ansari,KOTAK,057301262000,Prakash Tiwari,AXIS,13246,NEFT,salary
T0000711,2026-03-29 09:46:13,802540435528,Kavita Menon,ICICI,36460355458,Melwyn Nair,KOTAK,4283,IMPS,loan
T0001014,2026-03-29 15:48:32,142793348429,Francis Kaur,BOB,79209882490043,Sameer Memon,BOB,10134,NEFT,loan
T0000691,2026-03-29 16:12:52,524287935222,Nikhil Qureshi,SBI,31141778128,Joseph Chavan,HDFC,2426,NEFT,food
T0000692,2026-03-29 16:52:12,64239499288,Vijay Pathan,SBI,65142908369,Meena Rodrigues,HDFC,19554,IMPS,food
T0000454,2026-03-29 19:49:15,751195185598,Sanjay Iyer,ICICI,64239499288,Vijay Pathan,SBI,4879,UPI,rent
T0000932,2026-03-29 21:41:37,52754957354,Rahul Salunkhe,BOB,08213336805,Pooja Shinde,ICICI,2473,UPI,salary
T0000933,2026-03-29 21:53:37,142793348429,Francis Kaur,BOB,97696240122,Tariq Kulkarni,AXIS,3559,UPI,salary
T0000775,2026-03-29 22:00:09,49069208732489,Melwyn Shah,BOB,89058180770725,Prakash Sawant,AXIS,3317,UPI,rent
T0000250,2026-03-30 07:46:30,440445477896,Naresh Memon,KOTAK,52754957354,Rahul Salunkhe,BOB,23140,UPI,
T0001303,2026-03-30 09:16:44,36460355458,Melwyn Nair,KOTAK,81623041254967,Joseph Shah,SBI,1650,UPI,
T0001415,2026-03-30 09:42:04,04320423681302,Priya Deshmukh,KOTAK,480455297373,Meena D'Souza,SBI,27295,NEFT,salary
T0001403,2026-03-30 11:22:01,353869342128,Rakesh Mehta,KOTAK,65763270177250,Peter Kamble,SBI,25062,NEFT,salary
T0000938,2026-03-30 12:10:44,37104794793,Tariq Dubey,BOB,95574642784640,Sachin Sayed,KOTAK,28744,IMPS,gift
T0000563,2026-03-30 12:49:04,06088010423,Michael Kulkarni,SBI,52636956382792,Ganesh Patil,AXIS,13301,NEFT,
T0000617,2026-03-30 14:48:30,66633413233,Santosh Khan,SBI,49069208732489,Melwyn Shah,BOB,2268,UPI,shopping
T0000634,2026-03-30 15:24:38,65763270177250,Peter Kamble,SBI,472152454044,Vijay Gaikwad,AXIS,39555,UPI,rent
T0001240,2026-03-30 15:50:36,918233276921,Farhan Jain,AXIS,37104794793,Tariq Dubey,BOB,3600,UPI,rent
T0001313,2026-03-30 16:34:21,81623041254967,Joseph Shah,SBI,777625659668,Melwyn Kaur,HDFC,27897,UPI,shopping
T0000792,2026-03-30 17:49:59,81623041254967,Joseph Shah,SBI,751195185598,Sanjay Iyer,ICICI,2901,NEFT,food
T0001087,2026-03-30 17:52:40,37104794793,Tariq Dubey,BOB,012865108110,Karan Pillai,KOTAK,32875,UPI,bill
T0000151,2026-03-30 18:27:48,94125935585,Umesh Tiwari,KOTAK,142793348429,Francis Kaur,BOB,3711,UPI,loan
T0000494,2026-03-30 20:11:07,480455297373,Meena D'Souza,SBI,65927486954424,Vijay Patil,KOTAK,470,UPI,bill
T0000418,2026-03-30 20:40:33,494994551025,Tariq Sharma,KOTAK,929571000332,Pooja Mishra,HDFC,1006,IMPS,food
T0000899,2026-03-31 07:15:00,039828649643,Shabana Dubey,AXIS,65763270177250,Peter Kamble,SBI,2527,NEFT,food
T0000864,2026-03-31 07:15:51,65763270177250,Peter Kamble,SBI,79209882490043,Sameer Memon,BOB,1904,UPI,rent
T0000968,2026-03-31 09:04:16,161549554077,Ganesh Kaur,AXIS,34051331503875,Simran Shah,AXIS,20783,IMPS,shopping
T0001136,2026-03-31 11:38:07,133227518056,Kavita Memon,BOB,63660129995,Amit Joshi,SBI,3418,IMPS,salary
T0000847,2026-03-31 12:11:50,069194169832,Kavita Kamble,HDFC,24942720935365,Farhan Qureshi,BOB,9191,NEFT,
T0000936,2026-03-31 13:00:31,074347242223,Manoj Pandey,BOB,08213336805,Pooja Shinde,ICICI,35596,IMPS,rent
T0000528,2026-03-31 14:20:36,02043849865,Mahesh Sawant,SBI,93109576525824,Nikhil Yadav,SBI,451,UPI,bill
T0000952,2026-03-31 16:32:40,08213336805,Pooja Shinde,ICICI,14019074419368,Sanjay Pathan,AXIS,31746,UPI,loan
T0000281,2026-03-31 17:44:54,296578084488,Savio Kamble,AXIS,069194169832,Kavita Kamble,HDFC,14679,UPI,salary
T0000099,2026-03-31 19:47:31,65763270177250,Peter Kamble,SBI,693456768757,Harpreet Memon,KOTAK,7905,IMPS,gift
T0000412,2026-04-01 07:41:19,31141778128,Joseph Chavan,HDFC,26080784998,Shabana More,HDFC,3341,UPI,food
T0000906,2026-04-01 08:05:00,823945661629,Priyanka Jadhav,ICICI,14019074419368,Sanjay Pathan,AXIS,3148,IMPS,food
T0000452,2026-04-01 08:52:07,02043849865,Mahesh Sawant,SBI,012769073620,Nitin Pawar,AXIS,28977,IMPS,bill
T0001017,2026-04-01 09:58:18,012769073620,Nitin Pawar,AXIS,693456768757,Harpreet Memon,KOTAK,3516,NEFT,salary
T0000725,2026-04-01 10:36:24,645915219459,Junaid Jain,SBI,14019074419368,Sanjay Pathan,AXIS,23822,IMPS,loan
T0001338,2026-04-01 11:22:38,039828649643,Shabana Dubey,AXIS,069194169832,Kavita Kamble,HDFC,215,UPI,shopping
T0000399,2026-04-01 11:48:48,480455297373,Meena D'Souza,SBI,52754957354,Rahul Salunkhe,BOB,3333,NEFT,bill
T0000009,2026-04-01 12:27:12,26080784998,Shabana More,HDFC,66633413233,Santosh Khan,SBI,4726,NEFT,salary
T0000525,2026-04-01 14:00:39,95574642784640,Sachin Sayed,KOTAK,37104794793,Tariq Dubey,BOB,31389,UPI,
T0000651,2026-04-01 16:59:12,65763270177250,Peter Kamble,SBI,49069208732489,Melwyn Shah,BOB,242,NEFT,loan
T0000481,2026-04-01 17:03:04,850899727502,Simran Kadam,KOTAK,74508478113612,Deepika Menon,HDFC,17331,UPI,food
T0001120,2026-04-01 21:14:14,693456768757,Harpreet Memon,KOTAK,26080784998,Shabana More,HDFC,2083,IMPS,salary
T0001205,2026-04-01 21:24:50,34051331503875,Simran Shah,AXIS,89058180770725,Prakash Sawant,AXIS,731,NEFT,bill
T0000138,2026-04-01 22:12:33,86017293030,Usha Ansari,KOTAK,802540435528,Kavita Menon,ICICI,20466,UPI,rent
T0001222,2026-04-02 07:53:56,89058180770725,Prakash Sawant,AXIS,412616498311,Aarav Mhatre,BOB,9101,UPI,salary
T0000868,2026-04-02 10:45:06,35112204147,Zubair Jain,ICICI,494994551025,Tariq Sharma,KOTAK,1015,NEFT,shopping
T0001033,2026-04-02 11:17:58,593166881925,Santosh Shinde,AXIS,412616498311,Aarav Mhatre,BOB,200,NEFT,rent
T0001285,2026-04-02 13:46:49,039828649643,Shabana Dubey,AXIS,52636956382792,Ganesh Patil,AXIS,27548,NEFT,food
T0000935,2026-04-02 14:55:36,49069208732489,Melwyn Shah,BOB,65763270177250,Peter Kamble,SBI,9454,NEFT,salary
T0001180,2026-04-02 15:47:36,63735786625989,Anjali Jain,SBI,012865108110,Karan Pillai,KOTAK,3019,IMPS,loan
T0000486,2026-04-02 16:18:46,751195185598,Sanjay Iyer,ICICI,074347242223,Manoj Pandey,BOB,3571,UPI,shopping
T0000515,2026-04-02 16:54:27,86017293030,Usha Ansari,KOTAK,802540435528,Kavita Menon,ICICI,31576,UPI,shopping
T0000996,2026-04-02 17:17:15,85500709922653,Lata Kadam,ICICI,14019074419368,Sanjay Pathan,AXIS,4029,UPI,
T0000649,2026-04-02 17:45:14,63735786625989,Anjali Jain,SBI,94125935585,Umesh Tiwari,KOTAK,3869,UPI,shopping
T0000374,2026-04-02 20:34:48,777625659668,Melwyn Kaur,HDFC,97696240122,Tariq Kulkarni,AXIS,31441,UPI,salary
T0000578,2026-04-02 21:10:30,012865108110,Karan Pillai,KOTAK,480455297373,Meena D'Souza,SBI,29481,IMPS,shopping
T0000135,2026-04-02 21:54:25,524287935222,Nikhil Qureshi,SBI,52636956382792,Ganesh Patil,AXIS,10941,UPI,salary
T0000077,2026-04-02 22:06:23,08219131027,Prakash Joshi,HDFC,24942720935365,Farhan Qureshi,BOB,4527,UPI,shopping
T0001162,2026-04-03 08:47:05,37385473560588,Manoj Pathan,HDFC,65763270177250,Peter Kamble,SBI,16350,UPI,
T0000310,2026-04-03 08:50:47,057301262000,Prakash Tiwari,AXIS,774566430878,Karan Tiwari,ICICI,23328,UPI,food
T0000523,2026-04-03 09:01:08,472152454044,Vijay Gaikwad,AXIS,074347242223,Manoj Pandey,BOB,2570,UPI,shopping
T0001298,2026-04-03 09:16:10,65927486954424,Vijay Patil,KOTAK,480455297373,Meena D'Souza,SBI,337,UPI,gift
T0001091,2026-04-03 11:21:38,26080784998,Shabana More,HDFC,31141778128,Joseph Chavan,HDFC,3426,UPI,rent
T0000645,2026-04-03 14:12:49,63660129995,Amit Joshi,SBI,64239499288,Vijay Pathan,SBI,3470,UPI,rent
T0000100,2026-04-03 14:31:37,63735786625989,Anjali Jain,SBI,802540435528,Kavita Menon,ICICI,2527,IMPS,rent
T0000983,2026-04-03 16:39:25,593166881925,Santosh Shinde,AXIS,412616498311,Aarav Mhatre,BOB,4811,UPI,bill
T0000054,2026-04-03 19:19:11,929571000332,Pooja Mishra,HDFC,480455297373,Meena D'Souza,SBI,1084,IMPS,bill
T0001252,2026-04-03 21:45:32,24942720935365,Farhan Qureshi,BOB,929571000332,Pooja Mishra,HDFC,655,UPI,bill
T0001080,2026-04-03 22:35:36,929571000332,Pooja Mishra,HDFC,36460355458,Melwyn Nair,KOTAK,1252,UPI,shopping
T0000627,2026-04-04 07:39:06,296578084488,Savio Kamble,AXIS,412616498311,Aarav Mhatre,BOB,4798,NEFT,salary
T0001117,2026-04-04 09:57:00,918233276921,Farhan Jain,AXIS,328768438416,Francis Mhatre,SBI,10425,UPI,
T0001249,2026-04-04 12:03:17,37104794793,Tariq Dubey,BOB,28110603535,Savio Naik,ICICI,637,IMPS,bill
T0000050,2026-04-04 12:35:11,08213336805,Pooja Shinde,ICICI,012769073620,Nitin Pawar,AXIS,8272,IMPS,gift
T0000115,2026-04-04 12:47:36,65927486954424,Vijay Patil,KOTAK,81623041254967,Joseph Shah,SBI,38187,NEFT,food
T0001059,2026-04-04 14:18:34,161549554077,Ganesh Kaur,AXIS,37385473560588,Manoj Pathan,HDFC,4921,UPI,shopping
T0000548,2026-04-04 15:18:58,97696240122,Tariq Kulkarni,AXIS,142793348429,Francis Kaur,BOB,482,NEFT,shopping
T0000710,2026-04-04 15:38:58,296578084488,Savio Kamble,AXIS,65142908369,Meena Rodrigues,HDFC,1674,IMPS,
T0000458,2026-04-04 16:06:33,14019074419368,Sanjay Pathan,AXIS,95574642784640,Sachin Sayed,KOTAK,2058,NEFT,food
T0000258,2026-04-04 17:02:04,440445477896,Naresh Memon,KOTAK,52754957354,Rahul Salunkhe,BOB,407,NEFT,loan
T0000569,2026-04-04 19:08:14,918233276921,Farhan Jain,AXIS,14019074419368,Sanjay Pathan,AXIS,7539,IMPS,rent
T0000204,2026-04-04 20:04:23,598626866231,Rohan Mishra,HDFC,95574642784640,Sachin Sayed,KOTAK,3023,UPI,shopping
T0001405,2026-04-05 08:29:05,353869342128,Rakesh Mehta,KOTAK,37385473560588,Manoj Pathan,HDFC,27622,NEFT,salary
T0000681,2026-04-05 10:27:45,28110603535,Savio Naik,ICICI,37104794793,Tariq Dubey,BOB,1158,UPI,salary
T0000583,2026-04-05 12:14:31,95574642784640,Sachin Sayed,KOTAK,593166881925,Santosh Shinde,AXIS,1864,UPI,loan
T0001128,2026-04-05 13:58:50,133227518056,Kavita Memon,BOB,598626866231,Rohan Mishra,HDFC,4443,IMPS,food
T0000949,2026-04-05 15:30:25,94125935585,Umesh Tiwari,KOTAK,494994551025,Tariq Sharma,KOTAK,21698,NEFT,bill
T0001373,2026-04-05 16:38:18,142793348429,Francis Kaur,BOB,154194361524,Francis More,SBI,25562,NEFT,shopping
T0001060,2026-04-05 16:52:50,161549554077,Ganesh Kaur,AXIS,645915219459,Junaid Jain,SBI,9449,NEFT,loan
T0000962,2026-04-05 17:25:51,693456768757,Harpreet Memon,KOTAK,598626866231,Rohan Mishra,HDFC,30637,IMPS,rent
T0000132,2026-04-05 18:43:29,14019074419368,Sanjay Pathan,AXIS,85500709922653,Lata Kadam,ICICI,25149,IMPS,bill
T0000824,2026-04-05 19:04:55,142793348429,Francis Kaur,BOB,97696240122,Tariq Kulkarni,AXIS,1032,UPI,loan
T0001262,2026-04-05 19:46:09,63735786625989,Anjali Jain,SBI,328768438416,Francis Mhatre,SBI,37711,UPI,gift
T0000623,2026-04-05 20:27:09,24942720935365,Farhan Qureshi,BOB,65927486954424,Vijay Patil,KOTAK,33326,NEFT,shopping
T0000205,2026-04-05 21:17:15,52754957354,Rahul Salunkhe,BOB,440445477896,Naresh Memon,KOTAK,1095,NEFT,bill
T0001199,2026-04-05 21:22:33,598626866231,Rohan Mishra,HDFC,751195185598,Sanjay Iyer,ICICI,20203,IMPS,shopping
T0000354,2026-04-06 08:36:55,900013807410,Nikhil Kulkarni,AXIS,296578084488,Savio Kamble,AXIS,6498,UPI,rent
T0000541,2026-04-06 08:53:43,31141778128,Joseph Chavan,HDFC,012865108110,Karan Pillai,KOTAK,26773,IMPS,salary
T0000597,2026-04-06 09:53:46,26080784998,Shabana More,HDFC,039828649643,Shabana Dubey,AXIS,1434,IMPS,salary
T0001482,2026-04-06 11:00:00,033488055048,Imran Ansari,HDFC,70499499343463,Ravi Kumar,ICICI,45000,CDM,cash deposit
T0000113,2026-04-06 12:43:06,66633413233,Santosh Khan,SBI,81623041254967,Joseph Shah,SBI,1322,IMPS,loan
T0001235,2026-04-06 12:58:10,900013807410,Nikhil Kulkarni,AXIS,74508478113612,Deepika Menon,HDFC,9377,UPI,gift
T0000508,2026-04-06 14:16:28,802540435528,Kavita Menon,ICICI,65763270177250,Peter Kamble,SBI,3477,IMPS,salary
T0001481,2026-04-06 15:00:00,38890897590,Sunil Pawar,HDFC,70499499343463,Ravi Kumar,ICICI,49500,CDM,cash deposit
T0001485,2026-04-06 15:00:00,033488055048,Imran Ansari,HDFC,66959325415,Anita Shinde,BOB,49900,CDM,cash deposit
T0001492,2026-04-06 15:00:00,033488055048,Imran Ansari,HDFC,987873871971,Mohd Farhan,AXIS,45000,CDM,cash deposit
T0000556,2026-04-06 15:26:34,693456768757,Harpreet Memon,KOTAK,76191714926,Sachin Nair,AXIS,34179,IMPS,loan
T0001490,2026-04-06 17:00:00,033488055048,Imran Ansari,HDFC,987873871971,Mohd Farhan,AXIS,48500,CDM,cash deposit
T0001491,2026-04-06 17:00:00,542436338398,Deepak Yadav,SBI,987873871971,Mohd Farhan,AXIS,49500,CDM,cash deposit
T0001522,2026-04-06 17:35:57,66186311139,Salim Qureshi,ICICI,03709511881,Naik Cargo Movers Pvt Ltd,ICICI,315677,RTGS,transport
T0000273,2026-04-06 18:32:09,49069208732489,Melwyn Shah,BOB,65763270177250,Peter Kamble,SBI,25382,NEFT,loan
T0000234,2026-04-06 19:54:53,494994551025,Tariq Sharma,KOTAK,35112204147,Zubair Jain,ICICI,1351,IMPS,bill
T0001493,2026-04-06 20:00:00,38890897590,Sunil Pawar,HDFC,987873871971,Mohd Farhan,AXIS,48500,CDM,cash deposit
T0000244,2026-04-06 20:22:23,069194169832,Kavita Kamble,HDFC,154194361524,Francis More,SBI,3960,UPI,gift
T0001479,2026-04-06 21:00:00,542436338398,Deepak Yadav,SBI,70499499343463,Ravi Kumar,ICICI,45000,CDM,cash deposit
T0001187,2026-04-06 21:24:30,593166881925,Santosh Shinde,AXIS,26080784998,Shabana More,HDFC,4371,UPI,
T0001483,2026-04-06 23:00:00,38890897590,Sunil Pawar,HDFC,70499499343463,Ravi Kumar,ICICI,49900,CDM,cash deposit
T0001499,2026-04-07 00:00:00,542436338398,Deepak Yadav,SBI,20115633544300,Suresh Gaikwad,HDFC,49000,CDM,cash deposit
T0001480,2026-04-07 01:00:00,033488055048,Imran Ansari,HDFC,70499499343463,Ravi Kumar,ICICI,49900,CDM,cash deposit
T0001494,2026-04-07 02:00:00,033488055048,Imran Ansari,HDFC,987873871971,Mohd Farhan,AXIS,49000,CDM,cash deposit
T0001486,2026-04-07 03:00:00,033488055048,Imran Ansari,HDFC,66959325415,Anita Shinde,BOB,49900,CDM,cash deposit
T0001495,2026-04-07 06:00:00,033488055048,Imran Ansari,HDFC,987873871971,Mohd Farhan,AXIS,47000,CDM,cash deposit
T0000057,2026-04-07 07:33:11,74508478113612,Deepika Menon,HDFC,440445477896,Naresh Memon,KOTAK,1367,NEFT,bill
T0000429,2026-04-07 07:41:20,08213336805,Pooja Shinde,ICICI,472152454044,Vijay Gaikwad,AXIS,3841,UPI,gift
T0001292,2026-04-07 08:28:00,49069208732489,Melwyn Shah,BOB,66633413233,Santosh Khan,SBI,1772,NEFT,gift
T0001514,2026-04-07 09:35:23,03709511881,Naik Cargo Movers Pvt Ltd,ICICI,40454760436077,Anthony D'Souza,AXIS,65013,NEFT,clearing charges
T0001500,2026-04-07 10:00:00,033488055048,Imran Ansari,HDFC,20115633544300,Suresh Gaikwad,HDFC,49000,CDM,cash deposit
T0000524,2026-04-07 10:16:39,79209882490043,Sameer Memon,BOB,142793348429,Francis Kaur,BOB,1573,UPI,rent
T0001498,2026-04-07 11:00:00,38890897590,Sunil Pawar,HDFC,20115633544300,Suresh Gaikwad,HDFC,45000,CDM,cash deposit
T0001478,2026-04-07 13:00:00,38890897590,Sunil Pawar,HDFC,70499499343463,Ravi Kumar,ICICI,47000,CDM,cash deposit
T0001032,2026-04-07 15:00:32,36460355458,Melwyn Nair,KOTAK,65927486954424,Vijay Patil,KOTAK,4555,IMPS,bill
T0001484,2026-04-07 16:00:00,70499499343463,Ravi Kumar,ICICI,52554550767732,Skyline Infra Ventures Pvt Ltd,AXIS,277711.0,RTGS,consultancy fee
T0000181,2026-04-07 16:27:28,31141778128,Joseph Chavan,HDFC,494994551025,Tariq Sharma,KOTAK,24528,UPI,shopping
T0001291,2026-04-07 16:39:39,918233276921,Farhan Jain,AXIS,65763270177250,Peter Kamble,SBI,30653,IMPS,
T0001488,2026-04-07 18:00:00,033488055048,Imran Ansari,HDFC,66959325415,Anita Shinde,BOB,45000,CDM,cash deposit
T0001496,2026-04-07 18:00:00,987873871971,Mohd Farhan,AXIS,52554550767732,Skyline Infra Ventures Pvt Ltd,AXIS,278875.0,RTGS,consultancy fee
T0001517,2026-04-07 18:30:23,03709511881,Naik Cargo Movers Pvt Ltd,ICICI,40454760436077,Anthony D'Souza,AXIS,65687,NEFT,clearing charges
T0001497,2026-04-07 19:00:00,38890897590,Sunil Pawar,HDFC,20115633544300,Suresh Gaikwad,HDFC,49500,CDM,cash deposit
T0000212,2026-04-07 21:28:34,28110603535,Savio Naik,ICICI,823945661629,Priyanka Jadhav,ICICI,16844,UPI,gift
T0000519,2026-04-07 21:34:51,823945661629,Priyanka Jadhav,ICICI,24942720935365,Farhan Qureshi,BOB,18900,NEFT,salary
T0001487,2026-04-07 22:00:00,033488055048,Imran Ansari,HDFC,66959325415,Anita Shinde,BOB,47000,CDM,cash deposit
T0000216,2026-04-07 22:16:19,63660129995,Amit Joshi,SBI,65142908369,Meena Rodrigues,HDFC,4653,UPI,
T0001489,2026-04-08 03:00:00,66959325415,Anita Shinde,BOB,52554550767732,Skyline Infra Ventures Pvt Ltd,AXIS,186046.0,RTGS,consultancy fee
T0001501,2026-04-08 06:00:00,20115633544300,Suresh Gaikwad,HDFC,52554550767732,Skyline Infra Ventures Pvt Ltd,AXIS,186725.0,RTGS,consultancy fee
T0001398,2026-04-08 08:52:30,52901494841638,Vikram Naik,AXIS,328768438416,Francis Mhatre,SBI,21638,NEFT,salary
T0001203,2026-04-08 09:45:02,52636956382792,Ganesh Patil,AXIS,37104794793,Tariq Dubey,BOB,2881,UPI,bill
T0001418,2026-04-08 14:38:13,04320423681302,Priya Deshmukh,KOTAK,26080784998,Shabana More,HDFC,24530,NEFT,salary
T0000944,2026-04-08 16:03:03,777625659668,Melwyn Kaur,HDFC,929571000332,Pooja Mishra,HDFC,22188,IMPS,shopping
T0000629,2026-04-08 16:09:59,929571000332,Pooja Mishra,HDFC,593166881925,Santosh Shinde,AXIS,33220,NEFT,
T0000076,2026-04-08 16:18:38,296578084488,Savio Kamble,AXIS,012769073620,Nitin Pawar,AXIS,2614,NEFT,
T0001115,2026-04-08 16:40:41,774566430878,Karan Tiwari,ICICI,057301262000,Prakash Tiwari,AXIS,3397,UPI,food
T0000307,2026-04-08 17:35:20,494994551025,Tariq Sharma,KOTAK,81623041254967,Joseph Shah,SBI,23509,NEFT,shopping
T0001178,2026-04-08 17:39:10,161549554077,Ganesh Kaur,AXIS,918233276921,Farhan Jain,AXIS,27408,UPI,loan
T0000625,2026-04-08 17:53:28,472152454044,Vijay Gaikwad,AXIS,08219131027,Prakash Joshi,HDFC,942,UPI,loan
T0000294,2026-04-08 17:58:25,012865108110,Karan Pillai,KOTAK,074347242223,Manoj Pandey,BOB,1188,UPI,rent
T0000202,2026-04-08 18:45:58,66633413233,Santosh Khan,SBI,49069208732489,Melwyn Shah,BOB,2292,IMPS,bill
T0001502,2026-04-09 08:00:00,52554550767732,Skyline Infra Ventures Pvt Ltd,AXIS,28379390395594,Jain Bullion & Traders,HDFC,882889.15,RTGS,purchase of goods
T0000274,2026-04-09 09:00:51,35112204147,Zubair Jain,ICICI,37104794793,Tariq Dubey,BOB,1846,UPI,rent
T0001109,2026-04-09 09:07:11,774566430878,Karan Tiwari,ICICI,85500709922653,Lata Kadam,ICICI,3260,NEFT,rent
T0001088,2026-04-09 10:02:24,02043849865,Mahesh Sawant,SBI,93109576525824,Nikhil Yadav,SBI,2451,NEFT,rent
T0000053,2026-04-09 12:21:29,328768438416,Francis Mhatre,SBI,89058180770725,Prakash Sawant,AXIS,18169,IMPS,rent
T0000027,2026-04-09 12:58:46,412616498311,Aarav Mhatre,BOB,34051331503875,Simran Shah,AXIS,18798,IMPS,food
T0001232,2026-04-09 14:01:38,24942720935365,Farhan Qureshi,BOB,65927486954424,Vijay Patil,KOTAK,2190,NEFT,gift
T0001016,2026-04-09 14:09:10,751195185598,Sanjay Iyer,ICICI,074347242223,Manoj Pandey,BOB,4052,IMPS,bill
T0000194,2026-04-09 14:29:00,069194169832,Kavita Kamble,HDFC,598626866231,Rohan Mishra,HDFC,6750,NEFT,shopping
T0001052,2026-04-09 15:00:40,81623041254967,Joseph Shah,SBI,777625659668,Melwyn Kaur,HDFC,37036,UPI,food
T0001302,2026-04-09 15:35:32,751195185598,Sanjay Iyer,ICICI,49069208732489,Melwyn Shah,BOB,7007,IMPS,
T0001503,2026-04-09 16:00:00,28379390395594,Jain Bullion & Traders,HDFC,79256608510,Mehta Realty LLP,KOTAK,836421.3,RTGS,advance booking - Sky Residency
T0001346,2026-04-09 18:01:07,412616498311,Aarav Mhatre,BOB,593166881925,Santosh Shinde,AXIS,3851,NEFT,bill
T0000890,2026-04-09 18:13:18,36460355458,Melwyn Nair,KOTAK,777625659668,Melwyn Kaur,HDFC,677,IMPS,shopping
T0001326,2026-04-09 18:40:15,93109576525824,Nikhil Yadav,SBI,802540435528,Kavita Menon,ICICI,3120,NEFT,rent
T0000567,2026-04-09 18:48:33,97696240122,Tariq Kulkarni,AXIS,777625659668,Melwyn Kaur,HDFC,26303,UPI,salary
T0000280,2026-04-09 18:49:36,500160303214,Manoj Pillai,KOTAK,26080784998,Shabana More,HDFC,24340,NEFT,gift
T0000915,2026-04-09 19:17:09,823945661629,Priyanka Jadhav,ICICI,08219131027,Prakash Joshi,HDFC,9858,NEFT,shopping
T0000756,2026-04-09 19:47:19,693456768757,Harpreet Memon,KOTAK,26080784998,Shabana More,HDFC,10158,UPI,food
T0001085,2026-04-09 22:32:06,63660129995,Amit Joshi,SBI,524287935222,Nikhil Qureshi,SBI,3743,IMPS,shopping
T0000067,2026-04-09 22:57:59,069194169832,Kavita Kamble,HDFC,412616498311,Aarav Mhatre,BOB,4282,UPI,rent
T0000362,2026-04-10 07:36:37,480455297373,Meena D'Souza,SBI,823945661629,Priyanka Jadhav,ICICI,36686,NEFT,bill
T0001046,2026-04-10 08:27:38,35112204147,Zubair Jain,ICICI,37104794793,Tariq Dubey,BOB,1135,UPI,gift
T0000989,2026-04-10 08:34:15,65142908369,Meena Rodrigues,HDFC,34051331503875,Simran Shah,AXIS,3874,NEFT,
T0000254,2026-04-10 09:52:35,133227518056,Kavita Memon,BOB,069194169832,Kavita Kamble,HDFC,10940,IMPS,gift
T0000879,2026-04-10 13:57:16,774566430878,Karan Tiwari,ICICI,94125935585,Umesh Tiwari,KOTAK,639,NEFT,bill
T0001504,2026-04-10 14:00:00,79256608510,Mehta Realty LLP,KOTAK,87760978738002,Kiran Patel,BOB,371742.8,RTGS,investor payout
T0000024,2026-04-10 15:25:40,751195185598,Sanjay Iyer,ICICI,823945661629,Priyanka Jadhav,ICICI,2319,UPI,rent
T0000985,2026-04-10 16:53:33,751195185598,Sanjay Iyer,ICICI,36460355458,Melwyn Nair,KOTAK,682,NEFT,food
T0000029,2026-04-10 16:59:51,154194361524,Francis More,SBI,31141778128,Joseph Chavan,HDFC,3597,UPI,food
T0001026,2026-04-10 21:03:25,81623041254967,Joseph Shah,SBI,012769073620,Nitin Pawar,AXIS,2772,UPI,bill
T0001078,2026-04-10 21:41:49,142793348429,Francis Kaur,BOB,154194361524,Francis More,SBI,3366,UPI,rent
T0000618,2026-04-10 22:59:34,480455297373,Meena D'Souza,SBI,65927486954424,Vijay Patil,KOTAK,2891,IMPS,shopping
T0001168,2026-04-11 07:37:14,76191714926,Sachin Nair,AXIS,97696240122,Tariq Kulkarni,AXIS,35547,NEFT,loan
T0000441,2026-04-11 08:46:16,63735786625989,Anjali Jain,SBI,802540435528,Kavita Menon,ICICI,6889,NEFT,salary
T0000851,2026-04-11 10:35:27,81623041254967,Joseph Shah,SBI,751195185598,Sanjay Iyer,ICICI,1797,UPI,gift
T0000892,2026-04-11 12:01:40,012865108110,Karan Pillai,KOTAK,929571000332,Pooja Mishra,HDFC,22713,UPI,loan
T0001053,2026-04-11 13:18:29,802540435528,Kavita Menon,ICICI,89058180770725,Prakash Sawant,AXIS,24400,UPI,
T0000764,2026-04-11 14:52:37,774566430878,Karan Tiwari,ICICI,74508478113612,Deepika Menon,HDFC,928,NEFT,
T0000358,2026-04-11 15:09:48,069194169832,Kavita Kamble,HDFC,850899727502,Simran Kadam,KOTAK,1224,UPI,
T0000263,2026-04-11 15:58:48,81623041254967,Joseph Shah,SBI,494994551025,Tariq Sharma,KOTAK,2609,IMPS,
T0000188,2026-04-11 16:07:20,08219131027,Prakash Joshi,HDFC,823945661629,Priyanka Jadhav,ICICI,11296,IMPS,shopping
T0001006,2026-04-11 19:01:24,66633413233,Santosh Khan,SBI,37104794793,Tariq Dubey,BOB,2124,IMPS,loan
T0000012,2026-04-11 20:48:22,165603869662,Simran Kamble,BOB,95574642784640,Sachin Sayed,KOTAK,2739,NEFT,loan
T0000620,2026-04-11 20:58:44,697114719267,Vivaan Deshmukh,ICICI,900013807410,Nikhil Kulkarni,AXIS,2592,IMPS,food
T0000346,2026-04-11 21:11:51,802540435528,Kavita Menon,ICICI,918233276921,Farhan Jain,AXIS,22400,UPI,gift
T0000759,2026-04-11 22:00:00,823945661629,Priyanka Jadhav,ICICI,28110603535,Savio Naik,ICICI,4972,UPI,bill
T0000131,2026-04-11 22:59:11,63660129995,Amit Joshi,SBI,64239499288,Vijay Pathan,SBI,11454,UPI,bill
T0000150,2026-04-12 09:54:07,06088010423,Michael Kulkarni,SBI,598626866231,Rohan Mishra,HDFC,3281,UPI,shopping
T0001387,2026-04-12 11:41:54,02043849865,Mahesh Sawant,SBI,774566430878,Karan Tiwari,ICICI,25983,UPI,gift
T0000213,2026-04-12 16:58:14,89058180770725,Prakash Sawant,AXIS,93109576525824,Nikhil Yadav,SBI,22418,UPI,food
T0000180,2026-04-12 17:36:40,76191714926,Sachin Nair,AXIS,97696240122,Tariq Kulkarni,AXIS,25450,IMPS,shopping
T0000997,2026-04-12 18:11:43,161549554077,Ganesh Kaur,AXIS,012865108110,Karan Pillai,KOTAK,3376,NEFT,gift
T0000305,2026-04-12 18:42:10,154194361524,Francis More,SBI,31141778128,Joseph Chavan,HDFC,9840,NEFT,gift
T0000857,2026-04-12 19:22:35,65142908369,Meena Rodrigues,HDFC,08219131027,Prakash Joshi,HDFC,14771,IMPS,
T0000632,2026-04-12 20:00:28,52636956382792,Ganesh Patil,AXIS,06088010423,Michael Kulkarni,SBI,9825,NEFT,
T0000386,2026-04-13 08:42:05,057301262000,Prakash Tiwari,AXIS,65763270177250,Peter Kamble,SBI,39535,IMPS,salary
T0000807,2026-04-13 10:10:01,76191714926,Sachin Nair,AXIS,97696240122,Tariq Kulkarni,AXIS,32190,NEFT,food
T0000164,2026-04-13 10:54:43,37104794793,Tariq Dubey,BOB,28110603535,Savio Naik,ICICI,4584,IMPS,
T0000395,2026-04-13 12:01:19,95574642784640,Sachin Sayed,KOTAK,14019074419368,Sanjay Pathan,AXIS,17941,UPI,bill
T0001112,2026-04-13 12:59:16,65927486954424,Vijay Patil,KOTAK,65763270177250,Peter Kamble,SBI,4193,IMPS,food
T0000456,2026-04-13 13:10:14,900013807410,Nikhil Kulkarni,AXIS,751195185598,Sanjay Iyer,ICICI,39123,NEFT,loan
T0000355,2026-04-13 13:20:42,500160303214,Manoj Pillai,KOTAK,693456768757,Harpreet Memon,KOTAK,2308,IMPS,loan
T0000266,2026-04-13 14:59:41,64239499288,Vijay Pathan,SBI,63660129995,Amit Joshi,SBI,3369,UPI,loan
T0000678,2026-04-13 15:17:13,165603869662,Simran Kamble,BOB,97696240122,Tariq Kulkarni,AXIS,4555,IMPS,gift
T0000142,2026-04-13 17:23:35,93109576525824,Nikhil Yadav,SBI,598626866231,Rohan Mishra,HDFC,14465,UPI,salary
T0000466,2026-04-13 18:45:53,142793348429,Francis Kaur,BOB,472152454044,Vijay Gaikwad,AXIS,21751,IMPS,bill
T0001210,2026-04-13 20:07:09,93109576525824,Nikhil Yadav,SBI,161549554077,Ganesh Kaur,AXIS,2578,IMPS,food
T0000330,2026-04-13 21:25:59,472152454044,Vijay Gaikwad,AXIS,08219131027,Prakash Joshi,HDFC,10802,UPI,salary
T0000788,2026-04-14 07:06:25,37385473560588,Manoj Pathan,HDFC,161549554077,Ganesh Kaur,AXIS,2782,IMPS,salary
T0000750,2026-04-14 09:18:11,37385473560588,Manoj Pathan,HDFC,97696240122,Tariq Kulkarni,AXIS,29485,IMPS,food
T0000951,2026-04-14 14:48:33,161549554077,Ganesh Kaur,AXIS,012865108110,Karan Pillai,KOTAK,9866,IMPS,shopping
T0000809,2026-04-14 17:36:37,34051331503875,Simran Shah,AXIS,161549554077,Ganesh Kaur,AXIS,28430,NEFT,shopping
T0000666,2026-04-14 19:28:42,929571000332,Pooja Mishra,HDFC,494994551025,Tariq Sharma,KOTAK,4279,UPI,salary
T0000542,2026-04-14 21:15:50,328768438416,Francis Mhatre,SBI,154194361524,Francis More,SBI,18923,UPI,bill
T0000379,2026-04-14 21:30:04,63735786625989,Anjali Jain,SBI,08213336805,Pooja Shinde,ICICI,725,UPI,
T0001244,2026-04-14 22:12:35,66633413233,Santosh Khan,SBI,472152454044,Vijay Gaikwad,AXIS,2090,UPI,salary
T0000659,2026-04-15 08:36:38,76191714926,Sachin Nair,AXIS,440445477896,Naresh Memon,KOTAK,12949,UPI,rent
T0000621,2026-04-15 09:02:48,63735786625989,Anjali Jain,SBI,14019074419368,Sanjay Pathan,AXIS,26193,UPI,salary
T0000146,2026-04-15 13:35:40,52636956382792,Ganesh Patil,AXIS,26080784998,Shabana More,HDFC,29191,NEFT,loan
T0000923,2026-04-15 14:03:01,057301262000,Prakash Tiwari,AXIS,34051331503875,Simran Shah,AXIS,7768,UPI,loan
T0000484,2026-04-15 14:22:20,37385473560588,Manoj Pathan,HDFC,929571000332,Pooja Mishra,HDFC,18880,UPI,shopping
T0000642,2026-04-15 14:43:46,472152454044,Vijay Gaikwad,AXIS,802540435528,Kavita Menon,ICICI,208,UPI,gift
T0000581,2026-04-15 15:00:20,65763270177250,Peter Kamble,SBI,37385473560588,Manoj Pathan,HDFC,3709,UPI,food
T0000522,2026-04-15 16:07:42,494994551025,Tariq Sharma,KOTAK,94125935585,Umesh Tiwari,KOTAK,31986,IMPS,shopping
T0001056,2026-04-16 07:06:24,76191714926,Sachin Nair,AXIS,440445477896,Naresh Memon,KOTAK,31360,UPI,rent
T0001513,2026-04-16 09:45:55,76021903463,Mahesh Jain,AXIS,84026309246391,Rafiq Sheikh,KOTAK,115465,NEFT,loan repayment
T0001135,2026-04-16 10:03:32,97696240122,Tariq Kulkarni,AXIS,012865108110,Karan Pillai,KOTAK,1273,UPI,gift
T0000389,2026-04-16 10:54:15,296578084488,Savio Kamble,AXIS,412616498311,Aarav Mhatre,BOB,3548,NEFT,loan
T0001209,2026-04-16 12:03:37,65763270177250,Peter Kamble,SBI,37385473560588,Manoj Pathan,HDFC,12368,UPI,
T0001039,2026-04-16 15:52:16,81623041254967,Joseph Shah,SBI,133227518056,Kavita Memon,BOB,8937,NEFT,
T0000859,2026-04-16 15:59:09,500160303214,Manoj Pillai,KOTAK,057301262000,Prakash Tiwari,AXIS,11596,UPI,bill
T0000185,2026-04-16 16:33:54,36460355458,Melwyn Nair,KOTAK,412616498311,Aarav Mhatre,BOB,10736,UPI,rent
T0001213,2026-04-16 16:37:20,433614939807,Irfan Singh,HDFC,328768438416,Francis Mhatre,SBI,3200,UPI,loan
T0001277,2026-04-16 17:52:17,012865108110,Karan Pillai,KOTAK,89058180770725,Prakash Sawant,AXIS,3331,IMPS,loan
T0000070,2026-04-16 17:53:59,598626866231,Rohan Mishra,HDFC,08219131027,Prakash Joshi,HDFC,3017,IMPS,shopping
T0000296,2026-04-16 17:54:37,697114719267,Vivaan Deshmukh,ICICI,480455297373,Meena D'Souza,SBI,1309,IMPS,rent
T0000673,2026-04-16 18:08:37,850899727502,Simran Kadam,KOTAK,79209882490043,Sameer Memon,BOB,4621,NEFT,gift
T0001093,2026-04-16 18:16:44,161549554077,Ganesh Kaur,AXIS,37385473560588,Manoj Pathan,HDFC,3674,UPI,gift
T0000391,2026-04-16 20:39:43,26080784998,Shabana More,HDFC,66633413233,Santosh Khan,SBI,4056,IMPS,
T0000982,2026-04-16 20:55:00,850899727502,Simran Kadam,KOTAK,52636956382792,Ganesh Patil,AXIS,1088,NEFT,loan
T0000470,2026-04-17 07:09:50,012865108110,Karan Pillai,KOTAK,929571000332,Pooja Mishra,HDFC,3794,IMPS,bill
T0001207,2026-04-17 07:29:30,165603869662,Simran Kamble,BOB,97696240122,Tariq Kulkarni,AXIS,27213,UPI,shopping
T0000939,2026-04-17 07:40:56,28110603535,Savio Naik,ICICI,37104794793,Tariq Dubey,BOB,25113,NEFT,
T0000006,2026-04-17 07:53:24,693456768757,Harpreet Memon,KOTAK,012769073620,Nitin Pawar,AXIS,20976,UPI,
T0001034,2026-04-17 08:45:56,06088010423,Michael Kulkarni,SBI,64239499288,Vijay Pathan,SBI,3162,IMPS,rent
T0000087,2026-04-17 09:41:33,494994551025,Tariq Sharma,KOTAK,165603869662,Simran Kamble,BOB,36861,IMPS,gift
T0001028,2026-04-17 09:41:50,039828649643,Shabana Dubey,AXIS,774566430878,Karan Tiwari,ICICI,13813,NEFT,bill
T0000550,2026-04-17 12:00:15,08213336805,Pooja Shinde,ICICI,069194169832,Kavita Kamble,HDFC,5525,IMPS,
T0001020,2026-04-17 12:54:22,777625659668,Melwyn Kaur,HDFC,93109576525824,Nikhil Yadav,SBI,33775,IMPS,bill
T0000834,2026-04-17 13:22:56,28110603535,Savio Naik,ICICI,37385473560588,Manoj Pathan,HDFC,12445,IMPS,shopping
T0000078,2026-04-17 13:56:01,37104794793,Tariq Dubey,BOB,66633413233,Santosh Khan,SBI,1478,NEFT,bill
T0000289,2026-04-17 14:55:41,85500709922653,Lata Kadam,ICICI,774566430878,Karan Tiwari,ICICI,2117,IMPS,loan
T0001218,2026-04-17 17:19:22,08219131027,Prakash Joshi,HDFC,65142908369,Meena Rodrigues,HDFC,3663,IMPS,loan
T0000158,2026-04-17 17:54:41,480455297373,Meena D'Souza,SBI,918233276921,Farhan Jain,AXIS,3784,IMPS,gift
T0001359,2026-04-17 17:58:01,900013807410,Nikhil Kulkarni,AXIS,142793348429,Francis Kaur,BOB,1348,UPI,bill
T0000894,2026-04-17 20:44:48,039828649643,Shabana Dubey,AXIS,26080784998,Shabana More,HDFC,14187,UPI,bill
T0000705,2026-04-18 07:34:41,697114719267,Vivaan Deshmukh,ICICI,929571000332,Pooja Mishra,HDFC,23877,UPI,rent
T0000198,2026-04-18 08:48:11,165603869662,Simran Kamble,BOB,012865108110,Karan Pillai,KOTAK,16469,UPI,rent
T0000896,2026-04-18 09:10:20,66633413233,Santosh Khan,SBI,81623041254967,Joseph Shah,SBI,13333,UPI,gift
T0000449,2026-04-18 09:52:08,37385473560588,Manoj Pathan,HDFC,94125935585,Umesh Tiwari,KOTAK,14950,IMPS,rent
T0000109,2026-04-18 12:12:26,81623041254967,Joseph Shah,SBI,012769073620,Nitin Pawar,AXIS,9138,UPI,shopping
T0000619,2026-04-18 12:22:19,28110603535,Savio Naik,ICICI,823945661629,Priyanka Jadhav,ICICI,658,UPI,salary
T0001001,2026-04-18 14:02:42,328768438416,Francis Mhatre,SBI,802540435528,Kavita Menon,ICICI,2625,UPI,shopping
T0001035,2026-04-18 14:13:07,81623041254967,Joseph Shah,SBI,26080784998,Shabana More,HDFC,4795,UPI,gift
T0000626,2026-04-18 18:13:54,28110603535,Savio Naik,ICICI,37104794793,Tariq Dubey,BOB,1202,IMPS,rent
T0000433,2026-04-19 08:21:16,165603869662,Simran Kamble,BOB,328768438416,Francis Mhatre,SBI,36295,UPI,shopping
T0000001,2026-04-19 12:51:48,02043849865,Mahesh Sawant,SBI,598626866231,Rohan Mishra,HDFC,24475,NEFT,loan
T0001133,2026-04-19 13:00:41,89058180770725,Prakash Sawant,AXIS,802540435528,Kavita Menon,ICICI,727,NEFT,bill
T0001067,2026-04-19 13:45:51,802540435528,Kavita Menon,ICICI,35112204147,Zubair Jain,ICICI,2333,IMPS,shopping
T0001227,2026-04-19 14:02:59,440445477896,Naresh Memon,KOTAK,645915219459,Junaid Jain,SBI,14547,UPI,rent
T0001510,2026-04-19 18:40:19,76021903463,Mahesh Jain,AXIS,84026309246391,Rafiq Sheikh,KOTAK,196502,NEFT,loan repayment
T0000283,2026-04-19 22:27:04,31141778128,Joseph Chavan,HDFC,472152454044,Vijay Gaikwad,AXIS,6354,UPI,
T0000761,2026-04-20 07:21:32,79209882490043,Sameer Memon,BOB,02043849865,Mahesh Sawant,SBI,2061,UPI,
T0000903,2026-04-20 07:40:37,494994551025,Tariq Sharma,KOTAK,165603869662,Simran Kamble,BOB,28843,UPI,food
T0001169,2026-04-20 09:49:34,65927486954424,Vijay Patil,KOTAK,36460355458,Melwyn Nair,KOTAK,2373,UPI,bill
T0001030,2026-04-20 10:44:56,480455297373,Meena D'Souza,SBI,133227518056,Kavita Memon,BOB,37148,UPI,gift
T0000609,2026-04-20 11:29:34,52754957354,Rahul Salunkhe,BOB,161549554077,Ganesh Kaur,AXIS,32571,IMPS,
T0001365,2026-04-20 12:28:56,593166881925,Santosh Shinde,AXIS,165603869662,Simran Kamble,BOB,3633,UPI,food
T0000784,2026-04-20 13:31:39,823945661629,Priyanka Jadhav,ICICI,24942720935365,Farhan Qureshi,BOB,27184,NEFT,bill
T0000786,2026-04-20 13:46:40,057301262000,Prakash Tiwari,AXIS,693456768757,Harpreet Memon,KOTAK,27892,IMPS,rent
T0001299,2026-04-20 14:50:41,154194361524,Francis More,SBI,14019074419368,Sanjay Pathan,AXIS,5194,NEFT,gift
T0001011,2026-04-20 22:07:59,433614939807,Irfan Singh,HDFC,328768438416,Francis Mhatre,SBI,27990,UPI,shopping
T0001114,2026-04-20 22:18:17,524287935222,Nikhil Qureshi,SBI,31141778128,Joseph Chavan,HDFC,2517,UPI,loan
T0000376,2026-04-20 22:36:42,433614939807,Irfan Singh,HDFC,598626866231,Rohan Mishra,HDFC,1905,IMPS,gift
T0000098,2026-04-20 22:47:02,929571000332,Pooja Mishra,HDFC,593166881925,Santosh Shinde,AXIS,4588,NEFT,loan
T0001328,2026-04-21 09:58:06,850899727502,Simran Kadam,KOTAK,79209882490043,Sameer Memon,BOB,4007,UPI,gift
T0000995,2026-04-21 10:32:46,31141778128,Joseph Chavan,HDFC,524287935222,Nikhil Qureshi,SBI,2323,UPI,bill
T0001327,2026-04-21 14:28:17,97696240122,Tariq Kulkarni,AXIS,52754957354,Rahul Salunkhe,BOB,4704,UPI,rent
T0000536,2026-04-21 15:00:38,900013807410,Nikhil Kulkarni,AXIS,823945661629,Priyanka Jadhav,ICICI,2170,UPI,shopping
T0001239,2026-04-21 15:02:17,774566430878,Karan Tiwari,ICICI,693456768757,Harpreet Memon,KOTAK,11739,UPI,food
T0000663,2026-04-21 15:46:16,86017293030,Usha Ansari,KOTAK,433614939807,Irfan Singh,HDFC,4824,IMPS,loan
T0000370,2026-04-21 16:31:31,823945661629,Priyanka Jadhav,ICICI,37385473560588,Manoj Pathan,HDFC,9824,UPI,food
T0001116,2026-04-21 16:51:33,069194169832,Kavita Kamble,HDFC,24942720935365,Farhan Qureshi,BOB,1329,UPI,bill
T0001261,2026-04-21 20:15:42,31141778128,Joseph Chavan,HDFC,14019074419368,Sanjay Pathan,AXIS,3200,UPI,loan
T0000820,2026-04-21 20:27:31,08219131027,Prakash Joshi,HDFC,012865108110,Karan Pillai,KOTAK,11884,NEFT,food
T0001319,2026-04-21 21:18:21,900013807410,Nikhil Kulkarni,AXIS,31141778128,Joseph Chavan,HDFC,22236,UPI,shopping
T0000748,2026-04-21 22:14:04,95574642784640,Sachin Sayed,KOTAK,52636956382792,Ganesh Patil,AXIS,473,UPI,shopping
T0000947,2026-04-22 09:56:13,057301262000,Prakash Tiwari,AXIS,918233276921,Farhan Jain,AXIS,5331,IMPS,gift
T0001416,2026-04-22 10:52:40,04320423681302,Priya Deshmukh,KOTAK,057301262000,Prakash Tiwari,AXIS,9974,NEFT,salary
T0001069,2026-04-22 13:50:15,598626866231,Rohan Mishra,HDFC,31141778128,Joseph Chavan,HDFC,2563,UPI,gift
T0001184,2026-04-22 14:47:57,74508478113612,Deepika Menon,HDFC,440445477896,Naresh Memon,KOTAK,23155,NEFT,shopping
T0001192,2026-04-22 16:49:51,328768438416,Francis Mhatre,SBI,66633413233,Santosh Khan,SBI,35402,NEFT,salary
T0001321,2026-04-22 19:13:27,26080784998,Shabana More,HDFC,31141778128,Joseph Chavan,HDFC,1920,IMPS,loan
T0000535,2026-04-22 21:25:03,37385473560588,Manoj Pathan,HDFC,97696240122,Tariq Kulkarni,AXIS,11996,NEFT,rent
T0000237,2026-04-22 21:29:10,433614939807,Irfan Singh,HDFC,74508478113612,Deepika Menon,HDFC,1239,IMPS,salary
T0000253,2026-04-22 21:41:04,057301262000,Prakash Tiwari,AXIS,774566430878,Karan Tiwari,ICICI,932,UPI,bill
T0001269,2026-04-22 22:36:59,823945661629,Priyanka Jadhav,ICICI,08219131027,Prakash Joshi,HDFC,983,UPI,loan
T0000074,2026-04-22 22:41:27,133227518056,Kavita Memon,BOB,63660129995,Amit Joshi,SBI,31575,UPI,rent
T0000684,2026-04-23 09:37:20,074347242223,Manoj Pandey,BOB,64239499288,Vijay Pathan,SBI,2890,IMPS,bill
T0000114,2026-04-23 09:37:35,95574642784640,Sachin Sayed,KOTAK,14019074419368,Sanjay Pathan,AXIS,3946,UPI,bill
T0001420,2026-04-23 11:15:45,04320423681302,Priya Deshmukh,KOTAK,36460355458,Melwyn Nair,KOTAK,32873,NEFT,salary
T0000611,2026-04-23 17:20:43,161549554077,Ganesh Kaur,AXIS,918233276921,Farhan Jain,AXIS,38471,UPI,gift
T0000772,2026-04-23 18:49:11,598626866231,Rohan Mishra,HDFC,697114719267,Vivaan Deshmukh,ICICI,2113,UPI,bill
T0001306,2026-04-23 19:38:00,52636956382792,Ganesh Patil,AXIS,06088010423,Michael Kulkarni,SBI,3462,NEFT,
T0001300,2026-04-23 19:40:29,79209882490043,Sameer Memon,BOB,95574642784640,Sachin Sayed,KOTAK,3564,IMPS,loan
T0001381,2026-04-23 21:29:23,480455297373,Meena D'Souza,SBI,37385473560588,Manoj Pathan,HDFC,17028,UPI,bill
T0001036,2026-04-24 07:31:07,154194361524,Francis More,SBI,65142908369,Meena Rodrigues,HDFC,29494,UPI,
T0000810,2026-04-24 08:20:16,02043849865,Mahesh Sawant,SBI,89058180770725,Prakash Sawant,AXIS,4276,NEFT,food
T0000829,2026-04-24 11:34:40,65763270177250,Peter Kamble,SBI,918233276921,Farhan Jain,AXIS,26632,UPI,rent
T0000345,2026-04-24 11:58:41,412616498311,Aarav Mhatre,BOB,08213336805,Pooja Shinde,ICICI,12714,UPI,gift
T0000509,2026-04-24 14:24:05,66633413233,Santosh Khan,SBI,64239499288,Vijay Pathan,SBI,5239,IMPS,salary
T0000798,2026-04-24 14:35:05,165603869662,Simran Kamble,BOB,328768438416,Francis Mhatre,SBI,7144,UPI,loan
T0000585,2026-04-24 14:35:29,74508478113612,Deepika Menon,HDFC,37385473560588,Manoj Pathan,HDFC,33894,NEFT,shopping
T0001355,2026-04-24 15:04:16,802540435528,Kavita Menon,ICICI,28110603535,Savio Naik,ICICI,3828,IMPS,rent
T0000116,2026-04-24 15:48:55,08219131027,Prakash Joshi,HDFC,472152454044,Vijay Gaikwad,AXIS,22617,IMPS,bill
T0000785,2026-04-24 16:12:52,440445477896,Naresh Memon,KOTAK,774566430878,Karan Tiwari,ICICI,17852,IMPS,rent
T0000363,2026-04-24 16:17:03,039828649643,Shabana Dubey,AXIS,89058180770725,Prakash Sawant,AXIS,572,UPI,gift
T0000040,2026-04-24 17:02:24,802540435528,Kavita Menon,ICICI,36460355458,Melwyn Nair,KOTAK,1145,UPI,loan
T0000277,2026-04-24 17:02:56,802540435528,Kavita Menon,ICICI,63735786625989,Anjali Jain,SBI,30651,UPI,bill
T0000118,2026-04-24 21:02:38,154194361524,Francis More,SBI,494994551025,Tariq Sharma,KOTAK,3187,IMPS,loan
T0000007,2026-04-24 21:26:40,850899727502,Simran Kadam,KOTAK,31141778128,Joseph Chavan,HDFC,10712,NEFT,loan
T0000720,2026-04-24 21:32:23,26080784998,Shabana More,HDFC,31141778128,Joseph Chavan,HDFC,14101,IMPS,bill
T0001104,2026-04-25 07:00:56,074347242223,Manoj Pandey,BOB,64239499288,Vijay Pathan,SBI,1657,UPI,bill
T0000931,2026-04-25 09:32:46,433614939807,Irfan Singh,HDFC,598626866231,Rohan Mishra,HDFC,4600,UPI,bill
T0001173,2026-04-25 10:05:56,039828649643,Shabana Dubey,AXIS,069194169832,Kavita Kamble,HDFC,3157,UPI,rent
T0000315,2026-04-25 10:07:35,693456768757,Harpreet Memon,KOTAK,593166881925,Santosh Shinde,AXIS,15082,UPI,gift
T0000662,2026-04-25 10:23:46,85500709922653,Lata Kadam,ICICI,63660129995,Amit Joshi,SBI,2336,UPI,shopping
T0000848,2026-04-25 11:40:54,24942720935365,Farhan Qureshi,BOB,069194169832,Kavita Kamble,HDFC,6530,UPI,rent
T0000687,2026-04-25 12:47:05,802540435528,Kavita Menon,ICICI,86017293030,Usha Ansari,KOTAK,7648,UPI,gift
T0000880,2026-04-25 12:54:25,14019074419368,Sanjay Pathan,AXIS,08213336805,Pooja Shinde,ICICI,36432,IMPS,rent
T0001257,2026-04-25 13:01:12,52636956382792,Ganesh Patil,AXIS,95574642784640,Sachin Sayed,KOTAK,27394,UPI,gift
T0000888,2026-04-25 13:25:21,777625659668,Melwyn Kaur,HDFC,133227518056,Kavita Memon,BOB,3203,NEFT,food
T0001258,2026-04-25 16:24:15,89058180770725,Prakash Sawant,AXIS,850899727502,Simran Kadam,KOTAK,20033,IMPS,shopping
T0000141,2026-04-25 17:28:32,89058180770725,Prakash Sawant,AXIS,802540435528,Kavita Menon,ICICI,2884,IMPS,food
T0000229,2026-04-25 18:53:33,93109576525824,Nikhil Yadav,SBI,74508478113612,Deepika Menon,HDFC,16591,IMPS,salary
T0000231,2026-04-25 20:21:00,900013807410,Nikhil Kulkarni,AXIS,751195185598,Sanjay Iyer,ICICI,3008,UPI,food
T0000582,2026-04-25 20:42:48,900013807410,Nikhil Kulkarni,AXIS,34051331503875,Simran Shah,AXIS,18555,IMPS,bill
T0001075,2026-04-25 20:55:43,65927486954424,Vijay Patil,KOTAK,36460355458,Melwyn Nair,KOTAK,16872,UPI,shopping
T0000805,2026-04-25 21:27:00,31141778128,Joseph Chavan,HDFC,165603869662,Simran Kamble,BOB,3221,UPI,shopping
T0000267,2026-04-25 22:25:23,012769073620,Nitin Pawar,AXIS,81623041254967,Joseph Shah,SBI,30140,UPI,
T0001157,2026-04-26 08:26:36,057301262000,Prakash Tiwari,AXIS,774566430878,Karan Tiwari,ICICI,35402,IMPS,
T0000048,2026-04-26 09:02:40,52636956382792,Ganesh Patil,AXIS,37104794793,Tariq Dubey,BOB,23811,NEFT,loan
T0000295,2026-04-26 09:38:05,74508478113612,Deepika Menon,HDFC,26080784998,Shabana More,HDFC,3456,UPI,bill
T0000922,2026-04-26 09:48:05,49069208732489,Melwyn Shah,BOB,36460355458,Melwyn Nair,KOTAK,4015,NEFT,food
T0000468,2026-04-26 10:41:48,165603869662,Simran Kamble,BOB,777625659668,Melwyn Kaur,HDFC,4568,NEFT,
T0001238,2026-04-26 10:46:14,35112204147,Zubair Jain,ICICI,039828649643,Shabana Dubey,AXIS,11115,IMPS,food
T0000795,2026-04-26 11:28:51,35112204147,Zubair Jain,ICICI,63660129995,Amit Joshi,SBI,1125,IMPS,loan
T0000874,2026-04-26 12:06:17,31141778128,Joseph Chavan,HDFC,012865108110,Karan Pillai,KOTAK,1804,UPI,food
T0000043,2026-04-26 14:18:02,751195185598,Sanjay Iyer,ICICI,36460355458,Melwyn Nair,KOTAK,39465,IMPS,loan
T0000243,2026-04-26 17:51:39,65142908369,Meena Rodrigues,HDFC,494994551025,Tariq Sharma,KOTAK,38907,UPI,bill
T0000517,2026-04-26 18:55:55,012865108110,Karan Pillai,KOTAK,074347242223,Manoj Pandey,BOB,1470,NEFT,food
T0000511,2026-04-26 19:08:15,480455297373,Meena D'Souza,SBI,697114719267,Vivaan Deshmukh,ICICI,1499,NEFT,bill
T0000326,2026-04-26 19:19:50,65927486954424,Vijay Patil,KOTAK,65763270177250,Peter Kamble,SBI,32581,UPI,shopping
T0000064,2026-04-26 20:22:24,494994551025,Tariq Sharma,KOTAK,94125935585,Umesh Tiwari,KOTAK,672,UPI,salary
T0000767,2026-04-26 21:58:29,154194361524,Francis More,SBI,14019074419368,Sanjay Pathan,AXIS,2316,IMPS,salary
T0000297,2026-04-27 07:28:04,89058180770725,Prakash Sawant,AXIS,63660129995,Amit Joshi,SBI,1060,IMPS,loan
T0000365,2026-04-27 07:38:37,37104794793,Tariq Dubey,BOB,63660129995,Amit Joshi,SBI,513,UPI,food
T0000546,2026-04-27 08:00:00,08219131027,Prakash Joshi,HDFC,76191714926,Sachin Nair,AXIS,20080,UPI,
T0000220,2026-04-27 09:40:27,142793348429,Francis Kaur,BOB,154194361524,Francis More,SBI,4660,NEFT,food
T0000664,2026-04-27 10:58:32,500160303214,Manoj Pillai,KOTAK,057301262000,Prakash Tiwari,AXIS,1508,UPI,rent
T0000773,2026-04-27 11:10:28,26080784998,Shabana More,HDFC,52636956382792,Ganesh Patil,AXIS,2201,UPI,food
T0000112,2026-04-27 12:14:37,850899727502,Simran Kadam,KOTAK,012769073620,Nitin Pawar,AXIS,12728,IMPS,food
T0000945,2026-04-27 14:35:48,24942720935365,Farhan Qureshi,BOB,08219131027,Prakash Joshi,HDFC,21050,NEFT,food
T0001301,2026-04-27 15:14:29,37104794793,Tariq Dubey,BOB,918233276921,Farhan Jain,AXIS,10334,NEFT,loan
T0000119,2026-04-27 15:47:53,154194361524,Francis More,SBI,85500709922653,Lata Kadam,ICICI,18312,IMPS,rent
T0000440,2026-04-27 17:59:23,37385473560588,Manoj Pathan,HDFC,65763270177250,Peter Kamble,SBI,14530,UPI,gift
T0000443,2026-04-27 18:10:57,89058180770725,Prakash Sawant,AXIS,412616498311,Aarav Mhatre,BOB,7863,NEFT,bill
T0000075,2026-04-27 19:36:58,693456768757,Harpreet Memon,KOTAK,65763270177250,Peter Kamble,SBI,1302,UPI,rent
T0000108,2026-04-27 22:41:14,823945661629,Priyanka Jadhav,ICICI,08219131027,Prakash Joshi,HDFC,4082,UPI,food
T0000831,2026-04-28 07:25:33,63735786625989,Anjali Jain,SBI,802540435528,Kavita Menon,ICICI,3964,UPI,bill
T0000082,2026-04-28 07:51:46,500160303214,Manoj Pillai,KOTAK,802540435528,Kavita Menon,ICICI,32458,NEFT,gift
T0000257,2026-04-28 08:03:12,480455297373,Meena D'Souza,SBI,52754957354,Rahul Salunkhe,BOB,1753,IMPS,shopping
T0000796,2026-04-28 11:50:15,08219131027,Prakash Joshi,HDFC,94125935585,Umesh Tiwari,KOTAK,3378,UPI,rent
T0001216,2026-04-28 12:38:46,598626866231,Rohan Mishra,HDFC,93109576525824,Nikhil Yadav,SBI,4042,UPI,loan
T0001106,2026-04-28 16:46:06,34051331503875,Simran Shah,AXIS,900013807410,Nikhil Kulkarni,AXIS,694,UPI,loan
T0000845,2026-04-28 17:13:12,774566430878,Karan Tiwari,ICICI,057301262000,Prakash Tiwari,AXIS,14822,NEFT,
T0001335,2026-04-28 18:38:20,802540435528,Kavita Menon,ICICI,86017293030,Usha Ansari,KOTAK,2105,NEFT,rent
T0001079,2026-04-28 20:37:12,31141778128,Joseph Chavan,HDFC,26080784998,Shabana More,HDFC,32057,IMPS,salary
T0000174,2026-04-29 07:34:39,480455297373,Meena D'Souza,SBI,929571000332,Pooja Mishra,HDFC,4951,IMPS,salary
T0000740,2026-04-29 07:50:09,500160303214,Manoj Pillai,KOTAK,02043849865,Mahesh Sawant,SBI,13334,NEFT,gift
T0000527,2026-04-29 07:53:28,81623041254967,Joseph Shah,SBI,24942720935365,Farhan Qureshi,BOB,4816,IMPS,salary
T0000980,2026-04-29 08:22:35,161549554077,Ganesh Kaur,AXIS,37385473560588,Manoj Pathan,HDFC,20368,UPI,food
T0000478,2026-04-29 09:31:21,66633413233,Santosh Khan,SBI,26080784998,Shabana More,HDFC,12582,NEFT,rent
T0001376,2026-04-29 10:44:44,161549554077,Ganesh Kaur,AXIS,34051331503875,Simran Shah,AXIS,15452,NEFT,shopping
T0001260,2026-04-29 10:54:45,85500709922653,Lata Kadam,ICICI,774566430878,Karan Tiwari,ICICI,4778,UPI,rent
T0000717,2026-04-29 11:23:26,480455297373,Meena D'Souza,SBI,34051331503875,Simran Shah,AXIS,3055,UPI,loan
T0000463,2026-04-29 11:48:44,89058180770725,Prakash Sawant,AXIS,97696240122,Tariq Kulkarni,AXIS,1024,UPI,rent
T0000771,2026-04-29 11:50:46,165603869662,Simran Kamble,BOB,328768438416,Francis Mhatre,SBI,3204,UPI,salary
T0000153,2026-04-29 12:49:06,142793348429,Francis Kaur,BOB,074347242223,Manoj Pandey,BOB,12806,UPI,rent
T0000410,2026-04-29 13:38:56,65763270177250,Peter Kamble,SBI,693456768757,Harpreet Memon,KOTAK,3729,UPI,gift
T0001325,2026-04-29 17:19:27,598626866231,Rohan Mishra,HDFC,074347242223,Manoj Pandey,BOB,2375,UPI,food
T0000432,2026-04-29 17:56:11,480455297373,Meena D'Souza,SBI,823945661629,Priyanka Jadhav,ICICI,724,UPI,
T0000782,2026-04-29 19:31:31,65927486954424,Vijay Patil,KOTAK,97696240122,Tariq Kulkarni,AXIS,3069,UPI,shopping
